caderno,nota,linha,ref,lado,tipo_fonte,transcrita,acao,descricao,contexto_outro_lado,hash
caderno1 (html),01.1 - Obj.,,image (36).png,verso,?,não,deduzir pelo comentário; redesenhar só se passar no teste do quadro-negro,,"C/E (2012) - Sabendo-se que a função de serviços administrativos de determinado órgão público exije um computador para cada funcionário, conclui-se que as isoquantas entre esses dois insumos são formadas por linhas retas",da44ef8a2519d628dec9aec5a671f96c
caderno1 (html),01.1 - Obj.,,00020.jpeg,verso,?,não,deduzir pelo comentário; redesenhar só se passar no teste do quadro-negro,,"C/E (2012) - Sabendo-se que a função de serviços administrativos de determinado órgão público exije um computador para cada funcionário, conclui-se que as isoquantas entre esses dois insumos são formadas por linhas retas",866c6c8c82072c15c551a0e1c05b20a2
caderno1 (html),01.1 - Obj.,,image (30).png,verso,?,não,deduzir pelo comentário; redesenhar só se passar no teste do quadro-negro,,"C/E (2012) - Suponha que o aumento substancial dos preços cobrados para o estacionamento de veículos nas grandes cidades eleve a quantidade demandada de corridas de táxi nesses locais. Dessa forma, conclui-se que esse au",06124792ed2c659c5b6f6bed0992916e
caderno1 (html),01.1 - Obj.,,image (31).png,verso,?,não,deduzir pelo comentário; redesenhar só se passar no teste do quadro-negro,,"C/E (2012) - Suponha que o aumento substancial dos preços cobrados para o estacionamento de veículos nas grandes cidades eleve a quantidade demandada de corridas de táxi nesses locais. Dessa forma, conclui-se que esse au",0cf6d4ceca6b3f4f896e108f5a2c0569
caderno1 (html),01.1 - Obj.,,image.png,verso,?,não,deduzir pelo comentário; redesenhar só se passar no teste do quadro-negro,,❌ C/E (2012) - Mudanças legislativas que facilitem a entrada de mão de obra estrangeira especializada na área de eletrônica contribuem para deslocar — para baixo e para a direita — a curva de oferta de longo prazo da ind,6f117b7071305917921a84d17a0ee8a0
caderno1 (html),01.1 - Obj.,,image (29).png,verso,?,não,deduzir pelo comentário; redesenhar só se passar no teste do quadro-negro,,❌ C/E (2012) - Mudanças legislativas que facilitem a entrada de mão de obra estrangeira especializada na área de eletrônica contribuem para deslocar — para baixo e para a direita — a curva de oferta de longo prazo da ind,c839a054e108c299190cc9d2c57e6f6a
caderno1 (html),01.1 - Obj.,,00021.jpeg,verso,?,não,deduzir pelo comentário; redesenhar só se passar no teste do quadro-negro,,"❌ C/E (2010) - A fixação de um preço mínimo para determinado produto agrícola resulta em excedentes agrícolas, que serão tanto mais elevados quanto mais inelástica for a curva de oferta de mercado do produto beneficiado ",caad357dae7a202314eb1de50bf7726a
caderno1 (html),01.1 - Obj.,,image (35).png,verso,?,não,deduzir pelo comentário; redesenhar só se passar no teste do quadro-negro,,"❌ C/E (2010) - A fixação de um preço mínimo para determinado produto agrícola resulta em excedentes agrícolas, que serão tanto mais elevados quanto mais inelástica for a curva de oferta de mercado do produto beneficiado ",9dafa5c32533c64ac74f6cf9a4cafafb
caderno1 (html),01.1 - Obj.,,image (34).png,verso,?,não,deduzir pelo comentário; redesenhar só se passar no teste do quadro-negro,,"C/E (2010) - Supondo-se que, no Brasil, o uso de transporte coletivo seja um bem inferior, conclui-se que o efeito renda decorrente do aumento do preço das passagens de ônibus contribui para reforçar o efeito substituiçã",a9bef9e8a50fb98f0182ec7db7cc9174
caderno1 (html),01.1 - Obj.,,image (33).png,verso,?,não,deduzir pelo comentário; redesenhar só se passar no teste do quadro-negro,,"C/E (2010) - Supondo-se que, no Brasil, o uso de transporte coletivo seja um bem inferior, conclui-se que o efeito renda decorrente do aumento do preço das passagens de ônibus contribui para reforçar o efeito substituiçã",292166e0f52a6cf435b79244a20bbb2e
caderno1 (html),01.1 - Obj.,,image (37).png,verso,?,não,deduzir pelo comentário; redesenhar só se passar no teste do quadro-negro,,"C/E (2010) - Supondo-se que, no Brasil, o uso de transporte coletivo seja um bem inferior, conclui-se que o efeito renda decorrente do aumento do preço das passagens de ônibus contribui para reforçar o efeito substituiçã",0cb5ee946a9b412e1a40cadf1fe4109e
caderno1 (html),01.1 - Obj.,,image (6).png,verso,?,não,deduzir pelo comentário; redesenhar só se passar no teste do quadro-negro,,C/E (Questões - Daniel - Economia CACD - Telegram) Questão 30 O bem de Giffen é um tipo de bem muito específico na economia. A sua existência é estudada pela microeconomia. É um tipo de bem no qual a demanda aumenta quan,062d1ee4ab66532c17279276848ce531
caderno1 (html),01.1 - Obj.,,image (5).png,verso,?,não,deduzir pelo comentário; redesenhar só se passar no teste do quadro-negro,,"❌ C/E (TPS 2003) A recente retomada econômica nos Estados Unidos da América (EUA) contribuiu para reduzir os níveis de desemprego naquele país. Como consequência, a curva de possibilidades de produção da economia america",556470ec99587fd33b8e16508e2018e5
caderno1 (html),01.1 - Obj.,,image (20).png,verso,?,não,deduzir pelo comentário; redesenhar só se passar no teste do quadro-negro,,"❌ C/E (TPS 2003) A recente retomada econômica nos Estados Unidos da América (EUA) contribuiu para reduzir os níveis de desemprego naquele país. Como consequência, a curva de possibilidades de produção da economia america",80679a0a52b523c0f8a86c20c261f944
caderno1 (html),01.1 - Obj.,,image (4).png,frente,?,não,REENVIAR imagem (frente só com imagem: enunciado ilegível),,"CERTO O enunciado apresenta uma informação como um FATO INQUESTIONÁVEL: há uma relação positiva entre criminalidade e gastos com o consumo de drogas A demanda por drogas é preço-inelástica: ou seja, mesmo se aumentar o p",580ef9a55b3903ccf1a128070c11802c
caderno1 (html),01.1 - Obj.,,image (3).png,verso,?,não,deduzir pelo comentário; redesenhar só se passar no teste do quadro-negro,,❌ C/E,f3822cd4107a0ca7b7e671619d6dae0b
caderno1 (html),01.1 - Obj.,,image (1).png,verso,?,não,deduzir pelo comentário; redesenhar só se passar no teste do quadro-negro,,❌ C/E,c004fcc6b459bf2f0dd2994b39a14968
caderno1 (html),01.1 - Obj.,,image (2).png,verso,?,não,deduzir pelo comentário; redesenhar só se passar no teste do quadro-negro,,❌ C/E,5ac93e7f8ab184ee97be738918cc5ce7
caderno1 (html),01.1 - Obj.,,image (8).png,verso,?,não,deduzir pelo comentário; redesenhar só se passar no teste do quadro-negro,,"C/E (TPS 2003) O pacote recente do governo brasileiro que injetou crédito de R$ 400 milhões para a compra de eletrodomésticos deslocará a curva de demanda de eletroeletrônicos para cima e para a direita, e a curva de ofe",532cb81340dd2e95aff988fb8d857db6
caderno1 (html),01.1 - Obj.,,image (26).png,verso,?,não,deduzir pelo comentário; redesenhar só se passar no teste do quadro-negro,,"C/E (TPS 2003) O pacote recente do governo brasileiro que injetou crédito de R$ 400 milhões para a compra de eletrodomésticos deslocará a curva de demanda de eletroeletrônicos para cima e para a direita, e a curva de ofe",b499f085a9f9f50b7045758498fb5ef9
caderno1 (html),01.1 - Obj.,,image (10).png,verso,?,não,deduzir pelo comentário; redesenhar só se passar no teste do quadro-negro,,"C/E (TPS 2004) A comercialização dos bilhetes das companhias aéreas, realizadas por via eletrônica, ao reduzir os custos dessas empresas, desloca, para baixo e para direita, a curva de oferta de passagens aéreas.",23f49c2f215278350890ee65931928e2
caderno1 (html),01.1 - Obj.,,image (28).png,verso,?,não,deduzir pelo comentário; redesenhar só se passar no teste do quadro-negro,,"C/E (TPS 2004) A comercialização dos bilhetes das companhias aéreas, realizadas por via eletrônica, ao reduzir os custos dessas empresas, desloca, para baixo e para direita, a curva de oferta de passagens aéreas.",8b23eaab96ad5a1f9f7acfecbe96a500
caderno1 (html),01.1 - Obj.,,image (9).png,frente,?,não,REENVIAR imagem (frente só com imagem: enunciado ilegível),,"ASSERTIVA 1 - FALSO Levaria a uma retração da demanda. O contrário do que é afirmado. ASSERTIVA 2 - FALSO Ocorrerá a expansão da oferta doméstica, e o preço vai cair. A demanda continua a mesma.",9787d721f82f03c838c1c719210a8bb0
caderno1 (html),01.1 - Obj.,,image (7).png,verso,?,não,deduzir pelo comentário; redesenhar só se passar no teste do quadro-negro,,C/E - Rodrigo Teixeira - Aula 1,409d7175adafff34961cd4d669005ae4
caderno1 (html),01.1 - Obj.,,image (12).png,verso,?,não,deduzir pelo comentário; redesenhar só se passar no teste do quadro-negro,,C/E - Rodrigo Teixeira - Aula 1,7bedfddce2fd31a42b482117686a1ea8
caderno1 (html),01.1 - Obj.,,image (16).png,frente,?,não,REENVIAR imagem (frente só com imagem: enunciado ilegível),,CORRETO Diminui a renda do país (recessão) > diminui a demanda > diminui o preço,7e8ee163a6d35458382f2e51e9888e28
caderno1 (html),01.1 - Obj.,,image (11).png,frente,?,não,REENVIAR imagem (frente só com imagem: enunciado ilegível),,CORRETO Expande a oferta > o preço cai > o governo tem q comprar pra manter a demanda,8910b0a2fefbaff1561654866338fb29
caderno1 (html),01.1 - Obj.,,image (21).png,frente,?,não,REENVIAR imagem (frente só com imagem: enunciado ilegível),,"LETRA A No equilíbrio de mercado, as curvas de oferta e demanda se interceptam. Algebricamente, a condição de estabelece da segiunte maneira: Qd = Qo 10 - 3p = 5 + 2p 5p = 5 P = 1 GABARITO: LETRA A",35c61be06a201c80f2448bb2df3b3cad
caderno1 (html),01.1 - Obj.,,image (14).png,verso,?,não,deduzir pelo comentário; redesenhar só se passar no teste do quadro-negro,,C/E - Rodrigo Teixeira - Aula 2,743275cb2286a7b1ef91aa82271dd528
caderno1 (html),01.1 - Obj.,,image (15).png,frente,?,não,REENVIAR imagem (frente só com imagem: enunciado ilegível),,,a88be14c432d69ae746a8a3a33a86c21
caderno1 (html),01.1 - Obj.,,image (13).png,verso,?,não,deduzir pelo comentário; redesenhar só se passar no teste do quadro-negro,,C/E - Rodrigo Teixeira - Aula 2,ec53f476cd51f4b74af476d8b8fe9175
caderno1 (html),01.1 - Obj.,,image (17).png,verso,?,não,deduzir pelo comentário; redesenhar só se passar no teste do quadro-negro,,"C/E - 2023 O mercado doméstico de um bem internacionalmente comercializado é descrito por curvas de demanda e oferta inversas dadas, respectivamente, por, P = 100 - 5 Q e P = 10 + 4 Q . O governo do país avalia diversas ",b644b667350e90a9ab9c89b38211da34
caderno1 (html),01.1 - Obj.,,image (18).png,verso,?,não,deduzir pelo comentário; redesenhar só se passar no teste do quadro-negro,,"C/E - 2023 O mercado doméstico de um bem internacionalmente comercializado é descrito por curvas de demanda e oferta inversas dadas, respectivamente, por, P = 100 - 5 Q e P = 10 + 4 Q . O governo do país avalia diversas ",7138f9e83710e41eae3128c930cbde52
caderno1 (html),01.1 - Obj.,,image (22).png,verso,?,não,deduzir pelo comentário; redesenhar só se passar no teste do quadro-negro,,"C/E - 2023 O mercado doméstico de um bem internacionalmente comercializado é descrito por curvas de demanda e oferta inversas dadas, respectivamente, por, P = 100 - 5 Q e P = 10 + 4 Q . O governo do país avalia diversas ",3fbde846253c8e246d59540a114f5737
caderno1 (html),01.1 - Obj.,,image (19).png,verso,?,não,deduzir pelo comentário; redesenhar só se passar no teste do quadro-negro,,"C/E - 2023 O mercado doméstico de um bem internacionalmente comercializado é descrito por curvas de demanda e oferta inversas dadas, respectivamente, por, P = 100 - 5 Q e P = 10 + 4 Q . O governo do país avalia diversas ",536e13ffed5a10f8ef23229bea9f200f
caderno1 (html),01.1 - Obj.,,image (17).png,verso,?,não,deduzir pelo comentário; redesenhar só se passar no teste do quadro-negro,,"C/E - 2023 O mercado doméstico de um bem internacionalmente comercializado é descrito por curvas de demanda e oferta inversas dadas, respectivamente, por, P = 100 - 5 Q e P = 10 + 4 Q . O governo do país avalia diversas ",b644b667350e90a9ab9c89b38211da34
caderno1 (html),01.1 - Obj.,,image (18).png,verso,?,não,deduzir pelo comentário; redesenhar só se passar no teste do quadro-negro,,"C/E - 2023 O mercado doméstico de um bem internacionalmente comercializado é descrito por curvas de demanda e oferta inversas dadas, respectivamente, por, P = 100 - 5 Q e P = 10 + 4 Q . O governo do país avalia diversas ",7138f9e83710e41eae3128c930cbde52
caderno1 (html),01.1 - Obj.,,image (22).png,verso,?,não,deduzir pelo comentário; redesenhar só se passar no teste do quadro-negro,,"C/E - 2023 O mercado doméstico de um bem internacionalmente comercializado é descrito por curvas de demanda e oferta inversas dadas, respectivamente, por, P = 100 - 5 Q e P = 10 + 4 Q . O governo do país avalia diversas ",3fbde846253c8e246d59540a114f5737
caderno1 (html),01.1 - Obj.,,image (19).png,verso,?,não,deduzir pelo comentário; redesenhar só se passar no teste do quadro-negro,,"C/E - 2023 O mercado doméstico de um bem internacionalmente comercializado é descrito por curvas de demanda e oferta inversas dadas, respectivamente, por, P = 100 - 5 Q e P = 10 + 4 Q . O governo do país avalia diversas ",536e13ffed5a10f8ef23229bea9f200f
caderno1 (html),01.1 - Obj.,,image (23).png,verso,?,não,deduzir pelo comentário; redesenhar só se passar no teste do quadro-negro,,"C/E - 2023 Quanto maior a tarifa imposta, maior a tendência de perda de eficiência e maior o ganho de excedente do consumidor verificado.",1fe22c54beb302dffe4364e717dd2a45
caderno1 (html),01.1 - Obj.,,image (25).png,verso,?,não,deduzir pelo comentário; redesenhar só se passar no teste do quadro-negro,,"❌ C/E (TPS 2004) A redução do imposto sobre operações financeiras (IOF), ao incentivar a poupança, contribui para deslocar, para cima e para a direita, a fronteira de possibilidades de produção da economia.",6a3670e2c6a6aed0e32ef4ff5f8182da
caderno1 (html),01.1 - Obj.,,image (24).png,verso,?,não,deduzir pelo comentário; redesenhar só se passar no teste do quadro-negro,,"❌ C/E (TPS 2004) A redução do imposto sobre operações financeiras (IOF), ao incentivar a poupança, contribui para deslocar, para cima e para a direita, a fronteira de possibilidades de produção da economia.",72b73f225854adb4ec6d1ea38025af63
caderno1 (html),01.1 - Obj.,,image (32).png,verso,?,não,deduzir pelo comentário; redesenhar só se passar no teste do quadro-negro,,"(TPS 2004) O recrudescimento, na Ásia, da gripe do frango, conhecida cientificamente como influenza aviária, abre novos mercados para o produto brasileiro e desloca, para cima e para a direita, a curva de demanda por car",f8bc5211e5b404e98a2eaa583b68c488
caderno1 (html),01.1 - Obj.,,image (27).png,verso,?,não,deduzir pelo comentário; redesenhar só se passar no teste do quadro-negro,,"(TPS 2004) O recrudescimento, na Ásia, da gripe do frango, conhecida cientificamente como influenza aviária, abre novos mercados para o produto brasileiro e desloca, para cima e para a direita, a curva de demanda por car",8eb4739bd2b2a8afb394df7011dee703
caderno1 (html),01.1 - Obj.,,Untitled (4).jpeg,verso,?,não,deduzir pelo comentário; redesenhar só se passar no teste do quadro-negro,,"Uma campanha midiática anuncia as vantagens de um determinado bem normal X. É de se esperar que o volume de negócios de curto prazo no mercado aumente porque haverá um deslocamento, para a direita, da curva de demanda.",dfebc806dd5a221f03f06aa0c7751789
caderno1 (html),01.1 - Obj.,,Untitled (3).jpeg,verso,?,não,deduzir pelo comentário; redesenhar só se passar no teste do quadro-negro,,A mudança no preço das bicicletas não levará a um deslocamento da curva de demanda por elas.,d38862c40f41b3afb142ce56cd1a5b6c
caderno1 (html),01.1 - Obj.,,Untitled (1).jpeg,verso,?,não,deduzir pelo comentário; redesenhar só se passar no teste do quadro-negro,,"De acordo com a lei da demanda, existe uma relação positiva entre quantidade demanda e preço.",6003fc321f292379786a2c28f9b9dcd6
caderno1 (html),01.1 - Obj.,,Untitled (10).jpeg,verso,?,não,deduzir pelo comentário; redesenhar só se passar no teste do quadro-negro,,"De acordo com a lei da demanda, existe uma relação negativa entre quantidade demandada e preço.",f1ad59e9dacc9b2a25e85876cf8f7b94
caderno1 (html),01.1 - Obj.,,Untitled (2).jpeg,verso,?,não,deduzir pelo comentário; redesenhar só se passar no teste do quadro-negro,,"Um acontecimento que reduza a quantidade ofertada desloca a curva de oferta para a esquerda, ocasionando a elevação do preço de equilíbrio e da quantidade de equilíbrio.",8cd45002a64cff018259c45aecddca70
caderno1 (html),01.1 - Obj.,,Untitled (7).jpeg,verso,?,não,deduzir pelo comentário; redesenhar só se passar no teste do quadro-negro,,Substitutos são bens que atendem à mesma necessidade; o aumento do preço de um eleva a demanda do outro.,af52076267c4fd87f9c2787d9e6c9df4
caderno1 (html),01.1 - Obj.,,Untitled (6).jpeg,verso,?,não,deduzir pelo comentário; redesenhar só se passar no teste do quadro-negro,,Bens inferiores são aqueles cuja demanda cai quando a renda aumenta.,cf7589e1f7a4b3686819fc988502117c
caderno1 (html),01.1 - Obj.,,Untitled (8).jpeg,verso,?,não,deduzir pelo comentário; redesenhar só se passar no teste do quadro-negro,,Bens inferiores são aqueles cuja demanda cai quando a renda aumenta.,4d2543675d804cc161d91fc3e18f2f98
caderno1 (html),01.1 - Obj.,,Untitled (5).jpeg,verso,?,não,deduzir pelo comentário; redesenhar só se passar no teste do quadro-negro,,"Uma queda em ambos – preço e quantidade – é devido à queda da demanda, com a oferta constante.",9a16f95faa44f0dea50db9e1188d52be
caderno1 (html),01.1 - Obj.,,Untitled (9).jpeg,verso,?,não,deduzir pelo comentário; redesenhar só se passar no teste do quadro-negro,,"Um aumento do gasto com propaganda e marketing tende a deslocar a curva de demanda para a direita, aumentando a demanda do bem.",8e89dac50bdfd6698f0646d7230913e5
caderno1 (html),01.1 - Obj.,,Untitled.jpeg,verso,?,não,deduzir pelo comentário; redesenhar só se passar no teste do quadro-negro,,"A demanda (ou procura) representa aquilo que o consumidor deseja adquirir, o que significa que ele vai necessariamente adquirir/consumir.",5a34250b8f2b5fd9af2cf26e1ef9c5ed
caderno1 (html),01.1 - Obj.,,Untitled (14).jpeg,verso,?,não,deduzir pelo comentário; redesenhar só se passar no teste do quadro-negro,,"A curva de demanda tem inclinação negativa, demonstrando que os consumidores estão dispostos a comprar mais a um preço mais baixo, à medida que o produto se torna relativamente mais barato e a renda real do consumidor au",ad79e5c20104137898c9eb7999bd4e0c
caderno1 (html),01.1 - Obj.,,Untitled (12).jpeg,verso,?,não,deduzir pelo comentário; redesenhar só se passar no teste do quadro-negro,,"Bem de Giffen é o bem para o qual a curva de demanda sobe da esquerda para a direita. A quantidade demandada pode variar na mesma direção da variação dos preços, e é isso que ocasiona uma inclinação ascendente na curva d",d4d29d96ca0805c9af1728230b29ceb8
caderno1 (html),01.1 - Obj.,,Untitled (11).jpeg,verso,?,não,deduzir pelo comentário; redesenhar só se passar no teste do quadro-negro,,A redução da demanda de um bem quando ocorre a redução do preço de um outro bem pode indicar que eles são complementares.,e21dd13728cd59dc2c68b8c97c7bd173
caderno1 (html),01.1 - Obj.,,Untitled (13).jpeg,verso,?,não,deduzir pelo comentário; redesenhar só se passar no teste do quadro-negro,,O deslocamento para a esquerda da curva de oferta de um bem pode ser ocasionado por um aumento da tributação indireta.,17cea6ec2fa413d50fc0d15c77a87ab2
caderno1 (html),02.1 - Obj.,,531877-0cbcc8a3-7b69-44d7-b4c1-5f15167b597e.png,verso,?,não,deduzir pelo comentário; redesenhar só se passar no teste do quadro-negro,,C/E (2017) - Um bem de Giffen é um bem com elasticidade-renda da demanda maior que 1. ,93a3d70869616f9c5f0c2e85e7a2ed07
caderno1 (html),02.1 - Obj.,,531877-b875050b-cddb-4155-a4e9-77088e496fae.png,verso,?,não,deduzir pelo comentário; redesenhar só se passar no teste do quadro-negro,,C/E (2017) - Um bem de Giffen é um bem com elasticidade-renda da demanda maior que 1. ,5f6e739de67f46aa6d774a20278bfa53
caderno1 (html),02.1 - Obj.,,image (47).png,verso,?,não,deduzir pelo comentário; redesenhar só se passar no teste do quadro-negro,,"C/E (2017) - Se a oferta de um bem tiver elasticidade zero em relação ao preço, a demanda determinará unicamente o preço de equilíbrio da transação.",4218fdb10fc2a50a7e6b032485320db4
caderno1 (html),02.1 - Obj.,,image (48).png,verso,?,não,deduzir pelo comentário; redesenhar só se passar no teste do quadro-negro,,"C/E (2017) - Se a oferta de um bem tiver elasticidade zero em relação ao preço, a demanda determinará unicamente o preço de equilíbrio da transação.",be8a2dbb0ffdeef6918659a863c254be
caderno1 (html),02.1 - Obj.,,1edabab1-7344-4b7b-ae78-ee575825b656,verso,?,não,deduzir pelo comentário; redesenhar só se passar no teste do quadro-negro,,"❌ C/E (2022) - Tributos mais altos em bens que causam vício, como cigarros e bebidas alcoólicas, têm a quase-totalidade de seu efeito sobre o bem-estar do consumidor.",7afc79298ed9bf81bc1774747358e298
caderno1 (html),02.1 - Obj.,,image (38).png,verso,?,não,deduzir pelo comentário; redesenhar só se passar no teste do quadro-negro,,"C/E (Questões - Daniel - Economia CACD - Telegram) Questão 19 Quando a demanda por um bem é inelástica, um aumento de preço leva a uma diminuição proporcionalmente menor da quantidade demandada. Diante disso, a Receita T",f0777627f2694261273a455fe76a70dc
caderno1 (html),02.1 - Obj.,,image (40).png,verso,?,não,deduzir pelo comentário; redesenhar só se passar no teste do quadro-negro,,"C/E (Questões - Daniel - Economia CACD - Telegram) Questão 25 O ônus de um imposto recai mais intensamente no lado do mercado que é mais elástico. Quando a demanda é elástica, um aumento de preço leva a uma diminuição pr",2f47bba2ae1a639bf100533fc5920b6a
caderno1 (html),02.1 - Obj.,,image (42).png,verso,?,não,deduzir pelo comentário; redesenhar só se passar no teste do quadro-negro,,"C/E - 2023 ... considerando que a questão se limita a mercados de concorrência perfeita, julgue (C ou E) o item a seguir. Um aumento no imposto sobre o consumo de um bem com demanda perfeitamente preço-elástica e oferta ",0b2df555e3249566ebc41165905fad37
caderno1 (html),02.1 - Obj.,,image (44).png,verso,?,não,deduzir pelo comentário; redesenhar só se passar no teste do quadro-negro,,"C/E - 2023 ... considerando que a questão se limita a mercados de concorrência perfeita, julgue (C ou E) o item a seguir. Um aumento no imposto sobre o consumo de um bem cuja demanda e oferta tenham elasticidades unitári",cdc285b27693fe87246d06422a0e4445
caderno1 (html),02.1 - Obj.,,image (45).png,verso,?,não,deduzir pelo comentário; redesenhar só se passar no teste do quadro-negro,,"C/E - 2023 ... considerando que a questão se limita a mercados de concorrência perfeita, julgue (C ou E) o item a seguir. Um aumento no imposto sobre o consumo de um bem cuja demanda e oferta tenham elasticidades unitári",02bb11f5629f96563cbb63cfcc161038
caderno1 (html),02.1 - Obj.,,image (39).png,verso,?,não,deduzir pelo comentário; redesenhar só se passar no teste do quadro-negro,,"C/E - 2023 ... considerando que a questão se limita a mercados de concorrência perfeita, julgue (C ou E) o item a seguir. Um imposto sobre o consumo de produtos viciantes tem redução pequena no bem-estar dos consumidores",93f2f8b8d703afea3aaba75ab09d06bc
caderno1 (html),02.1 - Obj.,,image (46).png,verso,?,não,deduzir pelo comentário; redesenhar só se passar no teste do quadro-negro,,"C/E - 2023 ... considerando que a questão se limita a mercados de concorrência perfeita, julgue (C ou E) o item a seguir. Um imposto sobre o consumo de produtos viciantes tem redução pequena no bem-estar dos consumidores",592011eecaf9a4c210dae0acc9a47b2e
caderno1 (html),02.1 - Obj.,,image (43).png,verso,?,não,deduzir pelo comentário; redesenhar só se passar no teste do quadro-negro,,"C/E - 2023 ... considerando que a questão se limita a mercados de concorrência perfeita, julgue (C ou E) o item a seguir. Uma redução no imposto sobre o consumo de um bem com demanda preço-inelástica e oferta preço-elást",b68eaacc849b7b4d6784d8ece1239089
caderno1 (html),02.1 - Obj.,,image (41).png,verso,?,não,deduzir pelo comentário; redesenhar só se passar no teste do quadro-negro,,"C/E - 2023 ... considerando que a questão se limita a mercados de concorrência perfeita, julgue (C ou E) o item a seguir. Uma redução no imposto sobre o consumo de um bem com demanda preço-inelástica e oferta preço-elást",c8735fcc4783b8447cbec8ed3d339efc
caderno1 (html),02.1 - Obj.,,Untitled (17).jpeg,verso,?,não,deduzir pelo comentário; redesenhar só se passar no teste do quadro-negro,,A elasticidade será perfeita quando for igual a zero.,f29b4aed3f02dda1c3fb636da91e1a18
caderno1 (html),02.1 - Obj.,,Untitled (20).jpeg,verso,?,não,deduzir pelo comentário; redesenhar só se passar no teste do quadro-negro,,As alterações no ponto da curva de demanda não alteram a elasticidade-preço.,a222dfc1e693ebc34a0654d396fffc65
caderno1 (html),02.1 - Obj.,,Untitled (16).jpeg,verso,?,não,deduzir pelo comentário; redesenhar só se passar no teste do quadro-negro,,"Considerando uma curva de demanda na forma Q = a – bP, é correto afirmar que a elasticidade preço não é a mesma para todos os pontos.",5f8462e3b3758278e0c6140d782309f1
caderno1 (html),02.1 - Obj.,,Untitled (17).jpeg,verso,?,não,deduzir pelo comentário; redesenhar só se passar no teste do quadro-negro,,A demanda de um produto será perfeitamente elástica se sua elasticidade-preço for igual a zero.,f29b4aed3f02dda1c3fb636da91e1a18
caderno1 (html),02.1 - Obj.,,Untitled (19).jpeg,verso,?,não,deduzir pelo comentário; redesenhar só se passar no teste do quadro-negro,,Elasticidade-preço cruzada da demanda é a variação proporcional na quantidade demandada de um dado bem dividida pela variação proporcional no preço de outro bem.,8402f03a2abc665392cb61caccdd0bb0
caderno1 (html),02.1 - Obj.,,Untitled (22).jpeg,verso,?,não,deduzir pelo comentário; redesenhar só se passar no teste do quadro-negro,,Elasticidade-preço cruzada da demanda é a variação proporcional na quantidade demandada de um dado bem dividida pela variação proporcional no preço de outro bem.,d0cee19d08951a362fc850427dba9be6
caderno1 (html),02.1 - Obj.,,Untitled (21).jpeg,verso,?,não,deduzir pelo comentário; redesenhar só se passar no teste do quadro-negro,,"A elasticidade-renda da demanda pode ser positiva, nula ou negativa, ao passo em que a elasticidade-preço da demanda é sempre negativa (fora do módulo) devido à lei geral da demanda.",e3eb3143b4d1d9da5352b70b8edd4636
caderno1 (html),02.1 - Obj.,,Untitled (15).jpeg,verso,?,não,deduzir pelo comentário; redesenhar só se passar no teste do quadro-negro,,"Se o aumento de preço do bem X provocar o aumento da demanda do bem Y, pode-se dizer que esses bens X e Y são complementares.",e21dd13728cd59dc2c68b8c97c7bd173
caderno1 (html),02.1 - Obj.,,Untitled (23).jpeg,verso,?,não,deduzir pelo comentário; redesenhar só se passar no teste do quadro-negro,,"Se a elasticidade preço cruzada entre os bens A e B é positiva, então A e B são substitutos.",125399552128cbd6b1432787b930b126
caderno1 (html),02.1 - Obj.,,Untitled (18).jpeg,verso,?,não,deduzir pelo comentário; redesenhar só se passar no teste do quadro-negro,,"Se a elasticidade preço cruzada entre os bens A e B é negativa, então tais bens são complementares.",730d481f815296533ff8b07dc90d9588
caderno1 (html),02.1 - Obj.,,Untitled (24).jpeg,verso,?,não,deduzir pelo comentário; redesenhar só se passar no teste do quadro-negro,,"Para uma curva de demanda completamente horizontal, os consumidores irão adquirir toda a quantidade disponível a um preço específico.",757571e3b73fc9792e4a14c347b3d135
caderno1 (html),02.1 - Obj.,,Untitled (28).jpeg,verso,?,não,deduzir pelo comentário; redesenhar só se passar no teste do quadro-negro,,"Em uma curva de demanda estritamente vertical, o interesse dos consumidores por um produto permanece constante, independentemente das variações no preço. A demanda é perfeitamente inelástica.",36c26f1a67921831ba251ec5c40aae64
caderno1 (html),02.1 - Obj.,,Untitled (25).jpeg,verso,?,não,deduzir pelo comentário; redesenhar só se passar no teste do quadro-negro,,"Quando a curva de demanda é uma reta, ou seja, linear, há várias elasticidades ao longo dela. ",55ff9e7ef3e65b1e8e8c1d233d0edb5a
caderno1 (html),02.1 - Obj.,,Untitled (26).jpeg,verso,?,não,deduzir pelo comentário; redesenhar só se passar no teste do quadro-negro,,A elasticidade-renda da demanda (ERD) mede como a quantidade demandada responde a alterações do preço.,4bea254d15d50a152dd707687087e265
caderno1 (html),02.1 - Obj.,,Untitled (30).jpeg,verso,?,não,deduzir pelo comentário; redesenhar só se passar no teste do quadro-negro,,A elasticidade-renda da demanda (ERD) mede como a quantidade demandada responde a alterações do preço.,73f03d17a74190a3d6574ad916832657
caderno1 (html),02.1 - Obj.,,Untitled (27).jpeg,verso,?,não,deduzir pelo comentário; redesenhar só se passar no teste do quadro-negro,,A elasticidade-preço da oferta mede a variação percentual da quantidade ofertada de um bem em decorrência de uma variação percentual em seu preço.,2effa30ddf8e5e3e7582c072d36fe6cf
caderno1 (html),02.1 - Obj.,,Untitled (29).jpeg,verso,?,não,deduzir pelo comentário; redesenhar só se passar no teste do quadro-negro,,A elasticidade-preço da oferta mede a variação percentual da quantidade ofertada de um bem em decorrência de uma variação percentual em seu preço.,27ad55dd42566f924b527f93dba3636f
caderno1 (html),03.1 - Obj.,,Untitled (32).jpeg,verso,?,não,deduzir pelo comentário; redesenhar só se passar no teste do quadro-negro,,"Na economia das trocas, a alocação eficiente de Pareto é a situação em que ninguém consegue aumentar o próprio bem-estar sem reduzir o bem-estar de outra pessoa.",4c9639ff5df0245882e0b9e40efad98a
caderno1 (html),03.1 - Obj.,,Untitled (31).jpeg,verso,?,não,deduzir pelo comentário; redesenhar só se passar no teste do quadro-negro,,Uma das hipóteses para que o 2º Teorema do Bem-Estar Social seja válido é que as preferências sejam convexas.,3f919dd2d14536128d1a196096a856a2
caderno1 (html),03.1 - Obj.,,Untitled (36).jpeg,verso,?,não,deduzir pelo comentário; redesenhar só se passar no teste do quadro-negro,,"O ótimo de Pareto é caracterizado por uma ""alocação eficiente"" ou ""Pareto ótima"" se ela está na fronteira de Pareto (caso contrário, ela é ineficiente).",17b0a9e56c247f064730de8bca0290a5
caderno1 (html),03.1 - Obj.,,Untitled (37).jpeg,verso,?,não,deduzir pelo comentário; redesenhar só se passar no teste do quadro-negro,,"Uma característica de um ponto da curva de contrato é que ela pertence ao conjunto de Pareto, independente da dotação inicial.",7153e6e6256d3b06035e8a45b495c132
caderno1 (html),03.1 - Obj.,,Untitled (42).jpeg,verso,?,não,deduzir pelo comentário; redesenhar só se passar no teste do quadro-negro,,O primeiro teorema do Bem-Estar determina que todo equilíbrio de mercado competitivo é eficiente no sentido de Pareto.,a4dd0fd00d49e6d224164ddbf9896e08
caderno1 (html),03.1 - Obj.,,Untitled (33).jpeg,verso,?,não,deduzir pelo comentário; redesenhar só se passar no teste do quadro-negro,,"Com a eficiência de Pareto não há como melhorar o bem-estar de ambos os indivíduos: se melhorar a condição de um, será à custa do outro.",41f644e8cda70e9bf1d2f3477c865ed6
caderno1 (html),03.1 - Obj.,,Untitled (47).jpeg,verso,?,não,deduzir pelo comentário; redesenhar só se passar no teste do quadro-negro,,"O Primeiro Teorema do Bem-Estar explica que, em um mercado onde todos competem justamente, as trocas que beneficiam ambas as partes vão acontecer até não ser possível fazer mais nenhuma troca vantajosa. ",736b78ef55c2bdc8975a555d5e652eaf
caderno1 (html),03.1 - Obj.,,Untitled (34).jpeg,verso,?,não,deduzir pelo comentário; redesenhar só se passar no teste do quadro-negro,,"O Primeiro Teorema do Bem-Estar explica que, em um mercado onde todos competem justamente, as trocas que beneficiam ambas as partes vão acontecer até não ser possível fazer mais nenhuma troca vantajosa. ",53e4caf5b41eb1e411317d5db380ed78
caderno1 (html),03.1 - Obj.,,Untitled (35).jpeg,verso,?,não,deduzir pelo comentário; redesenhar só se passar no teste do quadro-negro,,O Segundo Teorema do Bem-Estar sugere que é possível redistribuir a riqueza de forma a manter o mesmo nível de satisfação geral que havia antes da redistribuição. ,4dcd118b1d276e9771253a1e027b675f
caderno1 (html),03.1 - Obj.,,Untitled (43).jpeg,verso,?,não,deduzir pelo comentário; redesenhar só se passar no teste do quadro-negro,,"O governo decide criar um imposto sobre um determinado produto. Considerando-se a elasticidade com relação ao preço, se a demanda for menos elástica do que a oferta, a carga tributária recairá principalmente sobre os com",a854b2a665022afcc2a49bcd53ca0b66
caderno1 (html),03.1 - Obj.,,Untitled (41).jpeg,verso,?,não,deduzir pelo comentário; redesenhar só se passar no teste do quadro-negro,,"À medida que se aumentam as alíquotas de um imposto sobre as vendas, o peso-morto do produtor diminui.",298a3a03e06901ef289dbb529a903201
caderno1 (html),03.1 - Obj.,,Untitled (40).jpeg,verso,?,não,deduzir pelo comentário; redesenhar só se passar no teste do quadro-negro,,"Quando a oferta de um bem é mais elástica à variação do preço do que a demanda (preço-inelástica), a incidência tributária recai mais pesadamente sobre os produtores do que sobre os consumidores.",3e4010dc75c6c4d02cb334d487d2df79
caderno1 (html),03.1 - Obj.,,Untitled (46).jpeg,verso,?,não,deduzir pelo comentário; redesenhar só se passar no teste do quadro-negro,,"Quando a demanda por um bem é mais elástica à variação do preço do que a oferta (preço-inelástica), a incidência tributária recai mais pesadamente sobre os produtores do que sobre os consumidores.",0427c60897787174ec880217922d85d0
caderno1 (html),03.1 - Obj.,,Untitled (45).jpeg,verso,?,não,deduzir pelo comentário; redesenhar só se passar no teste do quadro-negro,,"Um imposto do tipo lump-sum tax, em que os cidadãos pagam o mesmo montante de imposto independentemente de sua renda, é um imposto que influencia negativamente a eficiência alocativa do setor privado da economia.",91abfee07ec0e8cacc0f4c4e679ee989
caderno1 (html),03.1 - Obj.,,Untitled (38).jpeg,verso,?,não,deduzir pelo comentário; redesenhar só se passar no teste do quadro-negro,,"Nas chamadas excise taxes, o Governo se afasta, deliberadamente, do objetivo de alterar o mínimo possível os preços relativos da economia, por se tratar de consumo de bens considerados nocivos à saúde pública ou de consu",7758b2b335b18cf29b4c4d488cfb3adb
caderno1 (html),03.1 - Obj.,,Untitled (39).jpeg,verso,?,não,deduzir pelo comentário; redesenhar só se passar no teste do quadro-negro,,"Do ponto de vista econômico, impostos eficientes são aqueles que incidem com uma carga maior sobre produtos com demanda ou oferta inelástica. ",62084b2d116543da2c7ec23a5104a350
caderno1 (html),03.1 - Obj.,,Untitled (44).jpeg,verso,?,não,deduzir pelo comentário; redesenhar só se passar no teste do quadro-negro,,"Os impostos desencorajam a atividade do mercado pois quando um bem é tributado, a quantidade vendida desse bem é menor no novo equilíbrio.",2017d1d36592fe6487398ffc7b86f590
caderno1 (html),03.1 - Obj.,,Untitled (48).jpeg,verso,?,não,deduzir pelo comentário; redesenhar só se passar no teste do quadro-negro,,"Quando o governo impõe um imposto sobre os consumidores, a curva de demanda se move para a esquerda e para baixo, indicando uma retração.",b212a3371d6b2d03aa7de669ab8472c7
caderno1 (html),03.1 - Obj.,,Untitled (49).jpeg,verso,?,não,deduzir pelo comentário; redesenhar só se passar no teste do quadro-negro,,Suponha que o governo impõe um imposto específico (por unidade) sobre o produto do monopolista. Esse imposto aumenta o custo marginal de cada unidade produzida.,b26056db4dd1e4d3a03ae46e30bf76fb
caderno1 (html),04.1 - Obj.,,00033.jpeg,verso,?,não,deduzir pelo comentário; redesenhar só se passar no teste do quadro-negro,,"⌚C/E (2018) - Caso as preferências do indivíduo sejam representadas por uma função de utilidade linear, é possível que ele escolha não consumir um dos bens.",f1e4837c62de19d27d3c49f942fad668
caderno1 (html),04.1 - Obj.,,image (62).png,verso,?,não,deduzir pelo comentário; redesenhar só se passar no teste do quadro-negro,,"⌚❌C/E (2018) - Dependendo do formato da curva de indiferença de um consumidor para dois bens, um deslocamento paralelo de sua restrição orçamentária para cima e para a direita poderá provocar queda no consumo de um dos b",388d52959e715177b29b81508761bf28
caderno1 (html),04.1 - Obj.,,00034.jpeg,verso,?,não,deduzir pelo comentário; redesenhar só se passar no teste do quadro-negro,,"⌚❌C/E (2018) - Dependendo do formato da curva de indiferença de um consumidor para dois bens, um deslocamento paralelo de sua restrição orçamentária para cima e para a direita poderá provocar queda no consumo de um dos b",3070e3367780b661767398781c79e161
caderno1 (html),04.1 - Obj.,,image (69).png,verso,?,não,deduzir pelo comentário; redesenhar só se passar no teste do quadro-negro,,"⌚❌C/E (2018) - Dependendo do formato da curva de indiferença de um consumidor para dois bens, um deslocamento paralelo de sua restrição orçamentária para cima e para a direita poderá provocar queda no consumo de um dos b",a09e2f05628a829e67e44d03fb925c85
caderno1 (html),04.1 - Obj.,,image (71).png,verso,?,não,deduzir pelo comentário; redesenhar só se passar no teste do quadro-negro,,"⌚❌C/E (2018) - Dependendo do formato da curva de indiferença de um consumidor para dois bens, um deslocamento paralelo de sua restrição orçamentária para cima e para a direita poderá provocar queda no consumo de um dos b",9dec46581a1523145dd8cc01d89abdaa
caderno1 (html),04.1 - Obj.,,image (68).png,verso,?,não,deduzir pelo comentário; redesenhar só se passar no teste do quadro-negro,,❌ C/E (04/22) - É correto afirmar que a curva de oferta de um bem representa a parcela da curva de custo marginal acima do custo médio total?,7952e9b35385a7f37a647bbce81e1230
caderno1 (html),04.1 - Obj.,,image (64).png,verso,?,não,deduzir pelo comentário; redesenhar só se passar no teste do quadro-negro,,❌ C/E (04/22) - É correto afirmar que a curva de oferta de um bem representa a parcela da curva de custo marginal acima do custo médio total?,6ddcf4b0c0b83d81f0b299ee48eb3ec5
caderno1 (html),04.1 - Obj.,,image (66).png,verso,?,não,deduzir pelo comentário; redesenhar só se passar no teste do quadro-negro,,❌ C/E (04/22) - É correto afirmar que a curva de oferta de um bem representa a parcela da curva de custo marginal acima do custo médio total?,74435f5df0ff1f8c2c484adf24e83e7f
caderno1 (html),04.1 - Obj.,,image (49).png,verso,?,não,deduzir pelo comentário; redesenhar só se passar no teste do quadro-negro,,"C/E (Questões - Daniel - Economia CACD - Telegram) Questão 3 Se dois bens A e B são complementares perfeitos e o preço do bem A cresce, então o Efeito substituição é nulo e o Efeito Total é igual ao Efeito renda.",e6171ab70862ce927b8a657a5157935d
caderno1 (html),04.1 - Obj.,,image (50).png,verso,?,não,deduzir pelo comentário; redesenhar só se passar no teste do quadro-negro,,C/E (Questões - Daniel - Economia CACD - Telegram) Questão 12 O axioma fraco da preferência revelada é um dos critérios que precisa ser satisfeito para garantir que o consumidor seja consistente com suas preferências. Se,7c4102dbb1f08e99dea6174db359bdc7
caderno1 (html),04.1 - Obj.,,image (51).png,verso,?,não,deduzir pelo comentário; redesenhar só se passar no teste do quadro-negro,,"C/E (Questões - Daniel - Economia CACD - Telegram) Questão 53 A preferência do consumidor é representada pela utilidade: De acordo com a teoria do consumidor, as preferências dos consumidores são expressas em termos de u",7c1b4380a73f4e683669570e5763cd65
caderno1 (html),04.1 - Obj.,,image (53).png,verso,?,não,deduzir pelo comentário; redesenhar só se passar no teste do quadro-negro,,"Cespe, Analista Ministerial, MPE/TO, 2006) Se a elasticidade da demanda de serviços jurídicos for unitária, então, um aumento de preços elevará a receita total com esses serviços.",3dd6b56898cafac278d3572dc00ff252
caderno1 (html),04.1 - Obj.,,image (52).png,verso,?,não,deduzir pelo comentário; redesenhar só se passar no teste do quadro-negro,,"(Cespe, Analista Ministerial, MPE/TO, 2006) Na curva de oferta, a relação positiva entre a quantidade ofertada e o preço é consistente com a lei do custo de oportunidade crescente.",029055503a3145814cec20d19ab466ba
caderno1 (html),04.1 - Obj.,,image (54).png,verso,?,não,deduzir pelo comentário; redesenhar só se passar no teste do quadro-negro,,"(CESPE, Prefeitura Rio Branco, 2007) A recente crise de energia na Argentina, por aumentar o preço de insumos básicos para a indústria, gera um deslocamento ao longo da curva de oferta do setor manufatureiro, elevando, a",0eecdcd9dbc7dfbfe53c3ce839df72e8
caderno1 (html),04.1 - Obj.,,image (55).png,verso,?,não,deduzir pelo comentário; redesenhar só se passar no teste do quadro-negro,,"(Cespe, MP/ENAP, Economista – 2015) As curvas de indiferença são côncavas em relação à origem no espaço de bens.",f6e20ca6105b275b99a41865854d60a0
caderno1 (html),04.1 - Obj.,,image (56).png,verso,?,não,deduzir pelo comentário; redesenhar só se passar no teste do quadro-negro,,"(Cespe, TC/RO, ACE, Economia 2013) Curva de indiferença de dois bens substitutos perfeitos é uma reta.",bf612ac4eba1150f04b8bac197606fdb
caderno1 (html),04.1 - Obj.,,image (57).png,verso,?,não,deduzir pelo comentário; redesenhar só se passar no teste do quadro-negro,,"❌ (Cespe, AJ/AL, Analista Judiciário, Economia 2012) Se um indivíduo gosta de um bem e é neutro em relação a outro, então a curva de indiferença será uma linha paralela ao eixo do bem neutro.",b40da1df3a6eaae9c4bf434294d5d67e
caderno1 (html),04.1 - Obj.,,image (58).png,verso,?,não,deduzir pelo comentário; redesenhar só se passar no teste do quadro-negro,,"❌ (Cespe, AJ/AL, Analista Judiciário, Economia 2012) Se um indivíduo gosta de um bem e é neutro em relação a outro, então a curva de indiferença será uma linha paralela ao eixo do bem neutro.",40941f243ccfbbe42fa706f856cad514
caderno1 (html),04.1 - Obj.,,image (63).png,verso,?,não,deduzir pelo comentário; redesenhar só se passar no teste do quadro-negro,,"❌ (Cespe, AJ/AL, Analista Judiciário, Economia 2012) Se um indivíduo gosta de um bem e é neutro em relação a outro, então a curva de indiferença será uma linha paralela ao eixo do bem neutro.",d0b2f198e4f63ffc382d049fe48592ff
caderno1 (html),04.1 - Obj.,,image (65).png,verso,?,não,deduzir pelo comentário; redesenhar só se passar no teste do quadro-negro,,"❌ (Cespe, MP/ENAP, Economista – 2015) Se o consumidor sempre tomar uma xícara de café adoçado com uma colher de açúcar, então as curvas de indiferença do consumidor apresentarão o formato de linhas retas no espaço de ben",c57f3c0be1517c51306bbb58d0ea359d
caderno1 (html),04.1 - Obj.,,image (60).png,verso,?,não,deduzir pelo comentário; redesenhar só se passar no teste do quadro-negro,,"(Cespe, MEC, Analista Administrativo, Economia, 2018) Fronteira de possibilidades de produção consiste de uma construção gráfica que mostra a limitação do potencial produtivo de um país na produção de um par de bens ou s",59d8e1a7b728c4a206956fd728acd1af
caderno1 (html),04.1 - Obj.,,image (59).png,verso,?,não,deduzir pelo comentário; redesenhar só se passar no teste do quadro-negro,,"❌ (Cespe, EBC, 2011) Se um avanço tecnológico no setor de informática implicar deslocamento da fronteira de possibilidades de produção de automóveis e computadores de um país, mais computadores e automóveis serão produzi",f441c2f877a16d4f9401df35f0089cca
caderno1 (html),04.1 - Obj.,,image (67).png,verso,?,não,deduzir pelo comentário; redesenhar só se passar no teste do quadro-negro,,❌ (TPS 2017) Um bem de Giffen é um bem com elasticidade-renda da demanda maior que 1.,9fd7e93c822764f8756183e7dd57c9a2
caderno1 (html),04.1 - Obj.,,image (61).png,frente,?,não,REENVIAR imagem (frente só com imagem: enunciado ilegível),,CERTO É exatamente o axioma da monotonicidade das preferências. 🤌 CERTO NO GABARITO NÃO ALTERADO. ERRADA OU ANULADA NA OPINIÃO DO PROFESSOR A assertiva está mal escrita e poderia ser considerada incompleta ou até mesmo e,b559f100da3d66839f941fa6ece2e24b
caderno1 (html),04.1 - Obj.,,image (70).png,frente,?,não,REENVIAR imagem (frente só com imagem: enunciado ilegível),,CORRETO É o caso dos bens substitutos perfeitos. ❌ CORRETO Descreve-se um aumento na renda. Tal hipótese descrita só será verdadeirea quando se tiver um bem normal junto com um bem inferior. ERRADO Descreveu-se um bem ne,a0be22c2856d02aabdea5dc22f6f0c85
caderno1 (html),04.1 - Obj.,,Untitled (50).jpeg,verso,?,não,deduzir pelo comentário; redesenhar só se passar no teste do quadro-negro,,Na função Walrasiana ou Marshaliana a quantidade demandada é função do preço de um bem e da renda. ,29528ea106eb0b14812f87799b537fc3
caderno1 (html),04.1 - Obj.,,Untitled (51).jpeg,verso,?,não,deduzir pelo comentário; redesenhar só se passar no teste do quadro-negro,,Curva de Engel é a função que relaciona a quantidade de equilíbrio adquirida de um dado bem para um dado nível de renda monetária.,21a7ad327dde6709628b6503157d8113
caderno1 (html),05.1 - Obj.,,image (73).png,verso,?,não,deduzir pelo comentário; redesenhar só se passar no teste do quadro-negro,,"C/E (Questões - Daniel - Economia CACD - Telegram) Questão 40 A taxa marginal de substituição técnica, TMST mede a inclinação da isoquanta. Se os insumos são complementares perfeitos, as isoquantas são lineares.",8f153907e48c8ae49dc22d4f5ed20a6f
caderno1 (html),05.1 - Obj.,,image (74).png,verso,?,não,deduzir pelo comentário; redesenhar só se passar no teste do quadro-negro,,"C/E - Rodrigo Teixeira - Aula 7 Teoria da Firma... Se o custo marginal estiver acima do custo total médio, então este último está diminuindo.",4f6557daf4ed55d930b75994013b9563
caderno1 (html),05.1 - Obj.,,image (75).png,verso,?,não,deduzir pelo comentário; redesenhar só se passar no teste do quadro-negro,,"C/E - Rodrigo Teixeira - Aula 7 Teoria da Firma... Se o custo marginal estiver acima do custo total médio, então este último está diminuindo.",58d3be8a37d36cfe4eb53e1dac1f5806
caderno1 (html),05.1 - Obj.,,image (72).png,verso,?,não,deduzir pelo comentário; redesenhar só se passar no teste do quadro-negro,,C/E - Rodrigo Teixeira - Aula 7 Teoria da Firma... A firma minimiza custos quando a inclinação da curva de isocusto (salário/remuneração do capital) é igual à razão entre os produtos marginais do trabalho e do capital.,e8316ad269dc1712b06b4133df2cec01
caderno1 (html),06.1 - Obj.,,image (76).png,verso,?,não,deduzir pelo comentário; redesenhar só se passar no teste do quadro-negro,,❌ C/E (Questões - Daniel - Economia CACD - Telegram) Questão 8 Uma isoquanta representa todas as possíveis combinações de insumos que resultam no mesmo custo de produção. Sua inclinação descendente pode ser explicada pel,9f23dc6b04aeaaffc1bd5d37b8be62d8
caderno1 (html),07.1 - Obj.,,Untitled.png,verso,?,não,deduzir pelo comentário; redesenhar só se passar no teste do quadro-negro,,"C/E (2014) - Em um mercado em que há muitos produtores e muitos consumidores de tal modo que um produtor isoladamente não pode fixar o preço de seu produto, é a igualdade entre receita e custo marginais que determinará a",f32d21f14591f0351cd45970ee9b1116
caderno1 (html),07.1 - Obj.,,image (78).png,verso,?,não,deduzir pelo comentário; redesenhar só se passar no teste do quadro-negro,,"C/E (2014) - Em um mercado em que há muitos produtores e muitos consumidores de tal modo que um produtor isoladamente não pode fixar o preço de seu produto, é a igualdade entre receita e custo marginais que determinará a",ee02795be1f1a224ecff1a7da040da7d
caderno1 (html),07.1 - Obj.,,image (80).png,verso,?,não,deduzir pelo comentário; redesenhar só se passar no teste do quadro-negro,,"❌ C/E (2014) - Entre as condições que contribuem para impedir a entrada de produtores concorrentes em um mercado monopolista, inclui-se a capacidade do produtor de diferenciar seu produto, criando e mantendo, por exemplo",dea4008ae401c9de8fa550f2dfa60bd1
caderno1 (html),07.1 - Obj.,,image (83).png,verso,?,não,deduzir pelo comentário; redesenhar só se passar no teste do quadro-negro,,"❌ C/E (2014) - Uma das características de um mercado competitivo ou de concorrência perfeita é a homogeneidade do produto, ainda que as marcas acentuem diferenças nas qualidades do produto; nesse caso, os consumidores ir",14a81c796555f57659ef27e26ef6399a
caderno1 (html),07.1 - Obj.,,image (77).png,verso,?,não,deduzir pelo comentário; redesenhar só se passar no teste do quadro-negro,,"⌚❌ C/E (2010) - Se, para determinada empresa, trabalhadores sem qualificação específica e máquinas executam exatamente o mesmo tipo de tarefa, então, para essa empresa, as isoquantas entre esses dois insumos podem ser re",dd9d76a774a98476f6a6d9d1662bcc73
caderno1 (html),07.1 - Obj.,,image (81).png,verso,?,não,deduzir pelo comentário; redesenhar só se passar no teste do quadro-negro,,⌚ C/E (2010) - Políticas de dumping adotadas por empresas que vendem seus produtos nos mercados internacionais a um preço inferior ao praticado no mercado doméstico podem ser consideradas ações próprias de monopolista di,a03844c5908c25b13f8ec67c3914bfab
caderno1 (html),07.1 - Obj.,,image (79).png,verso,?,não,deduzir pelo comentário; redesenhar só se passar no teste do quadro-negro,,⌚ C/E (2010) - Políticas de dumping adotadas por empresas que vendem seus produtos nos mercados internacionais a um preço inferior ao praticado no mercado doméstico podem ser consideradas ações próprias de monopolista di,dfff76b550f8ceb808cf3dd245844d00
caderno1 (html),07.1 - Obj.,,image (82).png,verso,?,não,deduzir pelo comentário; redesenhar só se passar no teste do quadro-negro,,⌚ C/E (2010) - Políticas de dumping adotadas por empresas que vendem seus produtos nos mercados internacionais a um preço inferior ao praticado no mercado doméstico podem ser consideradas ações próprias de monopolista di,9f58bcbdd272040907426d257ee8abea
caderno1 (html),07.1 - Obj.,,image (89).png,verso,?,não,deduzir pelo comentário; redesenhar só se passar no teste do quadro-negro,,C/E - 2023 O monopólio é uma falha de mercado relacionada à quantidade e à dimensão dos agentes do lado da oferta.,21d8fe3ccbb836b4f40b297b22ff9417
caderno1 (html),07.1 - Obj.,,image (88).png,verso,?,não,deduzir pelo comentário; redesenhar só se passar no teste do quadro-negro,,C/E - 2023 O monopólio é uma falha de mercado relacionada à quantidade e à dimensão dos agentes do lado da oferta.,148dad3c02fbe757f00ed4a551b7d7be
caderno1 (html),07.1 - Obj.,,image (86).png,verso,?,não,deduzir pelo comentário; redesenhar só se passar no teste do quadro-negro,,C/E - 2023 O monopólio é uma falha de mercado relacionada à quantidade e à dimensão dos agentes do lado da oferta.,d24b4e9e29f9af4bccb2ce9ce5a2371b
caderno1 (html),07.1 - Obj.,,image (87).png,verso,?,não,deduzir pelo comentário; redesenhar só se passar no teste do quadro-negro,,"C/E - 2023 Quando o preço de equilíbrio não considera custos impostos pela transação a agentes terceiros, não envolvidos diretamente na transação em estudo, ocorre externalidade negativa.",3437cfa83645b6baf481196f442931e3
caderno1 (html),07.1 - Obj.,,image (85).png,verso,?,não,deduzir pelo comentário; redesenhar só se passar no teste do quadro-negro,,"C/E - 2023 Quando o preço de equilíbrio não considera custos impostos pela transação a agentes terceiros, não envolvidos diretamente na transação em estudo, ocorre externalidade negativa.",23488bffa4c9c89fe0f054e981a84c76
caderno1 (html),07.1 - Obj.,,image (84).png,verso,?,não,deduzir pelo comentário; redesenhar só se passar no teste do quadro-negro,,"C/E - 2023 Um bem público é uma falha de mercado originada pela produção do bem pelo setor público, ou seja, pelo governo.",5f3bc837c8e7259bbd17cfc79cda76c5
caderno1 (html),07.1 - Obj.,,Untitled (52).jpeg,verso,?,não,deduzir pelo comentário; redesenhar só se passar no teste do quadro-negro,,A receita marginal é a mudança na receita total dividida pela mudança no produto total.,d457c9bfd36574930248d25f533a5e77
caderno1 (html),07.1 - Obj.,,Untitled (53).jpeg,verso,?,não,deduzir pelo comentário; redesenhar só se passar no teste do quadro-negro,,"Em uma economia operando sob concorrência perfeita, sem governo nem comércio exterior, os preços são uma medida da escassez dos produtos, tendendo à alta sempre que houver uma eventual redução na oferta desses bens, mant",c5add2de40dcb3ae1d78a5923890ce3a
caderno1 (html),07.1 - Obj.,,Untitled (55).jpeg,verso,?,não,deduzir pelo comentário; redesenhar só se passar no teste do quadro-negro,,Comparando a empresa A (concorrência perfeita) e a empresa B (monopólio): a diferença entre o preço e o custo marginal dividida pelo preço revela um indicador do poder de monopólio da empresa B.,457477f828e6caeda86369330b1ed97c
caderno1 (html),07.1 - Obj.,,Untitled (58).jpeg,verso,?,não,deduzir pelo comentário; redesenhar só se passar no teste do quadro-negro,,Comparando a empresa A (concorrência perfeita) e a empresa B (monopólio): a diferença entre o preço e o custo marginal dividida pelo preço revela um indicador do poder de monopólio da empresa B.,131e28076132b844ef3458f1cbe4bd04
caderno1 (html),07.1 - Obj.,,Untitled (57).jpeg,verso,?,não,deduzir pelo comentário; redesenhar só se passar no teste do quadro-negro,,Em qualquer estrutura de mercado a firma maximiza seu lucro quando a receita marginal é igual ao custo marginal.,04d5bb2066768ac85870a44241ca2521
caderno1 (html),07.1 - Obj.,,Untitled (56).jpeg,verso,?,não,deduzir pelo comentário; redesenhar só se passar no teste do quadro-negro,,"Na concorrência perfeita, a curva de demanda individual é uma reta inclinada.",33882d97e4d48803ad981a7bc3dbce0b
caderno1 (html),07.1 - Obj.,,Untitled (60).jpeg,verso,?,não,deduzir pelo comentário; redesenhar só se passar no teste do quadro-negro,,Na concorrência perfeita a curva de demanda do mercado é uma reta negativamente inclinada.,4ca1baaff10316916b5f541136636ebb
caderno1 (html),07.1 - Obj.,,Untitled (54).jpeg,verso,?,não,deduzir pelo comentário; redesenhar só se passar no teste do quadro-negro,,"Na concorrência perfeita, as curvas de demanda de Receita Média (RMe) e da Receita Marginal (RMg) se equivalem, são horizontais e iguais ao Preço.",cae4c7aa115aaa149079b76d268c9cb6
caderno1 (html),07.1 - Obj.,,Untitled (59).jpeg,verso,?,não,deduzir pelo comentário; redesenhar só se passar no teste do quadro-negro,,"Na Concorrência Perfeita, o equilíbrio de curto prazo é alcançado ao igualar as curvas de receita e de custos.",b621f53704af2e12f10db651f79f0507
caderno1 (html),08.1 - Obj.,,image (98).png,frente,?,não,REENVIAR imagem ou reconstruir pelo comentário,,"1 Errado. Em monopólio, a quantidade produzida que maximiza o lucro é dada pelo cruzamento da curva de custo marginal com a de receita marginal, ausente do gráfico. Questão que versa sobre monopólio. Cuidado com a pegadi",fdd32b02683ebf5851b888bb4b1bf427
caderno1 (html),08.1 - Obj.,,image (104).png,verso,?,não,deduzir pelo comentário; redesenhar só se passar no teste do quadro-negro,,"C/E (2017) - Com relação a um produto de um mercado que está sob a situação de monopólio natural , o gráfico a seguir mostra: a curva de demanda, D, que corresponde ao preço de venda, p, para cada quantidade, Q, demandad",c4ddaaa6531b9de09f0eb6d09eb662e3
caderno1 (html),08.1 - Obj.,,image (105).png,verso,?,não,deduzir pelo comentário; redesenhar só se passar no teste do quadro-negro,,"C/E (2017) - Com relação a um produto de um mercado que está sob a situação de monopólio natural , o gráfico a seguir mostra: a curva de demanda, D, que corresponde ao preço de venda, p, para cada quantidade, Q, demandad",d844aa2176a4c9a5268dc9dc2f3060cf
caderno1 (html),08.1 - Obj.,,image (106).png,verso,?,não,deduzir pelo comentário; redesenhar só se passar no teste do quadro-negro,,"C/E (2017) - Com relação a um produto de um mercado que está sob a situação de monopólio natural , o gráfico a seguir mostra: a curva de demanda, D, que corresponde ao preço de venda, p, para cada quantidade, Q, demandad",a983d861f97b4dbb7dd6c792ee5e89f0
caderno1 (html),08.1 - Obj.,,image (107).png,verso,?,não,deduzir pelo comentário; redesenhar só se passar no teste do quadro-negro,,"C/E (2017) - Com relação a um produto de um mercado que está sob a situação de monopólio natural , o gráfico a seguir mostra: a curva de demanda, D, que corresponde ao preço de venda, p, para cada quantidade, Q, demandad",2a21c9adc262d6b4013a393e2047d1bd
caderno1 (html),08.1 - Obj.,,image (108).png,verso,?,não,deduzir pelo comentário; redesenhar só se passar no teste do quadro-negro,,"C/E (2017) - Com relação a um produto de um mercado que está sob a situação de monopólio natural , o gráfico a seguir mostra: a curva de demanda, D, que corresponde ao preço de venda, p, para cada quantidade, Q, demandad",502d65e04d9b50cd70cbcc0b95a5ee93
caderno1 (html),08.1 - Obj.,,image (98).png,frente,?,não,REENVIAR imagem ou reconstruir pelo comentário,,"2 Errado . O monopolista tem o seu poder limitado pela sensibilidade do consumidor a variações no preço do bem, a chamada elasticidade-preço da demanda. Assim, se esta sensibilidade for elevada, o monopolista não consegu",fdd32b02683ebf5851b888bb4b1bf427
caderno1 (html),08.1 - Obj.,,image (109).png,verso,?,não,deduzir pelo comentário; redesenhar só se passar no teste do quadro-negro,,"C/E (2017) - Com relação a um produto de um mercado que está sob a situação de monopólio natural , o gráfico a seguir mostra: a curva de demanda, D, que corresponde ao preço de venda, p, para cada quantidade, Q, demandad",2c9c6931468c2fdefc443279f0c62dfb
caderno1 (html),08.1 - Obj.,,image (110).png,verso,?,não,deduzir pelo comentário; redesenhar só se passar no teste do quadro-negro,,"C/E (2017) - Com relação a um produto de um mercado que está sob a situação de monopólio natural , o gráfico a seguir mostra: a curva de demanda, D, que corresponde ao preço de venda, p, para cada quantidade, Q, demandad",e2b8ccd1203bb5856dd1abf78ba77e86
caderno1 (html),08.1 - Obj.,,image (98).png,frente,?,não,REENVIAR imagem ou reconstruir pelo comentário,,"3 Errado . Não há curva de oferta do monopolista, pois a oferta depende exclusivamente do comportamento da demanda, não havendo relação entre quantidade ofertada e preço. O monopolista ofertará a quantidade que sua capac",fdd32b02683ebf5851b888bb4b1bf427
caderno1 (html),08.1 - Obj.,,image (102).png,verso,?,não,deduzir pelo comentário; redesenhar só se passar no teste do quadro-negro,,"C/E (2017) - Com relação a um produto de um mercado que está sob a situação de monopólio natural , o gráfico a seguir mostra: a curva de demanda, D, que corresponde ao preço de venda, p, para cada quantidade, Q, demandad",5aa248d1d5b4ada3b1336bfb2e0e095b
caderno1 (html),08.1 - Obj.,,image (100).png,verso,?,não,deduzir pelo comentário; redesenhar só se passar no teste do quadro-negro,,"C/E (2017) - Com relação a um produto de um mercado que está sob a situação de monopólio natural , o gráfico a seguir mostra: a curva de demanda, D, que corresponde ao preço de venda, p, para cada quantidade, Q, demandad",1ea34c707b432ca88134b96df9262b71
caderno1 (html),08.1 - Obj.,,image (101).png,verso,?,não,deduzir pelo comentário; redesenhar só se passar no teste do quadro-negro,,"C/E (2017) - Com relação a um produto de um mercado que está sob a situação de monopólio natural , o gráfico a seguir mostra: a curva de demanda, D, que corresponde ao preço de venda, p, para cada quantidade, Q, demandad",e6d810884bfce905f7e1c7daeb8b52bc
caderno1 (html),08.1 - Obj.,,image (98).png,frente,?,não,REENVIAR imagem ou reconstruir pelo comentário,,4 Correto . A principal característica de monopólios naturais é existência de quase insuperáveis barreiras à entrada de concorrentes. Os baixos custos permitem ao monopolista derrubar os preços de mercado que tornariam i,fdd32b02683ebf5851b888bb4b1bf427
caderno1 (html),08.1 - Obj.,,image (103).png,verso,?,não,deduzir pelo comentário; redesenhar só se passar no teste do quadro-negro,,"C/E (2017) - Com relação a um produto de um mercado que está sob a situação de monopólio natural , o gráfico a seguir mostra: a curva de demanda, D, que corresponde ao preço de venda, p, para cada quantidade, Q, demandad",0bea5825c303776a3dbe5be82fe37e6c
caderno1 (html),08.1 - Obj.,,00032.jpeg,verso,?,não,deduzir pelo comentário; redesenhar só se passar no teste do quadro-negro,,"⌚C/E (2018) - De acordo com a regra de mark-up , quanto mais preço-elástica for a curva de demanda do mercado, maior será o poder de mercado do monopolista.",770739089d7d5df10b3aefc393836725
caderno1 (html),08.1 - Obj.,,image (91).png,verso,?,não,deduzir pelo comentário; redesenhar só se passar no teste do quadro-negro,,"C/E - Rodrigo Teixeira - Micro - Aula 12 Um determinado mercado, onde existe uma única firma ofertante, possui curva de custo total dada por CT = 10 + Q² , onde CT é o custo total e Q a quantidade produzida. A função de ",bf54ea58780096827f774d38f87b24cf
caderno1 (html),08.1 - Obj.,,image (95).png,verso,?,não,deduzir pelo comentário; redesenhar só se passar no teste do quadro-negro,,"C/E - Rodrigo Teixeira - Micro - Aula 12 Um determinado mercado, onde existe uma única firma ofertante, possui curva de custo total dada por CT = 10 + Q² , onde CT é o custo total e Q a quantidade produzida. A função de ",573e138984ea7522453cd0ed812b969b
caderno1 (html),08.1 - Obj.,,image (97).png,verso,?,não,deduzir pelo comentário; redesenhar só se passar no teste do quadro-negro,,"C/E - Rodrigo Teixeira - Micro - Aula 12 Um determinado mercado, onde existe uma única firma ofertante, possui curva de custo total dada por CT = 10 + Q² , onde CT é o custo total e Q a quantidade produzida. A função de ",a776a356eacb08fadf08e1e7cba8ef25
caderno1 (html),08.1 - Obj.,,image (90).png,verso,?,não,deduzir pelo comentário; redesenhar só se passar no teste do quadro-negro,,"C/E - Rodrigo Teixeira - Micro - Aula 12 Um determinado mercado, onde existe uma única firma ofertante, possui curva de custo total dada por CT = 10 + Q² , onde CT é o custo total e Q a quantidade produzida. A função de ",3579b49f182480fc9663abe0189da030
caderno1 (html),08.1 - Obj.,,image (92).png,verso,?,não,deduzir pelo comentário; redesenhar só se passar no teste do quadro-negro,,"C/E - Rodrigo Teixeira - Micro - Aula 12 Um determinado mercado, onde existe uma única firma ofertante, possui curva de custo total dada por CT = 10 + Q² , onde CT é o custo total e Q a quantidade produzida. A função de ",f6a3138731eb7d79bc11e445386be776
caderno1 (html),08.1 - Obj.,,image (94).png,verso,?,não,deduzir pelo comentário; redesenhar só se passar no teste do quadro-negro,,"C/E - Rodrigo Teixeira - Micro - Aula 12 Um determinado mercado, onde existe uma única firma ofertante, possui curva de custo total dada por CT = 10 + Q² , onde CT é o custo total e Q a quantidade produzida. A função de ",e6acd3c841894b0002c3e8ac94906fab
caderno1 (html),08.1 - Obj.,,image (96).png,verso,?,não,deduzir pelo comentário; redesenhar só se passar no teste do quadro-negro,,"C/E - Rodrigo Teixeira - Micro - Aula 12 Um determinado mercado, onde existe uma única firma ofertante, possui curva de custo total dada por CT = 10 + Q² , onde CT é o custo total e Q a quantidade produzida. A função de ",376dff0b25e212b11309d1d5e0321ebd
caderno1 (html),08.1 - Obj.,,image (93).png,verso,?,não,deduzir pelo comentário; redesenhar só se passar no teste do quadro-negro,,"C/E - Rodrigo Teixeira - Micro - Aula 12 Um determinado mercado, onde existe uma única firma ofertante, possui curva de custo total dada por CT = 10 + Q² , onde CT é o custo total e Q a quantidade produzida. A função de ",087a9ca8c2d0b4418da2ceacc3820438
caderno1 (html),08.1 - Obj.,,image (99).png,verso,?,não,deduzir pelo comentário; redesenhar só se passar no teste do quadro-negro,,"C/E - Rodrigo Teixeira - Micro - Aula 12 Um determinado mercado, onde existe uma única firma ofertante, possui curva de custo total dada por CT = 10 + Q² , onde CT é o custo total e Q a quantidade produzida. A função de ",1011acd46e13370ed7ea73805e0a8e18
caderno1 (html),08.1 - Obj.,,Untitled (63).jpeg,verso,?,não,deduzir pelo comentário; redesenhar só se passar no teste do quadro-negro,,O peso morto ocorre quando o monopolista decide produzir e vender a quantidade em que as curvas de receita marginal e custo marginal se cruzam.,350d1dd6fc2f75f45777d0dcf315013d
caderno1 (html),08.1 - Obj.,,Untitled (61).jpeg,verso,?,não,deduzir pelo comentário; redesenhar só se passar no teste do quadro-negro,,"Para o monopolista, a curva de receita média é a curva de demanda do mercado.",112807563b26e44eaa983f68d985f58a
caderno1 (html),08.1 - Obj.,,Untitled (65).jpeg,verso,?,não,deduzir pelo comentário; redesenhar só se passar no teste do quadro-negro,,O markup na fixação de preços do monopólio tende a se reduzir conforme a elasticidade-preço da demanda diminui.,ad7fccdd65dee615ff9f1820deb5d967
caderno1 (html),08.1 - Obj.,,Untitled (64).jpeg,verso,?,não,deduzir pelo comentário; redesenhar só se passar no teste do quadro-negro,,O markup na fixação de preços do monopólio tende a se reduzir conforme a elasticidade-preço da demanda diminui.,ec2deccd41baef0b214186cdcc183fbd
caderno1 (html),08.1 - Obj.,,Untitled (71).jpeg,verso,?,não,deduzir pelo comentário; redesenhar só se passar no teste do quadro-negro,,O Mark-up é um indicador do poder de monopólio.,bc9c1a3c7d1114f4f3ecd8118b5d02d7
caderno1 (html),08.1 - Obj.,,Untitled (66).jpeg,verso,?,não,deduzir pelo comentário; redesenhar só se passar no teste do quadro-negro,,"Em uma situação de monopólio, a firma maximiza o seu lucro quando o custo marginal é igual à receita marginal.",d282f46711d06892f120e38a85ad9945
caderno1 (html),08.1 - Obj.,,Untitled (62).jpeg,verso,?,não,deduzir pelo comentário; redesenhar só se passar no teste do quadro-negro,,Um monopolista estabelece o preço de mercado quando decide o quanto cobrar.,710dbc850f1068c4fcc0ba6dac578072
caderno1 (html),08.1 - Obj.,,Untitled (73).jpeg,verso,?,não,deduzir pelo comentário; redesenhar só se passar no teste do quadro-negro,,A curva de demanda individual do monopolista é igual à curva de demanda do mercado. Isso porque o monopolista é o próprio mercado.,4a6fb125ef6e819297c193ec8cb4a672
caderno1 (html),08.1 - Obj.,,Untitled (69).jpeg,verso,?,não,deduzir pelo comentário; redesenhar só se passar no teste do quadro-negro,,O monopolista atua na parte inelástica da curva de demanda.,37c32f3f6f0e60006a4799e76cf2bf89
caderno1 (html),08.1 - Obj.,,Untitled (67).jpeg,verso,?,não,deduzir pelo comentário; redesenhar só se passar no teste do quadro-negro,,O monopolista atua na parte inelástica da curva de demanda.,36c49f682cad33ef18305b1ccd48f4f1
caderno1 (html),08.1 - Obj.,,Untitled (74).jpeg,verso,?,não,deduzir pelo comentário; redesenhar só se passar no teste do quadro-negro,,"O índice de Lerner (L) é um indicador usado para avaliar o grau de poder de mercado ou monopólio que uma empresa possui. Quanto menor, menor será o poder de monopólio.",f67ce2f6606a41bcbb6d553848d13100
caderno1 (html),08.1 - Obj.,,Untitled (70).jpeg,verso,?,não,deduzir pelo comentário; redesenhar só se passar no teste do quadro-negro,,"O índice de Lerner (L) é um indicador usado para avaliar o grau de poder de mercado ou monopólio que uma empresa possui. Quanto menor, menor será o poder de monopólio.",dca074328da50f5ad3e06fff0f9ca8fd
caderno1 (html),08.1 - Obj.,,Untitled (72).jpeg,verso,?,não,deduzir pelo comentário; redesenhar só se passar no teste do quadro-negro,,No monopólio natural o custo fixo é baixo.,e42793759a0ce2c2b6722e28ba0642ab
caderno1 (html),08.1 - Obj.,,Untitled (68).jpeg,verso,?,não,deduzir pelo comentário; redesenhar só se passar no teste do quadro-negro,,"Na discriminação de preços de terceiro grau, o monopolista atinge o preço máximo que os consumidores estão dispostos a pagar.",42d7972f0420749917cbb143ee289d18
caderno1 (html),09.1 - Obj.,,image (122).png,verso,?,não,deduzir pelo comentário; redesenhar só se passar no teste do quadro-negro,,"C/E (Simulado - Nidi - 07/23) Em um mercado de concorrência monopolística não ocorre ineficiência no cenário de longo prazo, dado que o preço se iguala ao custo médio e, portanto, as empresas não operam com excesso de ca",bb0d416767fb79152c7e65180ffa7b68
caderno1 (html),09.1 - Obj.,,image (119).png,verso,?,não,deduzir pelo comentário; redesenhar só se passar no teste do quadro-negro,,"C/E (Simulado - Nidi - 07/23) Em um mercado de concorrência monopolística não ocorre ineficiência no cenário de longo prazo, dado que o preço se iguala ao custo médio e, portanto, as empresas não operam com excesso de ca",e0bdd67fdafd92741e0f9db82cbdb83d
caderno1 (html),09.1 - Obj.,,image (114).png,verso,?,não,deduzir pelo comentário; redesenhar só se passar no teste do quadro-negro,,"C/E (Simulado - Nidi - 07/23) Em um mercado de concorrência monopolística não ocorre ineficiência no cenário de longo prazo, dado que o preço se iguala ao custo médio e, portanto, as empresas não operam com excesso de ca",fb308dccabbc0030e140ada6aeaeaa1f
caderno1 (html),09.1 - Obj.,,image (111).png,verso,?,não,deduzir pelo comentário; redesenhar só se passar no teste do quadro-negro,,"C/E (Simulado - Nidi - 07/23) Em um mercado de concorrência monopolística não ocorre ineficiência no cenário de longo prazo, dado que o preço se iguala ao custo médio e, portanto, as empresas não operam com excesso de ca",e77d6be3a6f62cf07f94498c9ecea11d
caderno1 (html),09.1 - Obj.,,image (113).png,verso,?,não,deduzir pelo comentário; redesenhar só se passar no teste do quadro-negro,,"🍉❌ C/E (Simulado - Nidi - 07/23) A estratégia oligopolista associada ao equilíbrio de Stackelberg utiliza, no processo de decisão, curvas de reação dadas pela quantidade de produção que maximiza os lucros da empresa em r",c5983e6e734f53b480e2cb44ecda1f1d
caderno1 (html),09.1 - Obj.,,image (118).png,verso,?,não,deduzir pelo comentário; redesenhar só se passar no teste do quadro-negro,,"🍉❌ C/E (Simulado - Nidi - 07/23) A estratégia oligopolista associada ao equilíbrio de Stackelberg utiliza, no processo de decisão, curvas de reação dadas pela quantidade de produção que maximiza os lucros da empresa em r",6476f0b38fb8b63ca76535fbb915069b
caderno1 (html),09.1 - Obj.,,image (120).png,verso,?,não,deduzir pelo comentário; redesenhar só se passar no teste do quadro-negro,,"🍉❌ C/E (Simulado - Nidi - 07/23) A estratégia oligopolista associada ao equilíbrio de Stackelberg utiliza, no processo de decisão, curvas de reação dadas pela quantidade de produção que maximiza os lucros da empresa em r",d408ad4b1149dea5758b67168942bfc4
caderno1 (html),09.1 - Obj.,,image (121).png,verso,?,não,deduzir pelo comentário; redesenhar só se passar no teste do quadro-negro,,"🍉❌ C/E (Simulado - Nidi - 07/23) A estratégia oligopolista associada ao equilíbrio de Stackelberg utiliza, no processo de decisão, curvas de reação dadas pela quantidade de produção que maximiza os lucros da empresa em r",3d0adef09d50ca4cf853ebb7304db0ce
caderno1 (html),09.1 - Obj.,,image (123).png,verso,?,não,deduzir pelo comentário; redesenhar só se passar no teste do quadro-negro,,"🍉❌ C/E (Simulado - Nidi - 07/23) A estratégia oligopolista associada ao equilíbrio de Stackelberg utiliza, no processo de decisão, curvas de reação dadas pela quantidade de produção que maximiza os lucros da empresa em r",c75fb275a0a0c755575568c6fdbdead9
caderno1 (html),09.1 - Obj.,,image (116).png,verso,?,não,deduzir pelo comentário; redesenhar só se passar no teste do quadro-negro,,"🍉❌ C/E (Simulado - Nidi - 07/23) A estratégia oligopolista associada ao equilíbrio de Stackelberg utiliza, no processo de decisão, curvas de reação dadas pela quantidade de produção que maximiza os lucros da empresa em r",50954f21ecb2110e3b9b727e2cfed15c
caderno1 (html),09.1 - Obj.,,image (117).png,verso,?,não,deduzir pelo comentário; redesenhar só se passar no teste do quadro-negro,,"🍉❌ C/E (Simulado - Nidi - 07/23) A estratégia oligopolista associada ao equilíbrio de Stackelberg utiliza, no processo de decisão, curvas de reação dadas pela quantidade de produção que maximiza os lucros da empresa em r",fa26f8ef02c35d58f55055e126c55851
caderno1 (html),09.1 - Obj.,,image (112).png,verso,?,não,deduzir pelo comentário; redesenhar só se passar no teste do quadro-negro,,"🍉❌ C/E (Simulado - Nidi - 07/23) A estratégia oligopolista associada ao equilíbrio de Stackelberg utiliza, no processo de decisão, curvas de reação dadas pela quantidade de produção que maximiza os lucros da empresa em r",ce901bf1d790a0f66b7eb0822657a0ce
caderno1 (html),09.1 - Obj.,,image (115).png,verso,?,não,deduzir pelo comentário; redesenhar só se passar no teste do quadro-negro,,"C/E (Questões - Daniel - Economia CACD - Telegram) Questão 22 Em uma estrutura de mercado oligopolista, a empresa líder escolhe um nível de produção em que a sua receita marginal é superior ao custo marginal. O preço de ",e66ce548beea52eae24e0683ecbb815f
caderno1 (html),12.1 - Obj.,,Untitled (76).jpeg,verso,?,não,deduzir pelo comentário; redesenhar só se passar no teste do quadro-negro,,Temos como exemplo de bem semipúblico ou meritório a defesa nacional.,2e4363001052af93f8ea46b2e0af9d47
caderno1 (html),12.1 - Obj.,,Untitled (81).jpeg,verso,?,não,deduzir pelo comentário; redesenhar só se passar no teste do quadro-negro,,Temos como exemplo de bem semipúblico ou meritório: a utilização de um parque/praça na cidade.,82061e39ebb2f1c30412c1bdd665cabb
caderno1 (html),12.1 - Obj.,,Untitled (75).jpeg,verso,?,não,deduzir pelo comentário; redesenhar só se passar no teste do quadro-negro,,"De acordo com a teoria econômica, bens públicos são bens cujo consumo é excludente e rival, independentemente de quem os produz ou comercializa.",8745f883719840bd4295fefe058e2ff5
caderno1 (html),12.1 - Obj.,,Untitled (83).jpeg,verso,?,não,deduzir pelo comentário; redesenhar só se passar no teste do quadro-negro,,Uma característica básica dos bens públicos é que as pessoas podem ser impedidas de consumi-los.,06a789bca5139ef9de3af060770b7c4b
caderno1 (html),12.1 - Obj.,,Untitled (78).jpeg,verso,?,não,deduzir pelo comentário; redesenhar só se passar no teste do quadro-negro,,Uma situação passível de consideração na análise dos tipos de bens é a figura do “carona”. Ele dificulta a oferta eficiente de bens pelos mercados.,caad5536b24491a81b783f9c880c1fee
caderno1 (html),12.1 - Obj.,,Untitled (77).jpeg,verso,?,não,deduzir pelo comentário; redesenhar só se passar no teste do quadro-negro,,"No tocante aos bens públicos: observada a característica de não exclusividade, falhas alocativas podem ocorrer em função dos chamados “consumidores caronas”, isto é, aqueles que não pagam pelo bem, na expectativa de que ",755ebcc506a464212facd8eb9d51e197
caderno1 (html),12.1 - Obj.,,Untitled (85).jpeg,verso,?,não,deduzir pelo comentário; redesenhar só se passar no teste do quadro-negro,,"Na presença de externalidades negativas, um imposto pode alinhar o benefício marginal privado ao custo marginal social.",9ec18bf921a96acd65c1fcd74679e6aa
caderno1 (html),12.1 - Obj.,,Untitled (80).jpeg,verso,?,não,deduzir pelo comentário; redesenhar só se passar no teste do quadro-negro,,"O Teorema de Coase aplica-se a negociações entre particulares, sem custos para as partes envolvidas.",ceac43b14874ea709555f3aa3f21d6bf
caderno1 (html),12.1 - Obj.,,Untitled (79).jpeg,verso,?,não,deduzir pelo comentário; redesenhar só se passar no teste do quadro-negro,,Duas empresas enfrentam uma situação de conflito sobre poluição. Segundo o Teorema de Coase: a definição de quem tem direito sobre a poluição pode possibilitar negociação que objetive alcançar o nível ótimo de emissão de,6e47becb10d93b6ecf2dd325a82607bf
caderno1 (html),12.1 - Obj.,,Untitled (84).jpeg,verso,?,não,deduzir pelo comentário; redesenhar só se passar no teste do quadro-negro,,O risco moral altera o comportamento dos indivíduos.,c5a78c4fd73cda68e4105dc9dc6803bb
caderno1 (html),12.1 - Obj.,,Untitled (82).jpeg,verso,?,não,deduzir pelo comentário; redesenhar só se passar no teste do quadro-negro,,Uma assimetria de informações caracterizada pela insuficiência destas pode levar as autoridades a atuarem por meio de regulação.,9794414fb2b57f03e94fa396c332571e
caderno1 (html),12.1 - Obj.,,Untitled (86).jpeg,verso,?,não,deduzir pelo comentário; redesenhar só se passar no teste do quadro-negro,,"Sobre assimetrias da informação: resultam sempre em externalidades positivas, pois envolvem benefícios não reconhecidos pelos agentes diretamente interessados em determinado tipo de transação.",794e3ac2a8513086cc067395a2f9795d
caderno1 (html),12.1 - Obj.,,Untitled (86).jpeg,verso,?,não,deduzir pelo comentário; redesenhar só se passar no teste do quadro-negro,,"No funcionamento dos mercados, algumas pessoas sabem de coisas que outras não sabem, o que pode impedir transações mutuamente benéficas. Essa falha de mercado é denominada: confiança do consumidor.",794e3ac2a8513086cc067395a2f9795d
caderno1 (html),17.1 - Obj.,,00041.jpeg,verso,?,não,deduzir pelo comentário; redesenhar só se passar no teste do quadro-negro,,"⌚ C/E (2012) - As necessidades de financiamento no setor público, no conceito operacional, incluem a correção monetária, aplicando-se, portanto, a taxa de juros nominal sobre o estoque da dívida pública.",37867ac9d1d83ec0a94716c43660c2d5
caderno1 (html),17.1 - Obj.,,image (126).png,verso,?,não,deduzir pelo comentário; redesenhar só se passar no teste do quadro-negro,,"⌚ C/E (2012) - Com o aumento dos depósitos à vista nos bancos comerciais, eleva-se o multiplicador monetário, o que contribui para a expansão da oferta de moeda.",8b366ec8df48c4a2051ff6e704974ce8
caderno1 (html),17.1 - Obj.,,image (125).png,verso,?,não,deduzir pelo comentário; redesenhar só se passar no teste do quadro-negro,,"⌚ C/E (2012) - Com o aumento dos depósitos à vista nos bancos comerciais, eleva-se o multiplicador monetário, o que contribui para a expansão da oferta de moeda.",a0317f2261bcc14bbdf9b96972463657
caderno1 (html),17.1 - Obj.,,image (124).png,verso,?,não,deduzir pelo comentário; redesenhar só se passar no teste do quadro-negro,,"⌚ C/E (2012) - Com o aumento dos depósitos à vista nos bancos comerciais, eleva-se o multiplicador monetário, o que contribui para a expansão da oferta de moeda.",340af9bfee9f53f6c685fa846c885c52
caderno1 (html),17.1 - Obj.,,00042.jpeg,verso,?,não,deduzir pelo comentário; redesenhar só se passar no teste do quadro-negro,,"⌚ C/E (2012) - Em uma economia aberta, caso a propensão marginal para poupar seja igual a 0,25 e a propensão marginal para consumir bens importados, igual a 0,15, então o multiplicador keynesiano será igual a 10.",772efb527592ecd70a619dcf4a7e7a3f
caderno1 (html),17.1 - Obj.,,image (130).png,verso,?,não,deduzir pelo comentário; redesenhar só se passar no teste do quadro-negro,,"⌚ C/E (2012) - Em uma economia aberta, caso a propensão marginal para poupar seja igual a 0,25 e a propensão marginal para consumir bens importados, igual a 0,15, então o multiplicador keynesiano será igual a 10.",a43b1991c20ceec475190d75f17968dd
caderno1 (html),17.1 - Obj.,,image (127).png,verso,?,não,deduzir pelo comentário; redesenhar só se passar no teste do quadro-negro,,"⌚ C/E (2012) - Em uma economia aberta, caso a propensão marginal para poupar seja igual a 0,25 e a propensão marginal para consumir bens importados, igual a 0,15, então o multiplicador keynesiano será igual a 10.",eec579c2f7a9a7522de1e2f59b0213fb
caderno1 (html),17.1 - Obj.,,image (129).png,frente,?,não,REENVIAR imagem ou reconstruir pelo comentário,,CERTO Vamos lá... Vamos revisar os conceitos usando como referência a tabela do PIB do Brasil de 2015 (não é a do enunciado) a partir da ótica da PRODUÇÃO PIB cf = valor da produção menos o consumo intermediário (tirando,ecc0ff8c25c3e545ad5e0a04c6daa211
caderno1 (html),17.1 - Obj.,,image (128).png,verso,?,não,deduzir pelo comentário; redesenhar só se passar no teste do quadro-negro,,"C/E - Rodrigo Teixeira - Macro - Aula 19 Considerado a tabela abaixo, julgue o item abaixo: 1. O PIB a preços de mercado desta economia foi de 1000 e a variação de estoques foi de 60. ",65cbdaeba9d0e155eaa911746b65109b
caderno1 (html),17.1 - Obj.,,image (129).png,frente,?,não,REENVIAR imagem ou reconstruir pelo comentário,,ERRADA Vamos lá... RNB = PIB + RLRE RNB é o PIB mais a renda líquida recebida do exterior (será positiva ou negativa a depender se houver déficit ou superávit). RLRE é o saldo da balança de rendas (do balanço de pagament,ecc0ff8c25c3e545ad5e0a04c6daa211
caderno1 (html),17.1 - Obj.,,image (129).png,frente,?,não,REENVIAR imagem ou reconstruir pelo comentário,,ERRADO Vamos lá... Precisamos calcular a poupança e o investimento doméstico... Vamos começar pela poupança... Poupança (S) = Renda Disponível Bruta (RDB) - Consumo (C) - Gasto do Governo (G) O Consumo (C) + o Gasto do G,ecc0ff8c25c3e545ad5e0a04c6daa211
caderno1 (html),17.1 - Obj.,,image (129).png,frente,?,não,REENVIAR imagem ou reconstruir pelo comentário,,"CERTO Há duas formas de calcular as transações correntes (TC)... A fórmula da TC é TC = S - I Ou seja, vc precisa saber a poupança e o investimento (fiz isso passo a passo abaixo) OU... além da fórmula... pra descobrir o",ecc0ff8c25c3e545ad5e0a04c6daa211
caderno1 (html),17.1 - Obj.,,image (131).png,verso,?,não,deduzir pelo comentário; redesenhar só se passar no teste do quadro-negro,,"C/E - Rodrigo Teixeira - Macro - Aula 19 Considerado a tabela abaixo, julgue o item abaixo: 4. O saldo em transações correntes foi deficitário em 20.",fcd0313e9ba5fbb3fd8d6c3863cba237
caderno1 (html),17.1 - Obj.,,image (138).png,verso,?,não,deduzir pelo comentário; redesenhar só se passar no teste do quadro-negro,,"❌ C/E (2013) - No cálculo da poupança externa, não se incluem aumentos ou diminuições das reservas cambiais do país.",a9c1c4a39de15e985d2fa7cc7ff8fec3
caderno1 (html),17.1 - Obj.,,image (132).png,verso,?,não,deduzir pelo comentário; redesenhar só se passar no teste do quadro-negro,,C/E (Questões - Daniel - Economia CACD - Telegram) Questão 16 Uma intensificação na venda de títulos públicos caracteriza um expansionismo monetário com ampliação dos meios de pagamento e redução dos juros de mercado.,50503c774818413009bb5ff2a8bd7080
caderno1 (html),17.1 - Obj.,,image (136).png,frente,?,não,REENVIAR imagem (frente só com imagem: enunciado ilegível),,,5b296120846230e03773d42846dd2f3e
caderno1 (html),17.1 - Obj.,,image (140).png,verso,?,não,deduzir pelo comentário; redesenhar só se passar no teste do quadro-negro,,Rodrigo Teixeira - Aula 1b - Macro,26a7f9dc230d73bd103f01ce1f236ff9
caderno1 (html),17.1 - Obj.,,image (133).png,frente,?,não,REENVIAR imagem (frente só com imagem: enunciado ilegível),,,1c6f501121090b5cbd3e3edea6231623
caderno1 (html),17.1 - Obj.,,image (134).png,verso,?,não,deduzir pelo comentário; redesenhar só se passar no teste do quadro-negro,,Rodrigo Teixeira - Aula 1b - Macro,86395bfb121140ab3777d13d1029f057
caderno1 (html),17.1 - Obj.,,image (135).png,verso,?,não,deduzir pelo comentário; redesenhar só se passar no teste do quadro-negro,,"Rodrigo Teixeira - Aula 2 - Macro Acerca do mercado de fundos emprestáveis, responda C ou E: A redução do imposto de renda sobre aplicações financeiras teria como efeito a elevação da poupança e, consequentemente, do inv",26b085039e2619da7ce557b5e243773a
caderno1 (html),17.1 - Obj.,,image (137).png,verso,?,não,deduzir pelo comentário; redesenhar só se passar no teste do quadro-negro,,"Rodrigo Teixeira - Aula 2 - Macro Acerca do mercado de fundos emprestáveis, responda C ou E: Um ajuste fiscal, por meio da redução do gasto público, teria como efeito a redução da taxa de juros e também do investimento, ",d74093ccbf328a04b90d8b782bf52335
caderno1 (html),17.1 - Obj.,,image (141).png,verso,?,não,deduzir pelo comentário; redesenhar só se passar no teste do quadro-negro,,"Rodrigo Teixeira - Aula 2 - Macro Acerca do mercado de fundos emprestáveis, responda C ou E: Uma desoneração fiscal na compra de bens de capital deslocaria para baixo e para esquerda a curva de demanda por fundos emprest",dd32b9b20d91eda9bf8cbb0c0afcaaea
caderno1 (html),17.1 - Obj.,,image (139).png,verso,?,não,deduzir pelo comentário; redesenhar só se passar no teste do quadro-negro,,"Rodrigo Teixeira - Aula 2 - Macro Acerca do mercado de fundos emprestáveis, responda C ou E: Um tabelamento de juros, com o governo estabelecendo uma taxa máxima de juros abaixo da taxa de equilíbrio, pode ser eficaz em ",6cb3b5ace5f677639aea873706f73a9e
caderno1 (html),17.1 - Obj.,,Untitled (89).jpeg,verso,?,não,deduzir pelo comentário; redesenhar só se passar no teste do quadro-negro,,Com relação às Contas Nacionais: o Investimento Bruto se decompõe em Formação Bruta de Capital Fixo e Variação de Estoques.,85713b2f53ca16ad3b8ff6530b42540b
caderno1 (html),17.1 - Obj.,,Untitled (87).jpeg,verso,?,não,deduzir pelo comentário; redesenhar só se passar no teste do quadro-negro,,"Nas contas nacionais, ao considerarmos a conta de capital em uma economia fechada e sem governo, a poupança bruta se apresenta como contrapartida das variações ativas dadas pela formação bruta de capital fixo mais a vari",81febc2b0fa88ec42dc8d075efe05844
caderno1 (html),17.1 - Obj.,,Untitled (88).jpeg,verso,?,não,deduzir pelo comentário; redesenhar só se passar no teste do quadro-negro,,"Nas contas nacionais, ao considerarmos a conta de capital em uma economia fechada e sem governo, a poupança bruta se apresenta como contrapartida das variações ativas dadas pela formação bruta de capital fixo mais a vari",65428d4a94274a43dacc774a1c53ec47
caderno1 (html),17.1 - Obj.,,Untitled (90).jpeg,verso,?,não,deduzir pelo comentário; redesenhar só se passar no teste do quadro-negro,,"Nas contas nacionais, o valor do Produto Interno Bruto − PIB pode ser visto sob as óticas da produção, da demanda e da renda. Quando expressa a produção, o valor é igual à despesa de consumo das famílias, mais o consumo ",0c36f18c67f5544e640f5760f3cbea5c
caderno1 (html),18.1 - Obj.,,image (142).png,verso,?,não,deduzir pelo comentário; redesenhar só se passar no teste do quadro-negro,,"🍉❌ C/E (Simulado - Nidi - 07/23) No formato vigente do Sistema de Contas Nacionais, as estimativas efetuadas sobre o desempenho da economia são apresentadas por meio de dois tipos de classificação. A classificação por ti",4a870f83c5f4d3d4df1812319b181639
caderno1 (html),18.1 - Obj.,,image (145).png,verso,?,não,deduzir pelo comentário; redesenhar só se passar no teste do quadro-negro,,"🍉❌ C/E (Simulado - Nidi - 07/23) No formato vigente do Sistema de Contas Nacionais, as estimativas efetuadas sobre o desempenho da economia são apresentadas por meio de dois tipos de classificação. A classificação por ti",967017c9f902ccd22c284e290743660c
caderno1 (html),18.1 - Obj.,,image (144).png,verso,?,não,deduzir pelo comentário; redesenhar só se passar no teste do quadro-negro,,"🍉❌ C/E (Simulado - Nidi - 07/23) No formato vigente do Sistema de Contas Nacionais, as estimativas efetuadas sobre o desempenho da economia são apresentadas por meio de dois tipos de classificação. A classificação por ti",dd4f05246956f3d78255b05a82ca80d6
caderno1 (html),18.1 - Obj.,,image (146).png,verso,?,não,deduzir pelo comentário; redesenhar só se passar no teste do quadro-negro,,"🍉❌ C/E (Simulado - Nidi - 07/23) No formato vigente do Sistema de Contas Nacionais, as estimativas efetuadas sobre o desempenho da economia são apresentadas por meio de dois tipos de classificação. A classificação por ti",26ff956b7f9af47a41dafa37d23c0082
caderno1 (html),18.1 - Obj.,,image (147).png,verso,?,não,deduzir pelo comentário; redesenhar só se passar no teste do quadro-negro,,"🍉❌ C/E (Simulado - Nidi - 07/23) No formato vigente do Sistema de Contas Nacionais, as estimativas efetuadas sobre o desempenho da economia são apresentadas por meio de dois tipos de classificação. A classificação por ti",e1de5778e78bafe12bd5c37b5245936d
caderno1 (html),18.1 - Obj.,,image (148).png,verso,?,não,deduzir pelo comentário; redesenhar só se passar no teste do quadro-negro,,"🍉❌ C/E (Simulado - Nidi - 07/23) No formato vigente do Sistema de Contas Nacionais, as estimativas efetuadas sobre o desempenho da economia são apresentadas por meio de dois tipos de classificação. A classificação por ti",96f0cb2987e653b81ebb9d68222010d1
caderno1 (html),18.1 - Obj.,,image (149).png,verso,?,não,deduzir pelo comentário; redesenhar só se passar no teste do quadro-negro,,"🍉❌ C/E (Simulado - Nidi - 07/23) No formato vigente do Sistema de Contas Nacionais, as estimativas efetuadas sobre o desempenho da economia são apresentadas por meio de dois tipos de classificação. A classificação por ti",c51b2440aa3383c348287af8f5e8459d
caderno1 (html),18.1 - Obj.,,image (143).png,verso,?,não,deduzir pelo comentário; redesenhar só se passar no teste do quadro-negro,,"🍉❌ C/E (Simulado - Nidi - 07/23) No formato vigente do Sistema de Contas Nacionais, as estimativas efetuadas sobre o desempenho da economia são apresentadas por meio de dois tipos de classificação. A classificação por ti",0d00e9521efbf4ceb28e7fbc7eed81a6
caderno1 (html),18.1 - Obj.,,image (143).png,verso,?,não,deduzir pelo comentário; redesenhar só se passar no teste do quadro-negro,,C/E (Simulado - Nidi - 07/23) A Renda Nacional Bruta se diferencia do Produto Interno Bruto por acrescentar as remunerações dos fatores produtivos brasileiros fora do território e descontar a remuneração dos fatores prod,0d00e9521efbf4ceb28e7fbc7eed81a6
caderno1 (html),18.1 - Obj.,,image (152).png,verso,?,não,deduzir pelo comentário; redesenhar só se passar no teste do quadro-negro,,C/E (Simulado - Nidi - 07/23) A Renda Nacional Bruta se diferencia do Produto Interno Bruto por acrescentar as remunerações dos fatores produtivos brasileiros fora do território e descontar a remuneração dos fatores prod,66e085c0c8b373ae53c94545818413ab
caderno1 (html),18.1 - Obj.,,image (151).png,verso,?,não,deduzir pelo comentário; redesenhar só se passar no teste do quadro-negro,,C/E (Simulado - Nidi - 07/23) A Renda Nacional Bruta se diferencia do Produto Interno Bruto por acrescentar as remunerações dos fatores produtivos brasileiros fora do território e descontar a remuneração dos fatores prod,4d9d580cd8418842b3207eb479484df0
caderno1 (html),18.1 - Obj.,,image (150).png,verso,?,não,deduzir pelo comentário; redesenhar só se passar no teste do quadro-negro,,C/E (Simulado - Nidi - 07/23) A Renda Nacional Bruta se diferencia do Produto Interno Bruto por acrescentar as remunerações dos fatores produtivos brasileiros fora do território e descontar a remuneração dos fatores prod,511ac52333bdfdc45ae64cfa30761158
caderno1 (html),18.1 - Obj.,,image (143).png,verso,?,não,deduzir pelo comentário; redesenhar só se passar no teste do quadro-negro,,"❌ C/E (Simulado - Nidi - 07/23) O saldo final da Conta de Acumulação, também denominada Conta de Capital, expressa a Necessidade ou Capacidade de Financiamento Externo da economia. Esta conta evidencia como o “não consum",0d00e9521efbf4ceb28e7fbc7eed81a6
caderno1 (html),18.1 - Obj.,,image (153).png,verso,?,não,deduzir pelo comentário; redesenhar só se passar no teste do quadro-negro,,"❌ C/E (Simulado - Nidi - 07/23) O saldo final da Conta de Acumulação, também denominada Conta de Capital, expressa a Necessidade ou Capacidade de Financiamento Externo da economia. Esta conta evidencia como o “não consum",2f3c9f91a34b18f54583d79eab8b6baf
caderno1 (html),18.1 - Obj.,,image (150).png,verso,?,não,deduzir pelo comentário; redesenhar só se passar no teste do quadro-negro,,"❌ C/E (Simulado - Nidi - 07/23) O saldo final da Conta de Acumulação, também denominada Conta de Capital, expressa a Necessidade ou Capacidade de Financiamento Externo da economia. Esta conta evidencia como o “não consum",511ac52333bdfdc45ae64cfa30761158
caderno1 (html),18.1 - Obj.,,image (143).png,verso,?,não,deduzir pelo comentário; redesenhar só se passar no teste do quadro-negro,,"C/E (Simulado - Nidi - 07/23) No Sistema de Contas Nacionais, o saldo final de cada conta representa o ponto de partida da próxima conta do sistema. Desta maneira, o saldo final da Conta 0 (Conta de Bens e Serviços) é a ",0d00e9521efbf4ceb28e7fbc7eed81a6
caderno1 (html),18.1 - Obj.,,Untitled (91).jpeg,verso,?,não,deduzir pelo comentário; redesenhar só se passar no teste do quadro-negro,,"Em um país grande com intenso fluxo de capitais, o efeito de uma queda das taxas de juros é uma apreciação cambial e redução da balança comercial (X − M).",876889cdf053aadbd5428830801d994c
caderno1 (html),19.1 - Obj.,,image (154).png,verso,?,não,deduzir pelo comentário; redesenhar só se passar no teste do quadro-negro,,"C/E - Simuladão Clipping Julho 2025 No estudo das estruturas de mercado, a concorrência perfeita e o monopólio representam extremos analiticos com implicações distintas sobre o bem-estar social e a eficiência alocativa. ",032598ef0dd88a8d5154d2879a05e840
caderno1 (html),25.1 - Obj.,,,verso,?,não,deduzir pelo comentário; redesenhar só se passar no teste do quadro-negro,,"C/E (Questões - Daniel - Economia CACD - Telegram) Questão 44 As expectativas racionais se baseiam na hipótese de que os agente econômicos antecipam de forma racional as atitudes e políticas futuras do governo, reagindo ",
caderno1 (html),26.1 - Obj.,,image (155).png,verso,?,não,deduzir pelo comentário; redesenhar só se passar no teste do quadro-negro,,"C/E (Questões - Daniel - Economia CACD - Telegram) Questão 24 A equivalência ricardiana é uma teoria que indica que um aumento dos gastos do governo, ou um corte de impostos no presente, não afeta a renda real em um hori",7a2998a32600539d3e8345b6290e1560
caderno1 (html),27.1 - Obj.,,image (156).png,verso,?,não,deduzir pelo comentário; redesenhar só se passar no teste do quadro-negro,,"C/E (Simulado - Nidi - 07/23) No modelo IS-LM, a partir do ponto de equilíbrio, uma política econômica de aumento dos impostos desloca a curva IS para a esquerda, resultando em uma queda da taxa de juros e um crescimento",f8b0f5392611883dd9185c7be9b6741e
caderno1 (html),27.1 - Obj.,,Untitled (96).jpeg,verso,?,não,deduzir pelo comentário; redesenhar só se passar no teste do quadro-negro,,"Dentro do modelo IS-LM, no tocante à eficácia da política monetária, a eficácia da política independe da inclinação das curvas.",91c2489d3c7ff3956f0e3c025b5e0093
caderno1 (html),27.1 - Obj.,,Untitled (94).jpeg,verso,?,não,deduzir pelo comentário; redesenhar só se passar no teste do quadro-negro,,"Dentro do modelo IS-LM, no tocante à eficácia da política monetária, a eficácia da política independe da inclinação das curvas.",751d00b8de72380d535699d9c95ae94e
caderno1 (html),27.1 - Obj.,,Untitled (92).jpeg,verso,?,não,deduzir pelo comentário; redesenhar só se passar no teste do quadro-negro,,No modelo IS-LM: o máximo efeito-deslocamento ocorre quando a curva LM é horizontal.,a30492ba841ca42d3eaaa19c6848c3a5
caderno1 (html),27.1 - Obj.,,Untitled (95).jpeg,verso,?,não,deduzir pelo comentário; redesenhar só se passar no teste do quadro-negro,,"No modelo IS-LM, a situação caracterizada por uma baixa sensibilidade-juros do investimento indica uma curva IS mais próxima da vertical.",986abcde7762625ad0dcf41ea2ffe055
caderno1 (html),27.1 - Obj.,,Untitled (93).jpeg,verso,?,não,deduzir pelo comentário; redesenhar só se passar no teste do quadro-negro,,"No modelo IS-LM, a curva IS é deslocada para a esquerda se, para uma dada taxa de juros, houver redução do nível do produto de equilíbrio.",e9f8a71b417701c0951c3cc26a92483c
caderno1 (html),29.1 - Obj.,,image (163).png,verso,?,não,deduzir pelo comentário; redesenhar só se passar no teste do quadro-negro,,⌚ C/E (2020) - Políticas de salário mínimo acima do nível de equilíbrio contribuem para o aumento do desemprego voluntário.,39689366b0380f27f5e32dd271a98e2e
caderno1 (html),29.1 - Obj.,,b6c02ce0-0c7d-4b34-b10f-ef61b36a6b1a,verso,?,não,deduzir pelo comentário; redesenhar só se passar no teste do quadro-negro,,⌚ C/E (2020) - Políticas de salário mínimo acima do nível de equilíbrio contribuem para o aumento do desemprego voluntário.,5a90e46399804e891dad1d25252ce24c
caderno1 (html),29.1 - Obj.,,image (160).png,verso,?,não,deduzir pelo comentário; redesenhar só se passar no teste do quadro-negro,,⌚ C/E (2020) - Políticas de salário mínimo acima do nível de equilíbrio contribuem para o aumento do desemprego voluntário.,7d43058ca86ac996b5e31a3ab5a01dd4
caderno1 (html),29.1 - Obj.,,image (158).png,verso,?,não,deduzir pelo comentário; redesenhar só se passar no teste do quadro-negro,,⌚ C/E (2020) - Políticas de salário mínimo acima do nível de equilíbrio contribuem para o aumento do desemprego voluntário.,e37f73ae5b787842b16c9497f7b388ac
caderno1 (html),29.1 - Obj.,,image (161).png,verso,?,não,deduzir pelo comentário; redesenhar só se passar no teste do quadro-negro,,⌚ C/E (2020) - Políticas de salário mínimo acima do nível de equilíbrio contribuem para o aumento do desemprego voluntário.,4d7030d5aa1ab2882ebf436c3d4f616c
caderno1 (html),29.1 - Obj.,,image (162).png,verso,?,não,deduzir pelo comentário; redesenhar só se passar no teste do quadro-negro,,⌚ C/E (2020) - Políticas de salário mínimo acima do nível de equilíbrio contribuem para o aumento do desemprego voluntário.,096c43e3521e6a8967a740851949647d
caderno1 (html),29.1 - Obj.,,image (159).png,verso,?,não,deduzir pelo comentário; redesenhar só se passar no teste do quadro-negro,,"❗ C/E (2022) - Na visão de política monetária proposta por Lucas, a taxa corrente de desemprego é igual à taxa natural quando a taxa corrente de inflação equivale às expectativas de inflação.",e602918fc673da1b720d89ee881f0c1d
caderno1 (html),29.1 - Obj.,,image (157).png,verso,?,não,deduzir pelo comentário; redesenhar só se passar no teste do quadro-negro,,"❗ C/E (2022) - Na visão de política monetária proposta por Lucas, a taxa corrente de desemprego é igual à taxa natural quando a taxa corrente de inflação equivale às expectativas de inflação.",fd90b0c02785bd56676ccf0e58716aa6
caderno1 (html),29.1 - Obj.,,Untitled (97).jpeg,verso,?,não,deduzir pelo comentário; redesenhar só se passar no teste do quadro-negro,,A Curva de Phillips ilustra a relação inversa entre desemprego e inflação.,0035027899928841fe533a0410d222c3
caderno1 (html),35.1 - Obj.,,image (164).png,verso,?,não,deduzir pelo comentário; redesenhar só se passar no teste do quadro-negro,,"C/E (Questões - Daniel - Economia CACD - Telegram) Questão 36 M3 refere-se à base monetária, M1, adicionada ao total de depósitos a prazo no sistema bancário, incluindo os Certificados de Depósito Bancário e Interbancári",2af26beafa81334e756dedf6055876b3
caderno1 (html),35.1 - Obj.,,image (166).png,verso,?,não,deduzir pelo comentário; redesenhar só se passar no teste do quadro-negro,,C/E (Questões - Daniel - Economia CACD - Telegram) QUESTÃO 37 Moeda única é quando dois ou mais países escolhem usar uma mesma referência monetária em suas negociações comerciais. Ela funciona como uma referência para tr,66f4bd2526c416e1df89efd66ba3c123
caderno1 (html),35.1 - Obj.,,image (165).png,frente,?,não,REENVIAR imagem (frente só com imagem: enunciado ilegível),,"CERTO . A questão está terrivelmente mal elaborada. Acaba por confundir a análise do candidato, uma vez que mescla funções do Bacen. Via de regra não há nenhuma incompatibilidade no que foi falado. Realmente, o BC é o ba",54e06d85989bc0d9d7391d5edbd8fe56
caderno1 (html),35.1 - Obj.,,image (170).png,verso,?,não,deduzir pelo comentário; redesenhar só se passar no teste do quadro-negro,,"C/E (2013) Com relação ao conceito de meios de pagamento (M1), que corresponde ao estoque de moeda disponível para uso da coletividade, julgue o item a seguir: A - O valor do multiplicador da base monetária varia na razã",69590a89910a6d09257dd9d8e4f16664
caderno1 (html),35.1 - Obj.,,image (167).png,verso,?,não,deduzir pelo comentário; redesenhar só se passar no teste do quadro-negro,,"C/E (2013) Com relação ao conceito de meios de pagamento (M1), que corresponde ao estoque de moeda disponível para uso da coletividade, julgue o item a seguir: B - O saldo de M1 é composto pelo saldo da moeda em poder do",75e7e75390eb193c1456f60bcf93aa72
caderno1 (html),35.1 - Obj.,,image (169).png,verso,?,não,deduzir pelo comentário; redesenhar só se passar no teste do quadro-negro,,"C/E (2013) Com relação ao conceito de meios de pagamento (M1), que corresponde ao estoque de moeda disponível para uso da coletividade, julgue o item a seguir: C - Em processos inflacionários, tende a diminuir a razão en",3300406451135a26601883e04f3e5bef
caderno1 (html),35.1 - Obj.,,image (171).png,verso,?,não,deduzir pelo comentário; redesenhar só se passar no teste do quadro-negro,,"C/E (2013) Com relação ao conceito de meios de pagamento (M1), que corresponde ao estoque de moeda disponível para uso da coletividade, julgue o item a seguir: D - O resgate de um empréstimo bancário representa destruiçã",a3ddafa2d5db3217e4f7a70053752a3f
caderno1 (html),35.1 - Obj.,,image (172).png,verso,?,não,deduzir pelo comentário; redesenhar só se passar no teste do quadro-negro,,"C/E (2013) Com relação ao conceito de meios de pagamento (M1), que corresponde ao estoque de moeda disponível para uso da coletividade, julgue o item a seguir: E - As emissões de papel moeda pelo Tesouro Nacional são ins",1f2d20e3541dd69036f0d9fd9882a66c
caderno1 (html),35.1 - Obj.,,image (168).png,verso,?,não,deduzir pelo comentário; redesenhar só se passar no teste do quadro-negro,,"C/E (2013) Com relação ao conceito de meios de pagamento (M1), que corresponde ao estoque de moeda disponível para uso da coletividade, julgue o item a seguir: E - As emissões de papel moeda pelo Tesouro Nacional são ins",494519bcfe25dd91f39b7cec4716a912
caderno1 (html),36.1 - Obj.,,Untitled (98).jpeg,verso,?,não,deduzir pelo comentário; redesenhar só se passar no teste do quadro-negro,,"Em uma economia fechada, que esteja operando abaixo do pleno emprego, o formulador de política econômica que pretenda expandir o nível de renda deve resgatar títulos da dívida pública.",b618b97cb0535370cae74ddcfe7d81e0
caderno1 (html),40.1 - Obj.,,image (173).png,verso,?,não,deduzir pelo comentário; redesenhar só se passar no teste do quadro-negro,,"C/E - Simuladão Clipping Julho 2025 No estudo das estruturas de mercado, a concorrência perfeita e o monopólio representam extremos analiticos com implicações distintas sobre o bem-estar social e a eficiência alocativa. ",032598ef0dd88a8d5154d2879a05e840
caderno1 (html),47.1 - Obj.,,Untitled (103).jpeg,verso,?,não,deduzir pelo comentário; redesenhar só se passar no teste do quadro-negro,,"O princípio do benefício está associado à função alocativa, enquanto o princípio da capacidade de pagamento se relaciona à função distributiva do Estado.",f1ec9fca8129cf5227b58782a44667c7
caderno1 (html),47.1 - Obj.,,Untitled (100).jpeg,verso,?,não,deduzir pelo comentário; redesenhar só se passar no teste do quadro-negro,,Um imposto é neutro quando a participação dos impostos na renda dos agentes aumenta conforme a renda aumenta.,70886f8e4b054e3d23a01d3bad33b16d
caderno1 (html),47.1 - Obj.,,Untitled (111).jpeg,verso,?,não,deduzir pelo comentário; redesenhar só se passar no teste do quadro-negro,,"Um imposto pode ser do tipo valor adicionado, quando é devido apenas sobre o valor agregado ou acrescido.",9a90715d6a8cd48b93538497740db4d7
caderno1 (html),47.1 - Obj.,,Untitled (102).jpeg,verso,?,não,deduzir pelo comentário; redesenhar só se passar no teste do quadro-negro,,A Teoria da Tributação estabelece que o sistema tributário ideal distribui o ônus tributário equitativamente entre os diversos indivíduos da sociedade.,bc6d21699b565be0cbc5c3ae056e61c1
caderno1 (html),47.1 - Obj.,,Untitled (113).jpeg,verso,?,não,deduzir pelo comentário; redesenhar só se passar no teste do quadro-negro,,Na política fiscal contracionista ocorre emissão de moeda.,63a02076d4f555afc61434afbb6796d5
caderno1 (html),47.1 - Obj.,,Untitled (101).jpeg,verso,?,não,deduzir pelo comentário; redesenhar só se passar no teste do quadro-negro,,Na política fiscal contracionista ocorre aumento de impostos.,802d19f940fbdbc8034e1ce171715aff
caderno1 (html),47.1 - Obj.,,Untitled (109).jpeg,verso,?,não,deduzir pelo comentário; redesenhar só se passar no teste do quadro-negro,,"Define-se a política fiscal de um certo país como a administração exclusivamente de impostos, gastos e transferências dos governos federais, estaduais e municipais.",8b86718640252cfd388eb82e584c5bb0
caderno1 (html),47.1 - Obj.,,Untitled (108).jpeg,verso,?,não,deduzir pelo comentário; redesenhar só se passar no teste do quadro-negro,,Um exemplo de materialização da função estabilizadora do governo é dado pela redistribuição de renda por meio da política fiscal.,34f4615775a5b112fbbd9b685f82853c
caderno1 (html),47.1 - Obj.,,Untitled (104).jpeg,verso,?,não,deduzir pelo comentário; redesenhar só se passar no teste do quadro-negro,,Um exemplo de materialização da função estabilizadora do governo é dado pela condução da política monetária.,58ac5775c537e0bb187b113e8a03b66b
caderno1 (html),47.1 - Obj.,,Untitled (105).jpeg,verso,?,não,deduzir pelo comentário; redesenhar só se passar no teste do quadro-negro,,"Uma forma de analisar a ação pública na economia se dá ao considerar o papel do Estado na utilização da política monetária, em sua função estabilizadora.",f22e3b2bc609119f5153953d3041e89d
caderno1 (html),47.1 - Obj.,,Untitled (115).jpeg,verso,?,não,deduzir pelo comentário; redesenhar só se passar no teste do quadro-negro,,"Uma forma de analisar a ação pública na economia se dá ao considerar o papel do Estado na utilização da política monetária, em sua função estabilizadora.",d4a15324f814cee5480d88d0339b15b1
caderno1 (html),47.1 - Obj.,,Untitled (107).jpeg,verso,?,não,deduzir pelo comentário; redesenhar só se passar no teste do quadro-negro,,"A função alocativa prevê ajustamentos na alocação de recursos com vistas à maior eficiência na utilização dos recursos disponíveis na economia e refere-se à possibilidade de economias externas ou necessidades coletivas, ",d18db1ba519390d6f7f9c1cac0ef5801
caderno1 (html),47.1 - Obj.,,Untitled (112).jpeg,verso,?,não,deduzir pelo comentário; redesenhar só se passar no teste do quadro-negro,,A função distributiva busca tornar compatíveis entre si a distribuição das remunerações dos fatores resultantes da atividade econômica via mercado e aquela que atende aos princípios de justiça social.,208e7a1649f6281419e07a4b283706f4
caderno1 (html),47.1 - Obj.,,Untitled (106).jpeg,verso,?,não,deduzir pelo comentário; redesenhar só se passar no teste do quadro-negro,,A função distributiva busca tornar compatíveis entre si a distribuição das remunerações dos fatores resultantes da atividade econômica via mercado e aquela que atende aos princípios de justiça social.,85a05bb7eaa167f5e97b348520cb3942
caderno1 (html),47.1 - Obj.,,Untitled (114).jpeg,verso,?,não,deduzir pelo comentário; redesenhar só se passar no teste do quadro-negro,,A função alocativa decorre da existência de bens públicos.,71c03f496051105a25e78fd42ef58503
caderno1 (html),47.1 - Obj.,,Untitled (110).jpeg,verso,?,não,deduzir pelo comentário; redesenhar só se passar no teste do quadro-negro,,A função alocativa decorre da existência de bens públicos.,abff8e44134ee14712a2c0ff235b4bef
caderno1 (html),47.1 - Obj.,,Untitled (99).jpeg,verso,?,não,deduzir pelo comentário; redesenhar só se passar no teste do quadro-negro,,"A função desenvolvida pelo Estado com o objetivo de assegurar o ajustamento necessário na apropriação de recursos na economia, visando a correção das imperfeições inerentes à própria lógica de mercado, denomina-se função",d6f0976ade8a16422d2f984a74267a64
caderno1 (html),48.1 - Obj.,,image (179).png,frente,?,não,REENVIAR imagem (frente só com imagem: enunciado ilegível),,"Errado: A soma das elasticidades-renda, ponderadas pela participação dos gastos na renda (que é sempre positiva entre zero e um), resulta em um (1). Portanto, não seria possível ter dois bens de luxo (em que a elasticida",59f05ee20198468613c8880391006aa9
caderno1 (html),48.1 - Obj.,,image (194).png,frente,?,não,REENVIAR imagem (frente só com imagem: enunciado ilegível),,"Certo: O efeito substituição é a modificação no consumo de um bem associada a uma variação em seu preço, mantendo-se constante o nível de utilidade (renda).",7687e0011b0b5f2df741b387b6a8f97c
caderno1 (html),48.1 - Obj.,,image (178).png,frente,?,não,REENVIAR imagem (frente só com imagem: enunciado ilegível),,Errado: Preferir mais a menos é característica da propriedade de monotonicidade. Não tem relação com a propriedade da transitividade.,f581a25e0326e338dab2657e26d93864
caderno1 (html),48.1 - Obj.,,image (182).png,frente,?,não,REENVIAR imagem (frente só com imagem: enunciado ilegível),,"Certo: Ao longo da curva de demanda há diferentes utilidades associadas. O nível de utilidade vai decrescendo à medida que o preço do bem aumenta, com a renda e o preço de outros bens constantes.",8462732c46017d0a7c99f7efa5f0166f
caderno1 (html),48.1 - Obj.,,image (196).png,frente,?,não,REENVIAR imagem (frente só com imagem: enunciado ilegível),,,110ec9abc6f0ff37b13dcd93ff9511b4
caderno1 (html),48.1 - Obj.,,image (192).png,verso,?,não,deduzir pelo comentário; redesenhar só se passar no teste do quadro-negro,,C/E - Simulado Sapientia - Set/2024,def0aea59777461265f789c84b18755f
caderno1 (html),48.1 - Obj.,,image (190).png,frente,?,não,REENVIAR imagem (frente só com imagem: enunciado ilegível),,,26591a80f72a3ffd0c781969defd5bad
caderno1 (html),48.1 - Obj.,,image (174).png,verso,?,não,deduzir pelo comentário; redesenhar só se passar no teste do quadro-negro,,C/E - Simulado Sapientia - Set/2024,45e896077c60fa9b3841c7d33696e25b
caderno1 (html),48.1 - Obj.,,image (183).png,frente,?,não,REENVIAR imagem (frente só com imagem: enunciado ilegível),,,000398c268a2d16640aa84ef11a6bd24
caderno1 (html),48.1 - Obj.,,image (176).png,verso,?,não,deduzir pelo comentário; redesenhar só se passar no teste do quadro-negro,,C/E - Simulado Sapientia - Set/2024,82775c30e300ac652b634d8d1f373e74
caderno1 (html),48.1 - Obj.,,image (180).png,frente,?,não,REENVIAR imagem (frente só com imagem: enunciado ilegível),,,64d0c2f3d5ce1d453124353cf6a6b966
caderno1 (html),48.1 - Obj.,,image (177).png,verso,?,não,deduzir pelo comentário; redesenhar só se passar no teste do quadro-negro,,❌ C/E - Simulado Sapientia - Set/2024,e27f7f3de090e9b35464ad98689d4311
caderno1 (html),48.1 - Obj.,,image (189).png,frente,?,não,REENVIAR imagem (frente só com imagem: enunciado ilegível),,"Errado: Para a economia se manter em equilíbrio, algum componente da demanda agregada terá que cair, mas esse componente não é necessariamente o consumo privado. Por que a Assertiva está Errada? Efeito Multiplicador: Aum",7f84ce9aff9f3ae16c873a7c8950e3db
caderno1 (html),48.1 - Obj.,,image (188).png,frente,?,não,REENVIAR imagem (frente só com imagem: enunciado ilegível),,"Errado: A partir do modelo IS-LM podemos construir a curva de DA, mas nada podemos intuir sobre a OA. Esta irá depender do modelo teórico que se considera (nos “clássicos”, ela é vertical e, para os “keynesianos”, ela é ",4b6fd7d587baee0ddd54ddd756bde36e
caderno1 (html),48.1 - Obj.,,image (185).png,frente,?,não,REENVIAR imagem (frente só com imagem: enunciado ilegível),,"A assertiva está errada porque, no modelo IS-LM-BP com mobilidade perfeita de capitais e câmbio flexível, uma expansão monetária na verdade provoca uma depreciação cambial, não uma apreciação. Vamos explicar e justificar",0eaa560aa41a2344adf3c01ec97f360c
caderno1 (html),48.1 - Obj.,,image (181).png,frente,?,não,REENVIAR imagem (frente só com imagem: enunciado ilegível),,"A assertiva está errada porque, no modelo IS-LM-BP com mobilidade perfeita de capitais e câmbio flexível, uma expansão monetária na verdade provoca uma depreciação cambial, não uma apreciação. Vamos explicar e justificar",423422befeeecfa298ac146bfc4b4af8
caderno1 (html),48.1 - Obj.,,image (184).png,verso,?,não,deduzir pelo comentário; redesenhar só se passar no teste do quadro-negro,,C/E - Simulado Sapientia - Set/2024,22aec03e44ebe9dc6b20a6df3dfbc58c
caderno1 (html),48.1 - Obj.,,image (186).png,frente,?,não,REENVIAR imagem (frente só com imagem: enunciado ilegível),,Certo: O crescimento que expande desproporcionalmente as possibilidades de produção de um país na direção do bem que ele exporta é um crescimento enviesado pela exportação. O crescimento enviesado pela exportação aumenta,7c5d6a80ed7aa8ce32e5caf7f58a9ba5
caderno1 (html),48.1 - Obj.,,image (187).png,frente,?,não,REENVIAR imagem (frente só com imagem: enunciado ilegível),,"Errado: Para uma economia de grande porte, uma tarifa aduaneira aumenta o preço em Doméstica enquanto baixa o preço em Estrangeira. Nesse caso, os produtores ganham, os consumidores perdem e o governo ganha arrecadando. ",14781d59eb02e758029e463840b0a912
caderno1 (html),48.1 - Obj.,,image (193).png,frente,?,não,REENVIAR imagem (frente só com imagem: enunciado ilegível),,Errado: A teoria de Linder defende justamente que a produção de bens para exportação é fortemente influenciada pela demanda doméstica. Linder argumenta que um produto só se torna uma exportação potencial se houver uma de,d20091d8d9d28e6d96e37b81ed0ea4fa
caderno1 (html),48.1 - Obj.,,image (195).png,verso,?,não,deduzir pelo comentário; redesenhar só se passar no teste do quadro-negro,,"C/E - Sobre iniciativas relativas ao gasto público e à tributação ao longo do século XX, é correto afirmar: Item 1 - A Instrução 70 da SUMOC, de 1953, embora exitosa no que tange ao equilíbrio externo, contribuiu para au",105dcdb19ce5efc7ce5a1d09ae8eb7c3
caderno1 (html),48.1 - Obj.,,image (191).png,frente,?,não,REENVIAR imagem (frente só com imagem: enunciado ilegível),,"Errado: A Instrução nº 113 da Sumoc foi baixada em 1955, no Governo Café Filho. INSTRUÇÃO 113 Medida tomada pela Superintendência da Moeda e do Crédito (Sumoc) em 17 de janeiro de 1955 durante o governo de João Café Filh",7ec29283cb51554885d85298ab6f6eb0
caderno1 (html),48.1 - Obj.,,image (175).png,frente,?,não,REENVIAR imagem (frente só com imagem: enunciado ilegível),,"Errado: A Instrução nº 113 da Sumoc foi baixada em 1955, no Governo Café Filho. INSTRUÇÃO 113 Medida tomada pela Superintendência da Moeda e do Crédito (Sumoc) em 17 de janeiro de 1955 durante o governo de João Café Filh",508986a861d65ac1267590492658b805
caderno1 (html),48.1 - Obj.,,Untitled (117).jpeg,verso,?,não,deduzir pelo comentário; redesenhar só se passar no teste do quadro-negro,,"Segundo o modelo da curva de Laffer, a elevação de alíquotas em uma estrutura tributária já representada por alta carga tributária pode afetar negativamente o volume arrecadado.",bb524aa01b052d0d8e3bc78bf6cf711a
caderno1 (html),48.1 - Obj.,,Untitled (116).jpeg,verso,?,não,deduzir pelo comentário; redesenhar só se passar no teste do quadro-negro,,A Curva de Laffer mostra a relação inversa entre a receita tributária e a alíquota do imposto.,369aead8a374d85b93967ee7fa238f1f
caderno1 (html),48.1 - Obj.,,Untitled (118).jpeg,verso,?,não,deduzir pelo comentário; redesenhar só se passar no teste do quadro-negro,,A Curva de Laffer nos alerta para uma relação entre as elasticidades de oferta e demanda em um determinado mercado e o comportamento da receita tributária perante variações na alíquota de um dado imposto que incide sobre,95baa166515f3df4f9dd1f3460afd7da
caderno1 (html),49.1 - Obj.,,image (204).png,verso,?,não,deduzir pelo comentário; redesenhar só se passar no teste do quadro-negro,,"C/E - TPS 2025 A partir do texto apresentado, julgue os itens a seguir. Voltada a influenciar as expectativas de mercado em momentos de instabilidade, a Orientação Futura (FG Forward Guidance) é uma estratégia de comunic",ef3006bcf90feaca7423a179c7f152cd
caderno1 (html),49.1 - Obj.,,image (199).png,verso,?,não,deduzir pelo comentário; redesenhar só se passar no teste do quadro-negro,,"C/E - TPS 2025 A partir do texto apresentado, julgue os itens a seguir. QE (Quantitative Easing) são operações de mercado aberto com objetivo de aumentar a taxa de juros a fim de alinhar as expectativas de mercado e, ass",48b7f038d0f5d6da606b7b056708339c
caderno1 (html),49.1 - Obj.,,image (198).png,verso,?,não,deduzir pelo comentário; redesenhar só se passar no teste do quadro-negro,,"C/E - TPS 2025 O país A tem abundância de mão de obra, e o país B tem abundância de capital. A produção do bem X é mais intensiva em mão de obra, enquanto a produção do bem Y é mais intensiva em capital. Considerando a s",56f2832ebe542ff02bec976c3a83a61e
caderno1 (html),49.1 - Obj.,,image (203).png,verso,?,não,deduzir pelo comentário; redesenhar só se passar no teste do quadro-negro,,"C/E - TPS 2025 O país A tem abundância de mão de obra, e o país B tem abundância de capital. A produção do bem X é mais intensiva em mão de obra, enquanto a produção do bem Y é mais intensiva em capital. Considerando a s",ccc3e5a1fe712dceeb4b20f632917af3
caderno1 (html),49.1 - Obj.,,image (201).png,verso,?,não,deduzir pelo comentário; redesenhar só se passar no teste do quadro-negro,,"C/E - TPS 2025 O país A tem abundância de mão de obra, e o país B tem abundância de capital. A produção do bem X é mais intensiva em mão de obra, enquanto a produção do bem Y é mais intensiva em capital. Considerando a s",88ed020e0c5590286b501b44a075e451
caderno1 (html),49.1 - Obj.,,image (197).png,verso,?,não,deduzir pelo comentário; redesenhar só se passar no teste do quadro-negro,,"C/E - TPS 2025 A respeito da crítica da CEPAL e das ideias de Raúl Prebisch, julgue os itens que se seguem. A deterioração dos termos de troca descrita na hipótese Prebisch-Singer tem relação direta com a inelasticidade-",c03afa652ff060c68a42bffbdb984749
caderno1 (html),49.1 - Obj.,,image (200).png,verso,?,não,deduzir pelo comentário; redesenhar só se passar no teste do quadro-negro,,"C/E - TPS 2025 A respeito de regimes cambiais, julgue o próximo item. No regime de bandas cambiais, quando a taxa de câmbio se aproxima do limite de desvalorização da moeda nacional, a autoridade monetária deve ingressar",bf80e45df09353b9028102d22f9898cc
caderno1 (html),49.1 - Obj.,,image (202).png,verso,?,não,deduzir pelo comentário; redesenhar só se passar no teste do quadro-negro,,"C/E - TPS 2025 Julgue os itens a seguir, relativos a instrumentos de política comercial. A imposição a determinados países de normas técnicas distintas das internacionais não configurará barreira comercial se o objetivo ",e2f1df8b09a81c5d15c19bba8bb7cb01
caderno1 (html),50.1 - Obj.,,image (227).png,verso,?,não,deduzir pelo comentário; redesenhar só se passar no teste do quadro-negro,,"C/E - Clipping - Simuladão Março 2026 - Questão 194 A concorrência monopolística permite a entrada livre de novas empresas, combinada com diferenciação de produtos; no longo prazo, os lucros econômicos tendem azero devid",fda138d17e532dbad9697476183a20cb
caderno1 (html),50.1 - Obj.,,image (230).png,verso,?,não,deduzir pelo comentário; redesenhar só se passar no teste do quadro-negro,,"C/E - Clipping - Simuladão Março 2026 - Questão 194 A concorrência monopolística permite a entrada livre de novas empresas, combinada com diferenciação de produtos; no longo prazo, os lucros econômicos tendem azero devid",5616e4480277de9fa5d8509f948169ce
caderno1 (html),50.1 - Obj.,,image (228).png,verso,?,não,deduzir pelo comentário; redesenhar só se passar no teste do quadro-negro,,"C/E - Clipping - Simuladão Março 2026 - Questão 194 A concorrência monopolística permite a entrada livre de novas empresas, combinada com diferenciação de produtos; no longo prazo, os lucros econômicos tendem azero devid",9c5cd79f853888e48aa99c35229140d8
caderno1 (html),50.1 - Obj.,,image (205).png,verso,?,não,deduzir pelo comentário; redesenhar só se passar no teste do quadro-negro,,"❌ C/E - Clipping - Simuladão Março 2026 - Questão 196 Em regimes de câmbio flutuante puro, a taxa de câmbio é determinada unicamente pelo mercado, sem qualquer possibilidade de intervenção do banco central, mesmo diante ",75f0b72514647852030ba088c0f7422b
caderno1 (html),50.1 - Obj.,,image (206).png,verso,?,não,deduzir pelo comentário; redesenhar só se passar no teste do quadro-negro,,"❌ C/E - Clipping - Simuladão Março 2026 - Questão 198 Reduzir reservas internacionais sem ajustar a taxa de câmbio constitui um instrumento limitado de política cambial contracionista, pois pode impactar negativamente a ",186b57eb8147eb81cd6056c1d26ab9f6
caderno1 (html),50.1 - Obj.,,image (208).png,verso,?,não,deduzir pelo comentário; redesenhar só se passar no teste do quadro-negro,,"❌ C/E - Clipping - Simuladão Março 2026 - Questão 205 Em uma economia aberta com mobilidade perfeita de capitais, uma política fiscal expansionista aumenta ataxa de juros doméstica, atrai entrada de capital estrangeiro e",65d7175b6a57f26b98bda766cd5b6a04
caderno1 (html),50.1 - Obj.,,image (211).png,verso,?,não,deduzir pelo comentário; redesenhar só se passar no teste do quadro-negro,,"❌ C/E - Clipping - Simuladão Março 2026 - Questão 209 O modelo de Solow incorpora progresso tecnológico exógeno, permitindo que o crescimento de longo prazo do produto per capita ocorra mesmo na ausência de aumento do es",e6f9c76539e4d8ac1ae982bdab735175
caderno1 (html),50.1 - Obj.,,image (215).png,verso,?,não,deduzir pelo comentário; redesenhar só se passar no teste do quadro-negro,,"❌ C/E - Clipping - Simuladão Março 2026 - Questão 209 O modelo de Solow incorpora progresso tecnológico exógeno, permitindo que o crescimento de longo prazo do produto per capita ocorra mesmo na ausência de aumento do es",464ad7bce06852b79623a26058ad7d1d
caderno1 (html),50.1 - Obj.,,image (224).png,verso,?,não,deduzir pelo comentário; redesenhar só se passar no teste do quadro-negro,,"❌ C/E - Clipping - Simuladão Março 2026 - Questão 209 O modelo de Solow incorpora progresso tecnológico exógeno, permitindo que o crescimento de longo prazo do produto per capita ocorra mesmo na ausência de aumento do es",87e7af1c3c686c3b4ef487c6c108bbed
caderno1 (html),50.1 - Obj.,,image (221).png,verso,?,não,deduzir pelo comentário; redesenhar só se passar no teste do quadro-negro,,"❌ C/E - Clipping - Simuladão Março 2026 - Questão 209 O modelo de Solow incorpora progresso tecnológico exógeno, permitindo que o crescimento de longo prazo do produto per capita ocorra mesmo na ausência de aumento do es",b63b1fba4384168b40a54bee54aa0290
caderno1 (html),50.1 - Obj.,,image (218).png,verso,?,não,deduzir pelo comentário; redesenhar só se passar no teste do quadro-negro,,"❌ C/E - Clipping - Simuladão Março 2026 - Questão 209 O modelo de Solow incorpora progresso tecnológico exógeno, permitindo que o crescimento de longo prazo do produto per capita ocorra mesmo na ausência de aumento do es",b2511bdc7f0da14b13fe233e36e39da5
caderno1 (html),50.1 - Obj.,,image (217).png,verso,?,não,deduzir pelo comentário; redesenhar só se passar no teste do quadro-negro,,"❌ C/E - Clipping - Simuladão Março 2026 - Questão 209 O modelo de Solow incorpora progresso tecnológico exógeno, permitindo que o crescimento de longo prazo do produto per capita ocorra mesmo na ausência de aumento do es",6a9663be6d5ffe64f06da5eb8f45be99
caderno1 (html),50.1 - Obj.,,image (216).png,verso,?,não,deduzir pelo comentário; redesenhar só se passar no teste do quadro-negro,,"❌ C/E - Clipping - Simuladão Março 2026 - Questão 209 O modelo de Solow incorpora progresso tecnológico exógeno, permitindo que o crescimento de longo prazo do produto per capita ocorra mesmo na ausência de aumento do es",d9f8202ff312aac62b1f7ad6cc7099b0
caderno1 (html),50.1 - Obj.,,image (213).png,verso,?,não,deduzir pelo comentário; redesenhar só se passar no teste do quadro-negro,,"❌ C/E - Clipping - Simuladão Março 2026 - Questão 209 O modelo de Solow incorpora progresso tecnológico exógeno, permitindo que o crescimento de longo prazo do produto per capita ocorra mesmo na ausência de aumento do es",e7a01df8b664bc78ad4b313f8daff8d7
caderno1 (html),50.1 - Obj.,,image (223).png,verso,?,não,deduzir pelo comentário; redesenhar só se passar no teste do quadro-negro,,"❌ C/E - Clipping - Simuladão Março 2026 - Questão 209 O modelo de Solow incorpora progresso tecnológico exógeno, permitindo que o crescimento de longo prazo do produto per capita ocorra mesmo na ausência de aumento do es",e7adf1e0d696cc0fc32b51ddcff23652
caderno1 (html),50.1 - Obj.,,image (219).png,verso,?,não,deduzir pelo comentário; redesenhar só se passar no teste do quadro-negro,,"❌ C/E - Clipping - Simuladão Março 2026 - Questão 209 O modelo de Solow incorpora progresso tecnológico exógeno, permitindo que o crescimento de longo prazo do produto per capita ocorra mesmo na ausência de aumento do es",97acdab09b99b6739de6a370d236766c
caderno1 (html),50.1 - Obj.,,image (210).png,verso,?,não,deduzir pelo comentário; redesenhar só se passar no teste do quadro-negro,,"❌ C/E - Clipping - Simuladão Março 2026 - Questão 209 O modelo de Solow incorpora progresso tecnológico exógeno, permitindo que o crescimento de longo prazo do produto per capita ocorra mesmo na ausência de aumento do es",66d7d945679eb857f3bc714db6920793
caderno1 (html),50.1 - Obj.,,image (209).png,verso,?,não,deduzir pelo comentário; redesenhar só se passar no teste do quadro-negro,,"❌ C/E - Clipping - Simuladão Março 2026 - Questão 209 O modelo de Solow incorpora progresso tecnológico exógeno, permitindo que o crescimento de longo prazo do produto per capita ocorra mesmo na ausência de aumento do es",219d84b0aae6e9234d4b08073bf1e4e4
caderno1 (html),50.1 - Obj.,,image (229).png,verso,?,não,deduzir pelo comentário; redesenhar só se passar no teste do quadro-negro,,"❌ C/E - Clipping - Simuladão Março 2026 - Questão 209 O modelo de Solow incorpora progresso tecnológico exógeno, permitindo que o crescimento de longo prazo do produto per capita ocorra mesmo na ausência de aumento do es",a4b7644ed978cf04ea395e4f546b7367
caderno1 (html),50.1 - Obj.,,image (226).png,verso,?,não,deduzir pelo comentário; redesenhar só se passar no teste do quadro-negro,,"❌ C/E - Clipping - Simuladão Março 2026 - Questão 209 O modelo de Solow incorpora progresso tecnológico exógeno, permitindo que o crescimento de longo prazo do produto per capita ocorra mesmo na ausência de aumento do es",7cc6ae3c90bf51b909313428d92e379f
caderno1 (html),50.1 - Obj.,,image (225).png,verso,?,não,deduzir pelo comentário; redesenhar só se passar no teste do quadro-negro,,"❌ C/E - Clipping - Simuladão Março 2026 - Questão 209 O modelo de Solow incorpora progresso tecnológico exógeno, permitindo que o crescimento de longo prazo do produto per capita ocorra mesmo na ausência de aumento do es",e3eaa86258d724ff85f6722139af4257
caderno1 (html),50.1 - Obj.,,image (220).png,verso,?,não,deduzir pelo comentário; redesenhar só se passar no teste do quadro-negro,,"❌ C/E - Clipping - Simuladão Março 2026 - Questão 209 O modelo de Solow incorpora progresso tecnológico exógeno, permitindo que o crescimento de longo prazo do produto per capita ocorra mesmo na ausência de aumento do es",9320b7cb369341f16bf505d4db8ca1ed
caderno1 (html),50.1 - Obj.,,image (222).png,verso,?,não,deduzir pelo comentário; redesenhar só se passar no teste do quadro-negro,,"❌ C/E - Clipping - Simuladão Março 2026 - Questão 209 O modelo de Solow incorpora progresso tecnológico exógeno, permitindo que o crescimento de longo prazo do produto per capita ocorra mesmo na ausência de aumento do es",b415a33c219ca2477f5f6895ae589b74
caderno1 (html),50.1 - Obj.,,image (212).png,verso,?,não,deduzir pelo comentário; redesenhar só se passar no teste do quadro-negro,,"❌ C/E - Clipping - Simuladão Março 2026 - Questão 209 O modelo de Solow incorpora progresso tecnológico exógeno, permitindo que o crescimento de longo prazo do produto per capita ocorra mesmo na ausência de aumento do es",b184a7fa43b04b517ed5fe2ed0603525
caderno1 (html),50.1 - Obj.,,image (207).png,verso,?,não,deduzir pelo comentário; redesenhar só se passar no teste do quadro-negro,,"❌ C/E - Clipping - Simuladão Março 2026 - Questão 209 O modelo de Solow incorpora progresso tecnológico exógeno, permitindo que o crescimento de longo prazo do produto per capita ocorra mesmo na ausência de aumento do es",76e52ed7a3da0702f8bd5091bcf25e42
caderno1 (html),50.1 - Obj.,,image (214).png,verso,?,não,deduzir pelo comentário; redesenhar só se passar no teste do quadro-negro,,"❌ C/E - Clipping - Simuladão Março 2026 - Questão 209 O modelo de Solow incorpora progresso tecnológico exógeno, permitindo que o crescimento de longo prazo do produto per capita ocorra mesmo na ausência de aumento do es",f615b2ef6f303524379db6721b583f85
caderno1 (html),56.1 -  Obj.,,976907-b4f5ba72-ed13-463f-b327-7562e4f0d738.png,verso,?,não,deduzir pelo comentário; redesenhar só se passar no teste do quadro-negro,,"C/E (2019) - No modelo de Harrod-Domar, o produto de uma economia é função do estoque de capital, e a taxa de crescimento de longo prazo é determinada pela produtividade total dos fatores. ",984733a97671f8bb9484772661241d33
caderno1 (html),56.1 -  Obj.,,976907-233ad0a4-f026-4bb8-9c6c-ce95415e999a.png,verso,?,não,deduzir pelo comentário; redesenhar só se passar no teste do quadro-negro,,"C/E (2019) - No modelo de Harrod-Domar, o produto de uma economia é função do estoque de capital, e a taxa de crescimento de longo prazo é determinada pela produtividade total dos fatores. ",09842a4dbd3cc9813638fe3101007ed5
caderno1 (html),56.1 -  Obj.,,image (255).png,verso,?,não,deduzir pelo comentário; redesenhar só se passar no teste do quadro-negro,,"C/E (2019) - No modelo de Harrod-Domar, o produto de uma economia é função do estoque de capital, e a taxa de crescimento de longo prazo é determinada pela produtividade total dos fatores. ",c7c8a3121ffe1ff809d47a4b3039bc49
caderno1 (html),56.1 -  Obj.,,image (257).png,verso,?,não,deduzir pelo comentário; redesenhar só se passar no teste do quadro-negro,,"C/E (2019) - No modelo de Harrod-Domar, o produto de uma economia é função do estoque de capital, e a taxa de crescimento de longo prazo é determinada pela produtividade total dos fatores. ",6a04b5bc41e71d559313fdf017f8f1fd
caderno1 (html),56.1 -  Obj.,,image (260).png,verso,?,não,deduzir pelo comentário; redesenhar só se passar no teste do quadro-negro,,"C/E (2019) - No modelo de Harrod-Domar, o produto de uma economia é função do estoque de capital, e a taxa de crescimento de longo prazo é determinada pela produtividade total dos fatores. ",623cbdf7a8728d3e317e4141cfca6c2b
caderno1 (html),56.1 -  Obj.,,image (261).png,verso,?,não,deduzir pelo comentário; redesenhar só se passar no teste do quadro-negro,,"C/E (2019) - No modelo de Harrod-Domar, o produto de uma economia é função do estoque de capital, e a taxa de crescimento de longo prazo é determinada pela produtividade total dos fatores. ",cef104e2fad738121f39b712e395c2e9
caderno1 (html),56.1 -  Obj.,,image (256).png,verso,?,não,deduzir pelo comentário; redesenhar só se passar no teste do quadro-negro,,"C/E (2019) - No modelo de Harrod-Domar, o produto de uma economia é função do estoque de capital, e a taxa de crescimento de longo prazo é determinada pela produtividade total dos fatores. ",8050a26fc2598a158650806bec506e21
caderno1 (html),56.1 -  Obj.,,6c708528-1215-4d5b-9fea-81209e54b9a3,verso,?,não,deduzir pelo comentário; redesenhar só se passar no teste do quadro-negro,,"C/E (2019) - Aumentos da taxa de poupança, no modelo de Solow, resultam em uma aceleração apenas temporária do crescimento de uma economia, uma vez que a função de produção apresenta retornos decrescentes de escala no ca",4a693edc6eefaf3319a4e5bdc787a07a
caderno1 (html),56.1 -  Obj.,,image (258).png,verso,?,não,deduzir pelo comentário; redesenhar só se passar no teste do quadro-negro,,"C/E (2019) - De acordo com o modelo de Solow, quando a economia se encontra em crescimento balanceado, o estoque de capital e o produto crescem à mesma taxa, o que implica que a relação capital-produto permanece constant",ea1e213d00a7be3411904c7772565574
caderno1 (html),56.1 -  Obj.,,image (253).png,verso,?,não,deduzir pelo comentário; redesenhar só se passar no teste do quadro-negro,,"C/E (2019) - Uma característica definidora dos modelos de crescimento endógeno mais recentes é a incorporação da inovação tecnológica como variável interna, decorrente das decisões dos agentes econômicos.",b999fe93b865ea597d1e8d8ee95e3386
caderno1 (html),56.1 -  Obj.,,image (254).png,verso,?,não,deduzir pelo comentário; redesenhar só se passar no teste do quadro-negro,,"C/E (2019) - Uma característica definidora dos modelos de crescimento endógeno mais recentes é a incorporação da inovação tecnológica como variável interna, decorrente das decisões dos agentes econômicos.",6f0a0bcb6c4f235eec5faff994943163
caderno1 (html),56.1 -  Obj.,,image (259).png,verso,?,não,deduzir pelo comentário; redesenhar só se passar no teste do quadro-negro,,"C/E (2019) - Uma característica definidora dos modelos de crescimento endógeno mais recentes é a incorporação da inovação tecnológica como variável interna, decorrente das decisões dos agentes econômicos.",14213700394fa0c2a16642c844df1763
caderno1 (html),56.1 -  Obj.,,image (231).png,verso,?,não,deduzir pelo comentário; redesenhar só se passar no teste do quadro-negro,,"C/E (2022) - Schumpeter cunhou a expressão “destruição criadora” para descrever o processo pelo qual as inovações revolucionam a estrutura econômica a partir de dentro, destruindo incessantemente o antigo e criando eleme",88449f61f370c305a020154ac75c236e
caderno1 (html),56.1 -  Obj.,,2d1d6f3a-d472-443c-84f5-1bff155569fe,verso,?,não,deduzir pelo comentário; redesenhar só se passar no teste do quadro-negro,,"❗C/E (2022) - Nos parâmetros do modelo de Solow, o aumento da taxa de poupança é irrelevante para o nível de renda per capita de longo prazo de uma sociedade, pois o estado estacionário é afetado somente pelo nível de pr",308703fa05ba20c0b0a89734a23084fa
caderno1 (html),56.1 -  Obj.,,image (232).png,verso,?,não,deduzir pelo comentário; redesenhar só se passar no teste do quadro-negro,,"❌ C/E (2022) - Segundo neoinstitucionalistas como Douglass North, as instituições, entendidas como as regras do jogo de uma sociedade, são o principal elemento responsável pelo aumento do nível de renda nos últimos sécul",d45cd3de4c32ab9a8cb77a40b814e5d2
caderno1 (html),56.1 -  Obj.,,image (235).png,verso,?,não,deduzir pelo comentário; redesenhar só se passar no teste do quadro-negro,,"❌ C/E (2022) - Segundo neoinstitucionalistas como Douglass North, as instituições, entendidas como as regras do jogo de uma sociedade, são o principal elemento responsável pelo aumento do nível de renda nos últimos sécul",f61a4dd29822af9571a9db81a64ecdf2
caderno1 (html),56.1 -  Obj.,,image (234).png,verso,?,não,deduzir pelo comentário; redesenhar só se passar no teste do quadro-negro,,"❌ C/E (2022) - De acordo com o economista Robert Allen, a Revolução Industrial e o consequente aumento do nível de renda são principalmente causados pelos altos salários e pelo baixo preço da energia, observados na Grã-B",a52ac3d79c632fdce10fb0a073ee20a6
caderno1 (html),56.1 -  Obj.,,image (233).png,verso,?,não,deduzir pelo comentário; redesenhar só se passar no teste do quadro-negro,,"C/E (2022) - Economistas como Jeffrey Sachs atribuem a fatores geográficos, como a propensão à incidência de malária, uma contribuição substantiva para as diferentes trajetórias de crescimento e a presença de armadilhas ",e809669987edc77659d640d3df5624d9
caderno1 (html),56.1 -  Obj.,,image (239).png,verso,?,não,deduzir pelo comentário; redesenhar só se passar no teste do quadro-negro,,"C/E (2022) - Economistas como Jeffrey Sachs atribuem a fatores geográficos, como a propensão à incidência de malária, uma contribuição substantiva para as diferentes trajetórias de crescimento e a presença de armadilhas ",dafe0d101e874d355a09e4e2c96bb568
caderno1 (html),56.1 -  Obj.,,image (236).png,verso,?,não,deduzir pelo comentário; redesenhar só se passar no teste do quadro-negro,,"C/E (2022) - Economistas como Jeffrey Sachs atribuem a fatores geográficos, como a propensão à incidência de malária, uma contribuição substantiva para as diferentes trajetórias de crescimento e a presença de armadilhas ",c67fecc47003df16dbb4203862026dbb
caderno1 (html),56.1 -  Obj.,,image (249).png,verso,?,não,deduzir pelo comentário; redesenhar só se passar no teste do quadro-negro,,"❌ C/E (Simulado - Clipping - 07/23) No modelo de Solow, o steady state é caracterizado por poupança per capita igual ao alargamento do capital.",eefca5048a8e6c66c0d321a54629ad2f
caderno1 (html),56.1 -  Obj.,,image (247).png,verso,?,não,deduzir pelo comentário; redesenhar só se passar no teste do quadro-negro,,"❌ Senado - Consultor/Pronunciamentos (Área XX) - 2022 Em relação ao modelo de crescimento de Harro-Domar, analise as afirmativas a seguir. 1. O aumento do investimento agregado resulta em: (i) aumento da demanda pelo pro",02dec94ea8bd7d6326b9328dc9cfb48e
caderno1 (html),56.1 -  Obj.,,image (251).png,verso,?,não,deduzir pelo comentário; redesenhar só se passar no teste do quadro-negro,,"❌ Senado - Consultor/Pronunciamentos (Área XX) - 2022 Em relação ao modelo de crescimento de Harro-Domar, analise as afirmativas a seguir. 1. O aumento do investimento agregado resulta em: (i) aumento da demanda pelo pro",da878653c019e9d50aeaca10c711bfe9
caderno1 (html),56.1 -  Obj.,,image (244).png,verso,?,não,deduzir pelo comentário; redesenhar só se passar no teste do quadro-negro,,"❌ Senado - Consultor/Pronunciamentos (Área XX) - 2022 Em relação ao modelo de crescimento de Harro-Domar, analise as afirmativas a seguir. 1. O aumento do investimento agregado resulta em: (i) aumento da demanda pelo pro",7a10a79de1cc4b026d5cdae5d611b1cc
caderno1 (html),56.1 -  Obj.,,image (243).png,verso,?,não,deduzir pelo comentário; redesenhar só se passar no teste do quadro-negro,,"❌ Senado - Consultor/Pronunciamentos (Área XX) - 2022 Em relação ao modelo de crescimento de Harro-Domar, analise as afirmativas a seguir. 1. O aumento do investimento agregado resulta em: (i) aumento da demanda pelo pro",3472daa40b5ab050a45dc309a9221eb4
caderno1 (html),56.1 -  Obj.,,image (248).png,verso,?,não,deduzir pelo comentário; redesenhar só se passar no teste do quadro-negro,,"❌ Senado - Consultor/Pronunciamentos (Área XX) - 2022 Em relação ao modelo de crescimento de Harro-Domar, analise as afirmativas a seguir. 1. O aumento do investimento agregado resulta em: (i) aumento da demanda pelo pro",7b5b84e594cd578df4cee901b98a6191
caderno1 (html),56.1 -  Obj.,,image (237).png,verso,?,não,deduzir pelo comentário; redesenhar só se passar no teste do quadro-negro,,"❌ Senado - Consultor/Pronunciamentos (Área XX) - 2022 Em relação ao modelo de crescimento de Harro-Domar, analise as afirmativas a seguir. 1. O aumento do investimento agregado resulta em: (i) aumento da demanda pelo pro",fedc18489d768f129d474b6683d7f934
caderno1 (html),56.1 -  Obj.,,image (246).png,verso,?,não,deduzir pelo comentário; redesenhar só se passar no teste do quadro-negro,,"❌ Senado - Consultor/Pronunciamentos (Área XX) - 2022 Em relação ao modelo de crescimento de Harro-Domar, analise as afirmativas a seguir. 1. O aumento do investimento agregado resulta em: (i) aumento da demanda pelo pro",a4c84489d647c9943cea059d960cef5b
caderno1 (html),56.1 -  Obj.,,image (245).png,verso,?,não,deduzir pelo comentário; redesenhar só se passar no teste do quadro-negro,,"❌ Senado - Consultor/Pronunciamentos (Área XX) - 2022 Em relação ao modelo de crescimento de Harro-Domar, analise as afirmativas a seguir. 1. O aumento do investimento agregado resulta em: (i) aumento da demanda pelo pro",14f3677f197ee509b67905e02afcace7
caderno1 (html),56.1 -  Obj.,,image (250).png,verso,?,não,deduzir pelo comentário; redesenhar só se passar no teste do quadro-negro,,"❌ Senado - Consultor/Pronunciamentos (Área XX) - 2022 Em relação ao modelo de crescimento de Harro-Domar, analise as afirmativas a seguir. 1. O aumento do investimento agregado resulta em: (i) aumento da demanda pelo pro",59e51ff823cd20e139ef6289af1b9ee6
caderno1 (html),56.1 -  Obj.,,image (242).png,verso,?,não,deduzir pelo comentário; redesenhar só se passar no teste do quadro-negro,,"❌ Senado - Consultor/Pronunciamentos (Área XX) - 2022 Em relação ao modelo de crescimento de Harro-Domar, analise as afirmativas a seguir. 1. O aumento do investimento agregado resulta em: (i) aumento da demanda pelo pro",3b79799db1dbd8bd17bf11858b1cc1f9
caderno1 (html),56.1 -  Obj.,,image (238).png,verso,?,não,deduzir pelo comentário; redesenhar só se passar no teste do quadro-negro,,"C/E (Questões - Daniel - Economia CACD - Telegram) Questão 2 Segundo o modelo neoclássico de Solow, um aumento da taxa de poupança faz a economia crescer até que alcance o novo estado estacionário. Logo, políticas que au",22f7a658c33c5cd84d560bf60718e873
caderno1 (html),56.1 -  Obj.,,image (240).png,verso,?,não,deduzir pelo comentário; redesenhar só se passar no teste do quadro-negro,,❌ C/E (Questões - Daniel - Economia CACD - Telegram) Questão 13 O modelo de Harrod-Domar conclui que uma economia não alcança o pleno emprego e taxas estáveis de crescimento naturalmente.,00ec6156a02ea7eb0afedca9c645a2a2
caderno1 (html),56.1 -  Obj.,,image (241).png,verso,?,não,deduzir pelo comentário; redesenhar só se passar no teste do quadro-negro,,C/E (Questões - Daniel - Economia CACD - Telegram) Questão 17 O modelo de Solow é uma Teoria Neoclássica que descreve como a taxa de crescimento na economia é instável e resultado de uma combinação de três forças princip,d3b54c0be3a499f4a6ee55fc3f4ac2d5
caderno1 (html),56.1 -  Obj.,,image (252).png,verso,?,não,deduzir pelo comentário; redesenhar só se passar no teste do quadro-negro,,"C/E (Questões - Daniel - Economia CACD - Telegram) Questão 27 No modelo de Solow, o aumento da taxa de poupança faz a economia crescer até que alcance o novo estado estacionário. Assim, a acumulação de capital é a poupan",8fe3811f8e1a3b3dc1719c405a391924
caderno1 (html),56.1 -  Obj.,,macro_aula_7-05.png,verso,?,não,deduzir pelo comentário; redesenhar só se passar no teste do quadro-negro,,"C/E - Rodrigo Teixeira - Aula 7 - Macro Com relação aos modelos de crescimento econômico de Solow, julgue C/E: Se um país tem um estoque de capital per capita abaixo do nível da regra de ouro, então este país precisa ele",6af9af02cdd5564a3b85e29a443dd236
caderno1 (html),56.1 -  Obj.,,image (262).png,verso,?,não,deduzir pelo comentário; redesenhar só se passar no teste do quadro-negro,,"C/E - Rodrigo Teixeira - Aula 7 - Macro Com relação aos modelos de crescimento econômico de Solow, julgue C/E: Se um país tem um estoque de capital per capita abaixo do nível da regra de ouro, então este país precisa ele",893bcc821dcc515dfd8fd4e0f27a77b8
caderno1 (html),66.1 - Obj.,,cbbcc60f-a8c9-40ad-9961-ee33545af969,verso,?,não,deduzir pelo comentário; redesenhar só se passar no teste do quadro-negro,,"⌚C/E (2019) - O aumento temporário da oferta de moeda, em regime de câmbio flutuante, resulta em queda da taxa doméstica de juros e depreciação da moeda doméstica. Em curto prazo, haverá redução da demanda agregada e do ",037d5d0e2f2c25f36a7cd82b64a395c1
caderno1 (html),66.1 - Obj.,,fb030e39-450d-4bfc-a87f-c93f7b3769f7,verso,?,não,deduzir pelo comentário; redesenhar só se passar no teste do quadro-negro,,"⌚C/E (2019) - O aumento temporário da oferta de moeda, em regime de câmbio flutuante, resulta em queda da taxa doméstica de juros e depreciação da moeda doméstica. Em curto prazo, haverá redução da demanda agregada e do ",0e409edd7c0d6dd27f85d4195e644db4
caderno1 (html),66.1 - Obj.,,image (264).png,verso,?,não,deduzir pelo comentário; redesenhar só se passar no teste do quadro-negro,,C/E (Questões - Daniel - Economia CACD - Telegram) Questão 1: Uma das causas mais importantes da queda do euro em relação ao dólar americano é a diferença da política monetária do Federal Reserve dos Estados Unidos e do ,cd4f77c4ba54a17156109ec227e7d4ab
caderno1 (html),66.1 - Obj.,,image (263).png,verso,?,não,deduzir pelo comentário; redesenhar só se passar no teste do quadro-negro,,"❌ C/E (Questões - Daniel - Economia CACD - Telegram) Questão 32 Em um regime de câmbio flutuante e com perfeita mobilidade de capitais, a política monetária neste caso, é plenamente eficaz, pois aumenta o nível de renda ",f3b94383d49965a24af16b840b7e4800
caderno1 (html),66.1 - Obj.,,image (265).png,verso,?,não,deduzir pelo comentário; redesenhar só se passar no teste do quadro-negro,,"❌ C/E (Questões - Daniel - Economia CACD - Telegram) Questão 32 Em um regime de câmbio flutuante e com perfeita mobilidade de capitais, a política monetária neste caso, é plenamente eficaz, pois aumenta o nível de renda ",94fbedebdaaf5c5d779ff3803d09141c
caderno1 (html),66.1 - Obj.,,Untitled (119).jpeg,verso,?,não,deduzir pelo comentário; redesenhar só se passar no teste do quadro-negro,,"A hipótese do Efeito da Curva J preconiza que no curto prazo o saldo da balança comercial de um país pode piorar frente a um choque de desvalorização do câmbio, aumentando após certo período de tempo.",48d94166608f22cc31b6d84fdfe89728
caderno1 (html),67.1 - Obj. 🪖,,image (276).png,verso,?,não,deduzir pelo comentário; redesenhar só se passar no teste do quadro-negro,,"C/E - TPS 2024 A moeda de curso internacional deve ser capaz de desempenhar as funções de meio de liquidação das transações e dos contratos, unidade de conta e reserva de valor; assim, a confiança em uma moeda como reser",5711bdc5b171a4b22ccab2a9cf58599b
caderno1 (html),67.1 - Obj. 🪖,,image (269).png,verso,?,não,deduzir pelo comentário; redesenhar só se passar no teste do quadro-negro,,"C/E - TPS 2024 Quando as importações de um país superam suas exportações, diz-se que o país tem déficit em conta-corrente; portanto, é correto concluir que, se um país compra mais dos estrangeiros do que vende a estes, e",7bfa3214070a9d715d608a5025cc90c0
caderno1 (html),67.1 - Obj. 🪖,,41c9ffda-ec50-4fe0-b718-b85c018e22e6,verso,?,não,deduzir pelo comentário; redesenhar só se passar no teste do quadro-negro,,"❌ C/E - TPS 2024 As transferências unilaterais líquidas não são consideradas parte da conta-corrente, visto que, por sua natureza, elas não são resultado da compra e venda de nenhuma mercadoria, serviço ou ativo.",e21d1c83fdc0d35ebc4c9133ee822846
caderno1 (html),67.1 - Obj. 🪖,,image (268).png,verso,?,não,deduzir pelo comentário; redesenhar só se passar no teste do quadro-negro,,"❌ C/E - TPS 2024 As transferências unilaterais líquidas não são consideradas parte da conta-corrente, visto que, por sua natureza, elas não são resultado da compra e venda de nenhuma mercadoria, serviço ou ativo.",03130f44920bc5fdb25de9ae82a811fc
caderno1 (html),67.1 - Obj. 🪖,,image (280).png,verso,?,não,deduzir pelo comentário; redesenhar só se passar no teste do quadro-negro,,"❌ C/E - TPS 2024 As transferências unilaterais líquidas não são consideradas parte da conta-corrente, visto que, por sua natureza, elas não são resultado da compra e venda de nenhuma mercadoria, serviço ou ativo.",cbf5996ee922eafcf94f9ef3fb2da512
caderno1 (html),67.1 - Obj. 🪖,,image (281).png,verso,?,não,deduzir pelo comentário; redesenhar só se passar no teste do quadro-negro,,"C/E - TPS 2024 A conta financeira do balanço de pagamentos, que registra todas as compras e vendas internacionais de ativos financeiros, direitos sobre recursos naturais, marcas, logotipos e domínios, contribui para a an",4ac1fc47607424f287a679a0510f5924
caderno1 (html),67.1 - Obj. 🪖,,41c9ffda-ec50-4fe0-b718-b85c018e22e6,verso,?,não,deduzir pelo comentário; redesenhar só se passar no teste do quadro-negro,,"C/E - TPS 2024 A conta financeira do balanço de pagamentos, que registra todas as compras e vendas internacionais de ativos financeiros, direitos sobre recursos naturais, marcas, logotipos e domínios, contribui para a an",e21d1c83fdc0d35ebc4c9133ee822846
caderno1 (html),67.1 - Obj. 🪖,,image (267).png,verso,?,não,deduzir pelo comentário; redesenhar só se passar no teste do quadro-negro,,"C/E - TPS 2024 A conta financeira do balanço de pagamentos, que registra todas as compras e vendas internacionais de ativos financeiros, direitos sobre recursos naturais, marcas, logotipos e domínios, contribui para a an",5eed779a1e9069b79935fa0501afec15
caderno1 (html),67.1 - Obj. 🪖,,3083070-debf4034-35f7-4b0c-a09b-fc9e77ad532a.png,verso,?,não,deduzir pelo comentário; redesenhar só se passar no teste do quadro-negro,,"C/E - TPS 2024 Frente à crise internacional nos anos de 2007 e 2008, o Comitê da Basileia (Basileia III), do qual o Brasil faz parte, buscou fomentar boas práticas nas instituições financeiras. Considerando o objetivo do",df5a56c9459f7c639329e12e593fee78
caderno1 (html),67.1 - Obj. 🪖,,image (271).png,verso,?,não,deduzir pelo comentário; redesenhar só se passar no teste do quadro-negro,,C/E - TPS 2024 Todas as instituições integrantes do Sistema Financeiro Nacional são supervisionadas pelo Banco Central do Brasil.,1933a846a95c84de38bd9cf49723c039
caderno1 (html),67.1 - Obj. 🪖,,image (266).png,verso,?,não,deduzir pelo comentário; redesenhar só se passar no teste do quadro-negro,,"❌ C/E - TPS 2024 Um comentarista de rádio proferiu a seguinte frase a respeito do baterista de uma banda de rock: “O João não é o melhor baterista do mundo… sejamos sinceros, ele não é nem o melhor baterista da sua banda",82c924826bf2d650f3f83277ad427ad3
caderno1 (html),67.1 - Obj. 🪖,,image (279).png,verso,?,não,deduzir pelo comentário; redesenhar só se passar no teste do quadro-negro,,"❌ C/E - TPS 2024 Um comentarista de rádio proferiu a seguinte frase a respeito do baterista de uma banda de rock: “O João não é o melhor baterista do mundo… sejamos sinceros, ele não é nem o melhor baterista da sua banda",b35f53ae5686c4caad815eae9cf3f709
caderno1 (html),67.1 - Obj. 🪖,,image (275).png,verso,?,não,deduzir pelo comentário; redesenhar só se passar no teste do quadro-negro,,"C/E - TPS 2024 Um comentarista de rádio proferiu a seguinte frase a respeito do baterista de uma banda de rock: “O João não é o melhor baterista do mundo… sejamos sinceros, ele não é nem o melhor baterista da sua banda!”",24ff26d4d4c333141c6103671d15075b
caderno1 (html),67.1 - Obj. 🪖,,image (277).png,verso,?,não,deduzir pelo comentário; redesenhar só se passar no teste do quadro-negro,,"C/E - TPS 2024 Um comentarista de rádio proferiu a seguinte frase a respeito do baterista de uma banda de rock: “O João não é o melhor baterista do mundo… sejamos sinceros, ele não é nem o melhor baterista da sua banda!”",3253d4d532e9c92ce0f2e3a6a7caa66d
caderno1 (html),67.1 - Obj. 🪖,,image (270).png,verso,?,não,deduzir pelo comentário; redesenhar só se passar no teste do quadro-negro,,"C/E - TPS 2024 Em relação à macroeconomia internacional dos fluxos de bens e de capital, julgue (C ou E) o item a seguir. A maioria dos países em desenvolvimento tem quase nenhum fluxo de capitais, devido à falta de ince",2b680f11b94804c7e9c3a9f8eaf2f952
caderno1 (html),67.1 - Obj. 🪖,,image (272).png,verso,?,não,deduzir pelo comentário; redesenhar só se passar no teste do quadro-negro,,"❌ C/E - TPS 2024 Em relação à macroeconomia internacional dos fluxos de bens e de capital, julgue (C ou E) o item a seguir. Um superávit comercial produz aumento no passivo da autoridade monetária, como um banco central,",40607de0bc2129f5f1d56d13d4d8e9de
caderno1 (html),67.1 - Obj. 🪖,,41c9ffda-ec50-4fe0-b718-b85c018e22e6,verso,?,não,deduzir pelo comentário; redesenhar só se passar no teste do quadro-negro,,"❌ C/E - TPS 2024 Em relação à macroeconomia internacional dos fluxos de bens e de capital, julgue (C ou E) o item a seguir. Um superávit comercial produz aumento no passivo da autoridade monetária, como um banco central,",e21d1c83fdc0d35ebc4c9133ee822846
caderno1 (html),67.1 - Obj. 🪖,,41c9ffda-ec50-4fe0-b718-b85c018e22e6,verso,?,não,deduzir pelo comentário; redesenhar só se passar no teste do quadro-negro,,"C/E - TPS 2024 Em relação à macroeconomia internacional dos fluxos de bens e de capital, julgue (C ou E) o item a seguir. Os recursos estrangeiros que entram em um país para aplicações no mercado financeiro não são conta",e21d1c83fdc0d35ebc4c9133ee822846
caderno1 (html),67.1 - Obj. 🪖,,image (278).png,verso,?,não,deduzir pelo comentário; redesenhar só se passar no teste do quadro-negro,,"C/E - TPS 2024 Em relação à macroeconomia internacional dos fluxos de bens e de capital, julgue (C ou E) o item a seguir. Os recursos estrangeiros que entram em um país para aplicações no mercado financeiro não são conta",518c04a76d975b063c41a13467f76f5b
caderno1 (html),67.1 - Obj. 🪖,,image (274).png,verso,?,não,deduzir pelo comentário; redesenhar só se passar no teste do quadro-negro,,"C/E - TPS 2024 Em relação à macroeconomia internacional dos fluxos de bens e de capital, julgue (C ou E) o item a seguir. Na contabilização do investimento estrangeiro direto, incluem-se apenas os capitais que tenham cru",70862e47562aa50bb28eed65c9f03241
caderno1 (html),67.1 - Obj. 🪖,,image (273).png,verso,?,não,deduzir pelo comentário; redesenhar só se passar no teste do quadro-negro,,"C/E - TPS 2024 Em relação à macroeconomia internacional dos fluxos de bens e de capital, julgue (C ou E) o item a seguir. Na contabilização do investimento estrangeiro direto, incluem-se apenas os capitais que tenham cru",10adcf1186508d799fed5887f522c07b
caderno1 (html),67.1 - Obj. 🪖,,image (282).png,verso,?,não,deduzir pelo comentário; redesenhar só se passar no teste do quadro-negro,,"❌ C/E - TPS 2024 A respeito do Plano de Metas, implementado no governo de Juscelino Kubitschek, julgue (C ou E) o item a seguir: Com o objetivo de aprofundar a industrialização por substituição de importações, o governo ",de4e5fb6fb04078f5e14fb42f1dd4ddf
caderno1 (html),70.1 - Obj.,,image (283).png,verso,?,não,deduzir pelo comentário; redesenhar só se passar no teste do quadro-negro,,O diplomata responsável pelo setor econômico da embaixada brasileira em determinado país elaborou e enviou à Secretaria de Estado um relatório sobre a situação econômica desse país. Considerando o fato de que uma das fun,980ec7d736a4537f88ca61ba8bc7d007
caderno1 (html),70.1 - Obj.,,image (293).png,verso,?,não,deduzir pelo comentário; redesenhar só se passar no teste do quadro-negro,,O diplomata responsável pelo setor econômico da embaixada brasileira em determinado país elaborou e enviou à Secretaria de Estado um relatório sobre a situação econômica desse país. Considerando o fato de que uma das fun,af1cfe27eb7aa97656003fcef62f225a
caderno1 (html),70.1 - Obj.,,image (296).png,verso,?,não,deduzir pelo comentário; redesenhar só se passar no teste do quadro-negro,,O diplomata responsável pelo setor econômico da embaixada brasileira em determinado país elaborou e enviou à Secretaria de Estado um relatório sobre a situação econômica desse país. Considerando o fato de que uma das fun,3cc03d4857cf755001e051bb621f16c8
caderno1 (html),70.1 - Obj.,,00035.jpeg,verso,?,não,deduzir pelo comentário; redesenhar só se passar no teste do quadro-negro,,O diplomata responsável pelo setor econômico da embaixada brasileira em determinado país elaborou e enviou à Secretaria de Estado um relatório sobre a situação econômica desse país. Considerando o fato de que uma das fun,fea1048825cb7c85467e845bf4c04d29
caderno1 (html),70.1 - Obj.,,image (292).png,verso,?,não,deduzir pelo comentário; redesenhar só se passar no teste do quadro-negro,,O diplomata responsável pelo setor econômico da embaixada brasileira em determinado país elaborou e enviou à Secretaria de Estado um relatório sobre a situação econômica desse país. Considerando o fato de que uma das fun,242fc1339524a025f4881faa5470d265
caderno1 (html),70.1 - Obj.,,image (300).png,verso,?,não,deduzir pelo comentário; redesenhar só se passar no teste do quadro-negro,,O diplomata responsável pelo setor econômico da embaixada brasileira em determinado país elaborou e enviou à Secretaria de Estado um relatório sobre a situação econômica desse país. Considerando o fato de que uma das fun,863e8d7801d276f7874a5982dbd0f41d
caderno1 (html),70.1 - Obj.,,image (299).png,verso,?,não,deduzir pelo comentário; redesenhar só se passar no teste do quadro-negro,,O diplomata responsável pelo setor econômico da embaixada brasileira em determinado país elaborou e enviou à Secretaria de Estado um relatório sobre a situação econômica desse país. Considerando o fato de que uma das fun,2229467c8f08edd2173ec24d3028835e
caderno1 (html),70.1 - Obj.,,00036.jpeg,verso,?,não,deduzir pelo comentário; redesenhar só se passar no teste do quadro-negro,,O diplomata responsável pelo setor econômico da embaixada brasileira em determinado país elaborou e enviou à Secretaria de Estado um relatório sobre a situação econômica desse país. Considerando o fato de que uma das fun,fbdd8173e6318579e7d00c380d0ed0a0
caderno1 (html),70.1 - Obj.,,image (302).png,verso,?,não,deduzir pelo comentário; redesenhar só se passar no teste do quadro-negro,,O diplomata responsável pelo setor econômico da embaixada brasileira em determinado país elaborou e enviou à Secretaria de Estado um relatório sobre a situação econômica desse país. Considerando o fato de que uma das fun,2cf1130cad974834edeafc8999e5e472
caderno1 (html),70.1 - Obj.,,image (301).png,verso,?,não,deduzir pelo comentário; redesenhar só se passar no teste do quadro-negro,,O diplomata responsável pelo setor econômico da embaixada brasileira em determinado país elaborou e enviou à Secretaria de Estado um relatório sobre a situação econômica desse país. Considerando o fato de que uma das fun,c2cc25a88f491539e6eedb75553a58bc
caderno1 (html),70.1 - Obj.,,image (298).png,verso,?,não,deduzir pelo comentário; redesenhar só se passar no teste do quadro-negro,,O diplomata responsável pelo setor econômico da embaixada brasileira em determinado país elaborou e enviou à Secretaria de Estado um relatório sobre a situação econômica desse país. Considerando o fato de que uma das fun,9dbec01a85628e846b545784fff17d80
caderno1 (html),70.1 - Obj.,,image (286).png,verso,?,não,deduzir pelo comentário; redesenhar só se passar no teste do quadro-negro,,"🍉❌ C/E (Simulado - Nidi - 07/23) Em uma economia aberta sob regime de câmbio fixo, a adoção de uma política fiscal expansionista provocaria um acúmulo de reservas internacionais e um aumento no nível do produto nacional.",751c69a2eac4e7e31434bdb935a9bbbd
caderno1 (html),70.1 - Obj.,,image (285).png,verso,?,não,deduzir pelo comentário; redesenhar só se passar no teste do quadro-negro,,"C/E (Questões - Daniel - Economia CACD - Telegram) Questão 6 Em um regime de câmbio fixo e perfeita mobilidade de capitais, a autoridade monetária tem capacidade de fazer política monetária eficaz, mesmo com a pressão ex",b29dcf60c7429f60445f652844f4d8b8
caderno1 (html),70.1 - Obj.,,image (288).png,verso,?,não,deduzir pelo comentário; redesenhar só se passar no teste do quadro-negro,,"C/E (Questões - Daniel - Economia CACD - Telegram) Questão 9 O caso da armadilha da liquidez ocorre quando a demanda por moeda é infinitamente elástica com relação à taxa de juros. Nesse cenário, a a curva LM encontra-se",7d5eb4845461668fda781adfaca9c6c7
caderno1 (html),70.1 - Obj.,,image (284).png,verso,?,não,deduzir pelo comentário; redesenhar só se passar no teste do quadro-negro,,"C/E (Questões - Daniel - Economia CACD - Telegram) Questão 29 Uma forte expansão fiscal, com redução de impostos e aumento de gastos, tem como consequência uma redução dos juros. Esse movimento pode ser explicado pelo de",7b9b520b6e77979782c9ea314e4b4ae3
caderno1 (html),70.1 - Obj.,,image (291).png,frente,?,não,REENVIAR imagem ou reconstruir pelo comentário,,"ERRADO Vamos lá! Primeiro: taxa de câmbio fixo significa q o BACEN mantém o valor do câmbio, caso esse se desloque Perfeita mobilidade de capitais = BP uma é linha reta (a taxa de juros nacional sempre confluirá para se ",0f8b8e736a2189a803a930fb726fc381
caderno1 (html),70.1 - Obj.,,image (287).png,verso,?,não,deduzir pelo comentário; redesenhar só se passar no teste do quadro-negro,,"❌ C/E - Rodrigo Teixeira - Macro - Aula 1 Considerando o modelo IS-LM-BP para economias pequenas, julgue ₢/E:",6303a35eff2f964a0e20f81673a7cce8
caderno1 (html),70.1 - Obj.,,image (290).png,frente,?,não,REENVIAR imagem ou reconstruir pelo comentário,,CORRETO Lembrando que o BP é o equilíbrio do balanço de pagamentos (saldo zero = equilíbrio no balanço de pagamentos) mostra todas as combinações de renda e juros que equilibram a balança de pagamentos BP = 0 quer dizer ,42e811cca6183cdf6644028e04d674e7
caderno1 (html),70.1 - Obj.,,image (297).png,verso,?,não,deduzir pelo comentário; redesenhar só se passar no teste do quadro-negro,,"C/E - Rodrigo Teixeira - Macro - Aula 1 Considerando o modelo IS-LM-BP para economias pequenas, julgue ₢/E:",8c3f3d339cc2775ea031374a75074024
caderno1 (html),70.1 - Obj.,,image (289).png,frente,?,não,REENVIAR imagem ou reconstruir pelo comentário,,"CERTO Mas não apenas em uma economia sem mobilidade de capitais. Qualquer que seja a situação, sempre quanto maior for o grau de abertura, MENOR será o impacto da política fiscal sobre o produto (Y). O EFEITO MULTIPLICAD",cdf7eeb3d162afc832e977a627ca9620
caderno1 (html),70.1 - Obj.,,image (295).png,frente,?,não,REENVIAR imagem ou reconstruir pelo comentário,,"CERTO Em um regime de câmbio fixo com perfeita mobilidade de capitais, a oferta de moeda tem que aumentar ou diminuir em função da manutenção do cãmbio. No modelo IS-LM-BP com câmbio fixo e perfeita mobilidade de capitai",b7fc3f3e159c278ae73f3bcb11860b38
caderno1 (html),70.1 - Obj.,,image (294).png,frente,?,não,REENVIAR imagem ou reconstruir pelo comentário,,"CERTO No modelo IS-LM-BP com câmbio fixo e perfeita mobilidade de capitais, TEM-SE A MÁXIMA EFICÁCIA DA POLÍTICA FISCAL. Pq? PQ NÃO VAI ACONTECER O EFEITO CROWDING OUT. Quanto mais alta a mobilidade de capitais, menos su",3a7f409e9bab53037cb12b1a6524d3c1
caderno1 (html),70.1 - Obj.,,Untitled (121).jpeg,verso,?,não,deduzir pelo comentário; redesenhar só se passar no teste do quadro-negro,,Considerando um modelo IS-LM-BP com baixa mobilidade de capital e câmbio fixo: uma expansão fiscal reduz o nível da taxa de juros.,4ee030774850a1236d0ad2ff730a5322
caderno1 (html),70.1 - Obj.,,Untitled (120).jpeg,verso,?,não,deduzir pelo comentário; redesenhar só se passar no teste do quadro-negro,,Considerando um modelo IS-LM-BP com baixa mobilidade de capital e câmbio fixo: uma expansão fiscal movimenta IS para a esquerda.,4c640c9f24931396ad9eafca8e3653c0
caderno1 (html),70.1 - Obj.,,Untitled (122).jpeg,verso,?,não,deduzir pelo comentário; redesenhar só se passar no teste do quadro-negro,,"Em uma economia aberta com perfeita mobilidade de capitais, segundo o modelo Mundell-Fleming: a curva IS, em uma política monetária expansionista, sofre impacto inicial da queda da taxa de juros e, na sequência, impacto ",7110cdac368f0e24ed2f9d4f9bea7df2
caderno1 (html),75.1 - Obj.,,00044.jpeg,verso,?,não,deduzir pelo comentário; redesenhar só se passar no teste do quadro-negro,,"⌚C/E (2020) - Na teoria clássica de comércio, as vantagens comparativas são explicadas por funções de produção diferentes dos dois países.",e692f4bbde358495c5783a10757fb4fd
caderno1 (html),75.1 - Obj.,,image (304).png,verso,?,não,deduzir pelo comentário; redesenhar só se passar no teste do quadro-negro,,"C/E (Questões - Daniel - Economia CACD - Telegram) Questão 5 Enquanto Adam Smith havia definido a economia como a ciência da geração de riqueza, David Ricardo define a economia como sendo a ciência que se ocupa da distri",10ca1c0a79bae3a3a129d771360c70ab
caderno1 (html),75.1 - Obj.,,image (303).png,verso,?,não,deduzir pelo comentário; redesenhar só se passar no teste do quadro-negro,,"C/E (Questões - Daniel - Economia CACD - Telegram) Questão 21 A teoria das vantagens comparativas introduz a idéia de que, independente da eficiência absoluta, os países podem ganhar com o comércio internacional. Na prát",57cb16cc7b053887a46ee1068eb790e6
caderno1 (html),76.1 - Obj.,,image (306).png,frente,?,não,REENVIAR imagem ou reconstruir pelo comentário,,Errado. A conta de serviços é formada por todos os pagamentos fatores e não fatores. Logo a conta correta do déficit da Conta de Serviços é dada pela somatória das quatro últimas linhas da tabela acima adicionadas à cont,ebfccb8cebeb355b17521e5c528a788d
caderno1 (html),76.1 - Obj.,,image (308).png,verso,?,não,deduzir pelo comentário; redesenhar só se passar no teste do quadro-negro,,"C/E (2015) Com referência aos dados do balanço de pagamentos apresentado na tabela acima, julgue ( C ou E ) o item seguinte. O balanço de serviços apresentou saldo negativo de US$ 43 bilhões. ",c591911660429ec0222c9606d7765bb6
caderno1 (html),76.1 - Obj.,,image (305).png,verso,?,não,deduzir pelo comentário; redesenhar só se passar no teste do quadro-negro,,"C/E (2015) Com referência aos dados do balanço de pagamentos apresentado na tabela acima, julgue ( C ou E ) o item seguinte. O balanço de serviços apresentou saldo negativo de US$ 43 bilhões. ",4534f2d92593789798e5bac0fc85dbde
caderno1 (html),76.1 - Obj.,,image (306).png,frente,?,não,REENVIAR imagem ou reconstruir pelo comentário,,"Correto. Caso o resultado do BP seja negativo, o ajuste contábil é feito automaticamente nas reservas internacionais, as quais equivalem ao patrimônio líquido do país mediante o resto do mundo. Questão que versa sobre o ",ebfccb8cebeb355b17521e5c528a788d
caderno1 (html),76.1 - Obj.,,image (307).png,verso,?,não,deduzir pelo comentário; redesenhar só se passar no teste do quadro-negro,,"C/E (2015) Com referência aos dados do balanço de pagamentos apresentado na tabela acima, julgue ( C ou E ) o item seguinte. Ocorrendo saldo negativo no balanço de pagamentos, ele poderá ser financiado mediante redução d",450efa6d2ef53a3e2c278addb89b6074
caderno1 (html),76.1 - Obj.,,image (306).png,frente,?,não,REENVIAR imagem ou reconstruir pelo comentário,,"“Correto”. Todavia, o reinvestimento de lucros das empresas estrangeiras pode contribuir com a acumulação de capital da economia caso estes recursos sejam aplicados na ampliação da capacidade produtiva da empresa. A ques",ebfccb8cebeb355b17521e5c528a788d
caderno1 (html),76.1 - Obj.,,image (309).png,verso,?,não,deduzir pelo comentário; redesenhar só se passar no teste do quadro-negro,,"❌ C/E (2015) Com referência aos dados do balanço de pagamentos apresentado na tabela acima, julgue ( C ou E ) o item seguinte. A aquisição de ações no mercado secundário e o reinvestimento de lucros não contribuem para o",0f71a3153ca1830e6deb1eb64b0d2486
caderno1 (html),76.1 - Obj.,,image (310).png,verso,?,não,deduzir pelo comentário; redesenhar só se passar no teste do quadro-negro,,"❌ C/E (2015) Com referência aos dados do balanço de pagamentos apresentado na tabela acima, julgue ( C ou E ) o item seguinte. A aquisição de ações no mercado secundário e o reinvestimento de lucros não contribuem para o",5f7000f2df19a3d1ded2582483a30bbb
caderno1 (html),76.1 - Obj.,,image (306).png,frente,?,não,REENVIAR imagem ou reconstruir pelo comentário,,Errado. O movimento de capitais autônomos está ligado à aplicação de curto prazo em mercado de renda variável ou fixa. O único item que se encaixa nestes termos é a aquisição de ações no mercado secundário no montante de,ebfccb8cebeb355b17521e5c528a788d
caderno1 (html),76.1 - Obj.,,21e8a23d-51dd-4e26-9fb8-b3622319a221,verso,?,não,deduzir pelo comentário; redesenhar só se passar no teste do quadro-negro,,"❌ C/E (2015) Com referência aos dados do balanço de pagamentos apresentado na tabela acima, julgue ( C ou E ) o item seguinte. O movimento de capitais autônomos foi positivo e igual a US$ 39 bilhões.",e7519232e7898fdcde8b6d8fd08979dc
caderno1 (html),76.1 - Obj.,,image (311).png,verso,?,não,deduzir pelo comentário; redesenhar só se passar no teste do quadro-negro,,"❌ C/E (2015) Com referência aos dados do balanço de pagamentos apresentado na tabela acima, julgue ( C ou E ) o item seguinte. O movimento de capitais autônomos foi positivo e igual a US$ 39 bilhões.",00cd5c34676d2b9393bb8780e8503b16
caderno1 (html),76.1 - Obj.,,image (312).png,verso,?,não,deduzir pelo comentário; redesenhar só se passar no teste do quadro-negro,,"❌ C/E (2015) Com referência aos dados do balanço de pagamentos apresentado na tabela acima, julgue ( C ou E ) o item seguinte. O movimento de capitais autônomos foi positivo e igual a US$ 39 bilhões.",26279f0ad53844cf8f08d7fcaaed8d0d
caderno1 (html),79.1 - Obj.,,00047.jpeg,verso,?,não,deduzir pelo comentário; redesenhar só se passar no teste do quadro-negro,,"⌚C/E (2015) - Em economias que privilegiam a produção, tarifas são preferíveis a quotas, porque, embora reduzam o excedente do consumidor, deixam o do produtor inalterado.",5b1c1e630c11240d58c1ac3767ea4514
caderno1 (html),79.1 - Obj.,,00048.jpeg,verso,?,não,deduzir pelo comentário; redesenhar só se passar no teste do quadro-negro,,"⌚C/E (2015) - Em economias que privilegiam a produção, tarifas são preferíveis a quotas, porque, embora reduzam o excedente do consumidor, deixam o do produtor inalterado.",845b982ccb4a7f1bd62029033845c1cd
caderno1 (html),79.1 - Obj.,,00046.jpeg,verso,?,não,deduzir pelo comentário; redesenhar só se passar no teste do quadro-negro,,"⌚C/E (2015) - No modelo ricardiano das vantagens comparativas, os ganhos do comércio são explicados pelas diferenças da produtividade marginal relativa do fator trabalho entre os países.",260e5111ca0f5b1dac51ac870995c23f
caderno1 (html),79.1 - Obj.,,00049.jpeg,verso,?,não,deduzir pelo comentário; redesenhar só se passar no teste do quadro-negro,,"⌚C/E (2019) - Para o bem-estar dos consumidores, os efeitos negativos da imposição de uma tarifa ad valorem sobre as importações podem ser compensados por ganhos nos termos de troca, quando a demanda do país que impõe a ",f86109cc129f73e41ea15e7ebf388245
caderno1 (html),79.1 - Obj.,,00050.jpeg,verso,?,não,deduzir pelo comentário; redesenhar só se passar no teste do quadro-negro,,"⌚C/E (2019) - A concessão de um subsídio às exportações de um produto resulta em ganhos para os exportadores e em perdas para o governo em razão dos custos do subsídio, sem efeitos negativos para o bem-estar dos consumid",93d5269d64c5ad654a3fe1e1b42ddebf
caderno1 (html),79.1 - Obj.,,image (316).png,verso,?,não,deduzir pelo comentário; redesenhar só se passar no teste do quadro-negro,,"🍉❌ C/E (Simulado - Nidi - 07/23) O Imposto pigouviano é uma das ferramentas utilizadas pelo Estado para correção de externalidades negativas. Este é o caso da taxação do combustível, utilizada com a finalidade de reduzir",82ede8d7acdc34e8f3ea0c81edb1b949
caderno1 (html),79.1 - Obj.,,image (314).png,verso,?,não,deduzir pelo comentário; redesenhar só se passar no teste do quadro-negro,,"❌ C/E (Simulado - Nidi - 07/23) A capacidade de um país produtor de uma commodity controlar o preço desse bem no mercado internacional é menor, quanto menor for a elasticidade preço cruzada da demanda entre o produto ofe",b5b5b01dcf5138cf15cad6eb7c1405ad
caderno1 (html),79.1 - Obj.,,image (315).png,verso,?,não,deduzir pelo comentário; redesenhar só se passar no teste do quadro-negro,,"C/E (Simulado - Nidi - 07/23) O aumento no preço de um bem normal provoca um aumento no excedente dos consumidores, que se refere a toda a área abaixo da curva da demanda.",900f284c760cd293ace0dc557fcec82e
caderno1 (html),79.1 - Obj.,,image (313).png,verso,?,não,deduzir pelo comentário; redesenhar só se passar no teste do quadro-negro,,"C/E (Simulado - Nidi - 07/23) O aumento no preço de um bem normal provoca um aumento no excedente dos consumidores, que se refere a toda a área abaixo da curva da demanda.",75ad5ff5611bb74bd6b43cd5e5dfe5aa
caderno1 (html),84.1 - Obj.,,00045.jpeg,verso,?,não,deduzir pelo comentário; redesenhar só se passar no teste do quadro-negro,,"⌚ C/E (2014) - O Brasil apresentou superávit em 2013, tendo havido déficit na maioria dos meses do ano, com reversão do saldo negativo a partir do começo do 2.º semestre.",dc482bc7d62bb9a2b527238f85a3b4bc
caderno1 (html),84.1 - Obj.,,image (317).png,verso,?,não,deduzir pelo comentário; redesenhar só se passar no teste do quadro-negro,,C/E (Questões - Daniel - Economia CACD - Telegram) Questão 7 A elevação do juro por parte do Banco Central Europeu tende a valorizar a moeda única europeia em função de uma maior rentabilidade de ativos de renda fixa den,47fc41c7e161cc284ab632f471be11b2
caderno2 (md),Bloco Temático 01 - 5 erros/32 itens,13,IMAGEM 001,verso,FÓRMULA,sim,transcrever como texto no 📖," The image displays the mathematical equation ""RT = P × Q"" in white serif font against a black background. It suggests a relationship where the product of variables P and Q equals RT, likely representing a formula in phy",,
caderno2 (md),Bloco Temático 01 - 5 erros/32 itens,13,IMAGEM 002,verso,TEXTO,sim,absorver no 📖 e cortar," The image explains economic concepts, noting that a unitary supply elasticity (Es = 1) means quantity supplied changes proportionally with price, and a 20% price increase from 10 to 12 with a 20% quantity increase to 12",,
caderno2 (md),Bloco Temático 01 - 5 erros/32 itens,32,IMAGEM 003,verso,TEXTO,sim,absorver no 📖 e cortar," This image outlines a government pricing policy framework, showing that when the market price exceeds a minimum, the government does not intervene, allowing the market to set the price. ",,
caderno2 (md),Bloco Temático 02 - 5 erros/32 itens,62,IMAGEM 004,verso,TEXTO,sim,absorver no 📖 e cortar," This image displays a section of a macroeconomic textbook explaining national accounting concepts, focusing on the government's gross available income (RDBgov) as the difference between its total revenue (T) and transfe",,
caderno2 (md),Bloco Temático 02 - 5 erros/32 itens,68,IMAGEM 005,verso,FÓRMULA,sim,transcrever como texto no 📖," The image displays a financial formula explanation in Portuguese, showing how nominal and operational results are calculated from primary results plus nominal or real interest. ",,
caderno2 (md),Bloco Temático 02 - 5 erros/32 itens,80,IMAGEM 006,verso,GRÁFICO,sim,redesenho didático se passar no teste do quadro-negro; senão cortar," This chart illustrates the business cycle with a black curve showing Real GDP over time, marked by peaks, troughs, and phases of expansion and recession. ",,
caderno2 (md),Bloco Temático 02 - 5 erros/32 itens,80,IMAGEM 007,verso,GRÁFICO,sim,redesenho didático se passar no teste do quadro-negro; senão cortar," This image presents a comparative summary of Keynesian fiscal policies, showing that during a recession or depression, the government increases spending or cuts taxes to create a budget deficit with the goal of stimulat",,
caderno2 (md),Bloco Temático 03 - 4 erros/32 itens,100,IMAGEM 008,verso,FÓRMULA,sim,transcrever como texto no 📖," The image displays the mathematical equation ""S_ext = –TC"" in white serif font against a black background, likely representing an external entropy or thermodynamic quantity. ",,
caderno2 (md),Bloco Temático 03 - 4 erros/32 itens,100,IMAGEM 009,verso,FÓRMULA,sim,transcrever como texto no 📖," The image displays a formula I = Sp + Sg + Sext, explaining that total investment (I) equals private savings (Sp), government savings (Sg), and external savings (Sext). ",,
caderno2 (md),Bloco Temático 04 - 9 erros/32 itens,139,IMAGEM 010,verso,GRÁFICO,sim,redesenho didático se passar no teste do quadro-negro; senão cortar," The image displays a table explaining the economic consequences of rising interest rates, showing that higher interest rates and credit costs lead to reduced real investment and aggregate demand, ultimately causing a de",,
caderno2 (md),Bloco Temático 04 - 9 erros/32 itens,151,IMAGEM 011,verso,GRÁFICO,sim,redesenho didático se passar no teste do quadro-negro; senão cortar," This image explains the Solow model’s capital per worker equation, detailing the steady state (k*), consumption (c*), and the Golden Rule of capital (k*gold), all derived from the formula k̇ = sf(k) – (n + g + δ)k. ",,
caderno2 (md),Bloco Temático 04 - 9 erros/32 itens,151,IMAGEM 012,verso,GRÁFICO,sim,redesenho didático se passar no teste do quadro-negro; senão cortar," This image explains technical facts from the Solow model, noting that excessive saving leads to dynamic inefficiency by creating too much capital and too little consumption. ",,
caderno2 (md),Bloco Temático 04 - 9 erros/32 itens,160,IMAGEM 013,verso,TEXTO,sim,absorver no 📖 e cortar," The image displays a five-step economic model showing how a central bank’s decision to increase money supply triggers a chain reaction: interest rates fall due to internal liquidity excess, leading to currency depreciat",,
caderno2 (md),Bloco Temático 05 - 11 erros/32 itens,192,IMAGEM 014,verso,FÓRMULA,sim,transcrever como texto no 📖," This image explains the Purchasing Power Parity (PPC) theory, stating that exchange rates should equalize the price of goods across countries, and presents the formula E = P/P* for the nominal exchange rate. ",,
caderno2 (md),Bloco Temático 05 - 11 erros/32 itens,192,IMAGEM 015,verso,TEXTO,sim,absorver no 📖 e cortar," This image explains the theory behind purchasing power parity (PPC), stating that when guaranteed, real and nominal exchange rates are equal to 1, indicating perfect international competitiveness. ",,
caderno2 (md),Bloco Temático 05 - 11 erros/32 itens,192,IMAGEM 016,verso,FÓRMULA,sim,transcrever como texto no 📖," The image displays a mathematical equation on a dark background, showing that quantity q equals e multiplied by the ratio of P-star to P. ",,
caderno2 (md),Bloco Temático 05 - 11 erros/32 itens,192,IMAGEM 017,verso,FÓRMULA,sim,transcrever como texto no 📖," The image explains the Absolute and Relative Purchasing Power Parity (PPP) theories, using a formula e = P/P* to show how nominal exchange rates should equalize the purchasing power of currencies, illustrated with a bas",,
caderno2 (md),Bloco Temático 05 - 11 erros/32 itens,192,IMAGEM 018,verso,TEXTO,sim,absorver no 📖 e cortar," The image displays a mathematical demonstration in Portuguese, showing that if the absolute purchasing power parity (PPC) holds, then the exchange rate e equals P divided by P*. ",,
caderno2 (md),Bloco Temático 05 - 11 erros/32 itens,194,IMAGEM 019,verso,FÓRMULA,sim,transcrever como texto no 📖," The image explains two versions of the Purchasing Power Parity (PPP) model, detailing nominal and relative exchange rate formulas and their relationship with domestic and foreign inflation, using a Big Mac example. ",,
caderno2 (md),Bloco Temático 05 - 11 erros/32 itens,213,IMAGEM 020,verso,TEXTO,sim,absorver no 📖 e cortar," This image presents a comparison between the H-O (Heckscher-Ohlin) and HOS (Heckscher-Ohlin-Samuelson) models, highlighting that H-O is an intuitive, verbal model focusing on trade patterns, while HOS is a rigorous math",,
caderno2 (md),Bloco Temático 05 - 11 erros/32 itens,215,IMAGEM 021,verso,TEXTO,sim,absorver no 📖 e cortar," This image presents a critical analysis of the labor theory of value, contrasting a simplified assertion with the nuanced views of classical economists like Adam Smith, David Ricardo, and Karl Marx, who accounted for ca",,
caderno2 (md),Bloco Temático 05 - 11 erros/32 itens,224,IMAGEM 022,verso,FÓRMULA,sim,transcrever como texto no 📖," This image explains the classic CIP equation, which equates domestic and foreign investment returns by using a forward exchange rate, showing that a Brazilian investor can achieve a 10% return by investing domestically ",,
caderno2 (md),Bloco Temático 05 - 11 erros/32 itens,226,IMAGEM 023,verso,TABELA,sim,absorver no 📖 (lista ou tabela ≥ 3 colunas), The image displays a table categorizing two types of capital—“Autônomos” and “Compensatórios”—with their motivations and examples. ,,
caderno2 (md),2 - Simulado Objetivo 12 - Império e Primeira República - 1 erro/12 - OK,259,IMAGEM 024,verso,TABELA,sim,absorver no 📖 (lista ou tabela ≥ 3 colunas)," This table summarizes Brazil's currency regime history from 1889 to 1954, tracking presidents, exchange rate directions, and main instruments. ",,
caderno2 (md),3 - Simulado Objetivo 07 - 1 erro/12 - OK,279,IMAGEM 025,verso,TABELA,sim,absorver no 📖 (lista ou tabela ≥ 3 colunas)," This table summarizes Brazil’s exchange rate regime evolution from 1946 to 1990, showing how government policies and instruments like licensing or crawling pegs shifted over time. ",,
caderno2 (md),3 - Simulado Objetivo 07 - 1 erro/12 - OK,279,IMAGEM 026,verso,TABELA,sim,absorver no 📖 (lista ou tabela ≥ 3 colunas)," This table from 1954 lists the average tax rates for different commodity categories in Brazil, with “Supérfluos” (luxuries) at the highest rate of Cr$108,74 and “Especial” goods like wheat, paper, and petroleum at the l",,
caderno2 (md),4 - Simulado Objetivo 06 - 5 erros/16 - OK,290,IMAGEM 027,verso,GRÁFICO,sim,redesenho didático se passar no teste do quadro-negro; senão cortar," This chalk-drawn graph on a green background illustrates a monopolist’s profit-maximizing output, with the blue MR (marginal revenue) curve declining from P_MR to point D at quantity Q_c. ",,
caderno2 (md),4 - Simulado Objetivo 06 - 5 erros/16 - OK,290,IMAGEM 028,verso,GRÁFICO,sim,redesenho didático se passar no teste do quadro-negro; senão cortar," This comparative table contrasts three market structures—perfect competition, simple monopoly, and first-degree price discrimination—based on production efficiency, consumer surplus, and deadweight loss. ",,
caderno2 (md),4 - Simulado Objetivo 06 - 5 erros/16 - OK,293,IMAGEM 029,verso,TEXTO,sim,absorver no 📖 e cortar," This image explains Keynesian logic, showing that when the marginal propensity to save (s) increases, the marginal propensity to consume (c) decreases, reducing the multiplier and leading to a lower equilibrium income. ",,
caderno2 (md),4 - Simulado Objetivo 06 - 5 erros/16 - OK,293,IMAGEM 030,verso,TABELA,sim,absorver no 📖 (lista ou tabela ≥ 3 colunas)," This table contrasts a common assertion with the actual outcome of a paradox, showing that while the assertion claims investment and equilibrium income increase, they actually remain unchanged or decrease. ",,
caderno2 (md),4 - Simulado Objetivo 06 - 5 erros/16 - OK,297,IMAGEM 031,verso,TABELA,sim,absorver no 📖 (lista ou tabela ≥ 3 colunas)," The image displays a table outlining a global product lifecycle, starting with a new product developed in the USA for export to the world with no imports, followed by maturation where other developed countries compete a",,
caderno2 (md),4 - Simulado Objetivo 06 - 5 erros/16 - OK,297,IMAGEM 032,verso,TABELA,sim,absorver no 📖 (lista ou tabela ≥ 3 colunas)," This comparative table outlines key economic theories of international trade, showing how Ricardo and H-O explain trade based on productivity and factor endowments, respectively, both leading to interindustrial trade. ",,
caderno2 (md),4 - Simulado Objetivo 06 - 5 erros/16 - OK,298,IMAGEM 033,verso,TABELA,sim,absorver no 📖 (lista ou tabela ≥ 3 colunas)," The table compares Portugal and England’s production efficiency, showing Portugal takes 90 hours to produce one unit of cloth and 80 hours for wine, while England requires 100 hours for cloth and 120 for wine. ",,
caderno2 (md),5 - Simulado Objetivo 05 - 2 erros/12 - OK,309,IMAGEM 034,verso,FÓRMULA,sim,transcrever como texto no 📖, The image displays a mathematical formula where the variable 'm' is defined as the reciprocal of the expression '1 minus the product of (1 minus r) and (1 minus k)'. ,,
caderno2 (md),5 - Simulado Objetivo 05 - 2 erros/12 - OK,309,IMAGEM 035,verso,FÓRMULA,sim,transcrever como texto no 📖," The image explains the monetary multiplier mechanism, showing that M1 (money supply) equals the multiplier (m) times the monetary base (B), with the multiplier defined by the formula m = 1/(c + R(1−c)). ",,
caderno2 (md),5 - Simulado Objetivo 05 - 2 erros/12 - OK,309,IMAGEM 036,verso,TEXTO,sim,absorver no 📖 e cortar," This image presents a critical analysis of a professor’s argument that the PIX payment system creates an ambiguous economic effect, explaining that it transfers, not destroys, bank reserves. ",,
caderno2 (md),5 - Simulado Objetivo 05 - 2 erros/12 - OK,309,IMAGEM 037,verso,FÓRMULA,sim,transcrever como texto no 📖," This image explains three monetary multiplier formulas used in macroeconomics, comparing the professor’s formula (Formula 3) with the standard M1/Base multiplier (Formula 1) and a simple deposit multiplier (Formula 2). ",,
caderno2 (md),5 - Simulado Objetivo 05 - 2 erros/12 - OK,309,IMAGEM 038,verso,TEXTO,sim,absorver no 📖 e cortar," This image presents a textual analysis of the economic effects of Brazil’s PIX payment system, explaining how it simultaneously reduces the money supply (k) and increases liquidity requirements (r), which have opposing ",,
caderno2 (md),5 - Simulado Objetivo 05 - 2 erros/12 - OK,309,IMAGEM 039,verso,FÓRMULA,sim,transcrever como texto no 📖," This image presents a theoretical analysis in Portuguese confirming a statement as ""CERTA"" (correct), explaining the monetary multiplier formula m = (1 + c) / (r + c), where c is the currency-to-deposit ratio and r is t",,
caderno2 (md),5 - Simulado Objetivo 05 - 2 erros/12 - OK,316,IMAGEM 040,verso,TEXTO,sim,absorver no 📖 e cortar," This image presents a summary of errors in financial assertions, contrasting elements like ""repasse imediato"" and ""reduzir spreads bancários"" with their respective problems, such as being empirically false or overly sim",,
caderno2 (md),5 - Simulado Objetivo 05 - 2 erros/12 - OK,316,IMAGEM 041,verso,TABELA,sim,absorver no 📖 (lista ou tabela ≥ 3 colunas)," This image presents a synthesis table detailing how a spread reveals insights across four dimensions: monetary policy (credit channel effectiveness), macroeconomic risk (expected default and uncertainty), institutional ",,
caderno2 (md),6 - Simulado Objetivo 09 - 4 erros/12 - OK,328,IMAGEM 042,verso,TEXTO,sim,absorver no 📖 e cortar," This image presents a comparison between short-term and long-term economic behavior, showing that short-term profits can be positive, negative, or zero, while long-term profits are always zero due to firm entry and exit",,
caderno2 (md),6 - Simulado Objetivo 09 - 4 erros/12 - OK,328,IMAGEM 043,verso,TABELA,sim,absorver no 📖 (lista ou tabela ≥ 3 colunas)," This image displays a decision-making table for business operations, outlining four scenarios based on price (P) versus cost conditions. ",,
caderno2 (md),6 - Simulado Objetivo 09 - 4 erros/12 - OK,328,IMAGEM 044,verso,TABELA,sim,absorver no 📖 (lista ou tabela ≥ 3 colunas)," This table compares the long-term efficiencies of different market structures, showing that perfect competition and monopolistic competition both achieve price equal to marginal cost and yield zero long-term profit, wit",,
caderno2 (md),6 - Simulado Objetivo 09 - 4 erros/12 - OK,329,IMAGEM 045,verso,GRÁFICO,sim,redesenho didático se passar no teste do quadro-negro; senão cortar," This graph illustrates the relationship between average cost and quantity, showing a black curve (CMelP) as the long-run average cost that intersects the minimum point of the medium plant's cost curve. ",,
caderno2 (md),6 - Simulado Objetivo 09 - 4 erros/12 - OK,335,IMAGEM 046,verso,FÓRMULA,sim,transcrever como texto no 📖," The image displays a mathematical equation on a black background, showing that C₁ plus C₂ divided by (1+r) equals Y₁ plus Y₂ divided by (1+r). ",,
caderno2 (md),6 - Simulado Objetivo 09 - 4 erros/12 - OK,335,IMAGEM 047,verso,TEXTO,sim,absorver no 📖 e cortar," The image explains a two-period consumer choice model where an agent decides how much to consume today (C₁) and tomorrow (C₂), given income in both periods (Y₁, Y₂) and a real interest rate (r). ",,
caderno2 (md),7 - Simulado Objetivo 15 10 25 - 3 erros/12 - OK,346,IMAGEM 048,verso,GRÁFICO,sim,redesenho didático se passar no teste do quadro-negro; senão cortar," This mnemonic chart explains how to remember convexity in substitution scenarios, linking ""easy"" (equal goods) to a straight line with low convexity, ""normal"" to a curved line with medium convexity, and ""difficult"" (dif",,
caderno2 (md),7 - Simulado Objetivo 15 10 25 - 3 erros/12 - OK,348,IMAGEM 049,verso,TEXTO,sim,absorver no 📖 e cortar," This image explains the Keynesian multiplier effect, showing that a government or business investment of R$1 million can lead to a five-fold increase in national income to R$5 million when the marginal propensity to con",,
caderno2 (md),7 - Simulado Objetivo 15 10 25 - 3 erros/12 - OK,348,IMAGEM 050,verso,TABELA,sim,absorver no 📖 (lista ou tabela ≥ 3 colunas)," This slide explains why investment (I) is blamed for economic fluctuations, contrasting it with stable consumption (C). ",,
caderno2 (md),7 - Simulado Objetivo 15 10 25 - 3 erros/12 - OK,348,IMAGEM 051,verso,FÓRMULA,sim,transcrever como texto no 📖," The image presents a Portuguese economics explanation translating a formula into common Portuguese, showing that under specific conditions, equilibrium income Y equals (Ca + I + G) divided by (1 - c), derived from a con",,
caderno2 (md),7 - Simulado Objetivo 15 10 25 - 3 erros/12 - OK,348,IMAGEM 052,verso,FÓRMULA,sim,transcrever como texto no 📖," This image explains Keynesian equilibrium in a simple model, showing that national income (Y) equals consumption (C) plus investment (I) plus government spending (G), and derives the equilibrium income formula Y = (Ca +",,
caderno2 (md),11 - Simulado Objetivo 11 - Contas Nacionais - 5 erros/12 - OK,398,IMAGEM 053,verso,TABELA,sim,absorver no 📖 (lista ou tabela ≥ 3 colunas)," The image presents a synthesis table comparing prior treatment with the SCN 2008 treatment for three items: R expenses, durable goods, and their effect on GDP. ",,
caderno2 (md),11 - Simulado Objetivo 11 - Contas Nacionais - 5 erros/12 - OK,398,IMAGEM 054,verso,TEXTO,sim,absorver no 📖 e cortar," The image presents two economic perspectives: the production side, where Gross Added Value (VAB) equals Gross Production Value (VBP) minus Intermediate Consumption (CI), and the expenditure side, where Gross Domestic Pr",,
caderno2 (md),11 - Simulado Objetivo 11 - Contas Nacionais - 5 erros/12 - OK,400,IMAGEM 055,verso,FÓRMULA,sim,transcrever como texto no 📖," The image displays a formula labeled ""A Fórmula"" where PIB equals the sum of RE, RMB, EOB, and ILSI. ",,
caderno2 (md),11 - Simulado Objetivo 11 - Contas Nacionais - 5 erros/12 - OK,400,IMAGEM 056,verso,TEXTO,sim,absorver no 📖 e cortar," This image contrasts ""RMB"" and ""EOB"" entities, highlighting that RMBs are not incorporated and cannot separate labor from capital, while EOBs are incorporated companies (S.A., Ltda.) ",,
caderno2 (md),11 - Simulado Objetivo 11 - Contas Nacionais - 5 erros/12 - OK,400,IMAGEM 057,verso,GRÁFICO,sim,redesenho didático se passar no teste do quadro-negro; senão cortar," The image displays a black background with white text defining ""ILSI"" as ""Impostos indiretos – Subsídios,"" which translates to ""Indirect Taxes – Subsidies."" ",,
caderno2 (md),11 - Simulado Objetivo 11 - Contas Nacionais - 5 erros/12 - OK,400,IMAGEM 058,verso,TEXTO,sim,absorver no 📖 e cortar," This image highlights common exam pitfalls with correct answers, warning against misconceptions like equating RMB with corporate profit or including salaries in EOB. ",,
caderno2 (md),11 - Simulado Objetivo 11 - Contas Nacionais - 5 erros/12 - OK,400,IMAGEM 059,verso,TABELA,sim,absorver no 📖 (lista ou tabela ≥ 3 colunas)," The image presents a table comparing three economic concepts: EOB (Remuneração do Capital for companies), RMB (Remuneração ""Híbrida"" for entrepreneurs), and RE (Remuneração do Trabalho for salaried workers), each with a",,
caderno2 (md),11 - Simulado Objetivo 11 - Contas Nacionais - 5 erros/12 - OK,403,IMAGEM 060,verso,GRÁFICO,sim,redesenho didático se passar no teste do quadro-negro; senão cortar," The image displays a table categorizing taxes into two types: “Sobre a Produção” and “Sobre Produtos,” with descriptions and examples in Portuguese. ",,
caderno2 (md),11 - Simulado Objetivo 11 - Contas Nacionais - 5 erros/12 - OK,403,IMAGEM 061,verso,TABELA,sim,absorver no 📖 (lista ou tabela ≥ 3 colunas)," The image displays a table in Portuguese categorizing tax types under ""Natureza,"" such as ICMS, IPI, and ISS as ""Impostos sobre bens e serviços,"" and PIS/COFINS as ""Contribuições sobre faturamento."" ",,
caderno2 (md),11 - Simulado Objetivo 11 - Contas Nacionais - 5 erros/12 - OK,403,IMAGEM 062,verso,GRÁFICO,sim,redesenho didático se passar no teste do quadro-negro; senão cortar," This image lists ""Other production taxes"" that apply to the use of production factors like labor, capital, and land, regardless of output volume. ",,
caderno2 (md),11 - Simulado Objetivo 11 - Contas Nacionais - 5 erros/12 - OK,403,IMAGEM 063,verso,GRÁFICO,sim,redesenho didático se passar no teste do quadro-negro; senão cortar," The image explains three price concepts in economics: “Preço de mercado” (includes product taxes, excludes product subsidies), “Preço básico” (excludes product taxes but includes production taxes), and “Preço do produto",,
caderno2 (md),11 - Simulado Objetivo 11 - Contas Nacionais - 5 erros/12 - OK,403,IMAGEM 064,verso,GRÁFICO,sim,redesenho didático se passar no teste do quadro-negro; senão cortar," This image displays a numerical example for a manufacturing company, showing that its production value is R$1,000, which includes taxes and social security contributions. ",,
caderno2 (md),12 - Simulado Objetivo 02 - 4 erros/12 - OK,423,IMAGEM 065,verso,TEXTO,sim,absorver no 📖 e cortar," The image displays the white text “P ≡ R ≡ D” against a solid black background, indicating that P, R, and D are equivalent or equal to each other. ",,
caderno2 (md),12 - Simulado Objetivo 02 - 4 erros/12 - OK,423,IMAGEM 066,verso,DIAGRAMA,sim,redesenho didático se passar no teste do quadro-negro; senão cortar," This circular flow diagram illustrates how households spend income on goods and services, paying taxes and receiving social transfers, while also providing wages and other income to firms. ",,
caderno2 (md),Lista de Exercícios - 19/05/2025 - 3 erros/12,437,IMAGEM 067,verso,TEXTO,sim,absorver no 📖 e cortar, 1. Demanda Preço-Elástica (\|Epd\| > 1): Preço e Receita Total se movem em direções OPOSTAS. P ↓ → Q ↑↑ → RT ↑; P ↑ → Q ↓↓ → RT ↓. 2. Demanda Preço-Inelástica (\|Epd\| < 1): Preço e Receita Total se movem na MESMA direç,,
caderno2 (md),Lista de Exercícios - 19/05/2025 - 3 erros/12,438,IMAGEM 068,verso,TABELA,sim,absorver no 📖 (lista ou tabela ≥ 3 colunas), Situação da Oferta \| Quem paga o imposto? \| Justificativa Perfeitamente Elástica (Es = ∞) \| Consumidor (100%) \| O produtor abandona o mercado se não repassar o custo. Perfeitamente Inelástica (Es = 0) \| Produtor (1,,
caderno2 (md),Lista de Exercícios - 19/05/2025 - 3 erros/12,440,IMAGEM 069,verso,TEXTO,sim,absorver no 📖 e cortar," Considerando duas empresas e um mesmo produto, destacam-se na literatura cinco modelos classificados a partir de diferentes estratégias: a. Liderança de Quantidade – Stackelberg: um jogo sequencial em que uma empresa de",,
caderno2 (md),Lista de Exercícios - 19/05/2025 - 3 erros/12,440,IMAGEM 070,verso,GRÁFICO,sim,redesenho didático se passar no teste do quadro-negro; senão cortar, Gráfico de comparação de modelos de oligopólio. Eixo vertical: preço p; eixo horizontal: quantidade Q. Curva de demanda decrescente; receita marginal decrescente mais íngreme; custo marginal horizontal em p^C. São marca,,
caderno2 (md),Lista de Exercícios - 19/05/2025 - 3 erros/12,440,IMAGEM 071,verso,TEXTO,sim,absorver no 📖 e cortar," Resumo Visual da Regra de Bolso. Para provas e análises rápidas, a hierarquia de Quantidades produzidas é sempre: Q^Monopólio < Q^Cournot < Q^Stackelberg < Q^Bertrand/Perfeita. Inversamente, a hierarquia de Preços cobra",,
caderno2 (md),Lista de Exercícios - 19/05/2025 - 3 erros/12,440,IMAGEM 072,verso,TABELA,sim,absorver no 📖 (lista ou tabela ≥ 3 colunas), Quadro Comparativo Modelo \| Variável estratégica \| Preço \| Quantidade \| Lucro das firmas \| Bem-estar social Monopólio/Cartel \| Q conjunta \| Máximo (pM) \| Mínimo (QM) \| Máximo \| Mínimo Cournot \| Quantidade (si,,
caderno2 (md),Lista de Exercícios - 19/05/2025 - 3 erros/12,444,IMAGEM 073,verso,FÓRMULA,sim,transcrever como texto no 📖, \(PIB = Remunerações + RMB + EOB + (Impostos - Subsídios)\) ,,
caderno2 (md),Lista de Exercícios - 19/05/2025 - 3 erros/12,444,IMAGEM 074,verso,FÓRMULA,sim,transcrever como texto no 📖, \(PIB = C + I + G + (X - M)\) ,,
caderno2 (md),Lista de Exercícios - 19/05/2025 - 3 erros/12,444,IMAGEM 075,verso,FÓRMULA,sim,transcrever como texto no 📖, \(PIB = \sum VAB + Impostos_{líquidos}\) ,,
caderno2 (md),Lista de Exercícios - 19/05/2025 - 3 erros/12,444,IMAGEM 076,verso,TEXTO,sim,absorver no 📖 e cortar," A Ponte Matemática. Em economês, a sua dúvida se resume a esta transição: PIB_pm = PIB_bf + Impostos_indiretos − Subsídios. Onde: PIB_pm é o PIB a Preços de Mercado (o número oficial e final); PIB_bf é o PIB a Custo de ",,
caderno2 (md),Lista de Exercícios - 26/05/2025 - 5 erros/12,453,IMAGEM 077,verso,TABELA,sim,absorver no 📖 (lista ou tabela ≥ 3 colunas)," Tabela Comparativa: Síntese Neoclássica vs. Novos-Keynesianos Critério \| Síntese Neoclássica (IS-LM) \| Novos-Keynesianos Principais nomes \| Samuelson, Hicks, Modigliani \| Mankiw, Romer, Stiglitz, Blanchard Causa das",,
caderno2 (md),Lista de Exercícios - 26/05/2025 - 5 erros/12,454,IMAGEM 078,verso,TABELA,sim,absorver no 📖 (lista ou tabela ≥ 3 colunas)," Resumo dos Fatos Conceito \| Descrição Demanda Efetiva \| O ponto de equilíbrio onde a oferta se iguala à demanda esperada. Equilíbrio de Subemprego \| Situação onde a economia para de crescer, mas o desemprego persiste",,
caderno2 (md),Lista de Exercícios - 26/05/2025 - 5 erros/12,456,IMAGEM 079,verso,FÓRMULA,sim,transcrever como texto no 📖, 3. A Curva de Lucas (Expectativas Racionais). Lucas refinou a ideia. Ele introduziu a função de oferta de surpresa. A fórmula matemática que define essa evolução é: \(Y = Y_n + \alpha(P-P^e)\). Onde: Y é o produto real;,,
caderno2 (md),Lista de Exercícios - 26/05/2025 - 5 erros/12,456,IMAGEM 080,verso,TABELA,sim,absorver no 📖 (lista ou tabela ≥ 3 colunas), Quadro-resumo comparativo Escola \| Expectativas \| Política antecipada afeta produto? \| Política surpresa afeta produto? Phillips/Keynesiana \| Estáticas \| Sim \| Sim Friedman/Phelps \| Adaptativas \| Sim (curto praz,,
caderno2 (md),Lista de Exercícios - 26/05/2025 - 5 erros/12,462,IMAGEM 081,verso,GRÁFICO,sim,redesenho didático se passar no teste do quadro-negro; senão cortar," Título: Reservas Internacionais, em US$ milhões, Jan/93 a Fev/00. Eixo vertical: reservas, de 0 a 80.000; eixo horizontal: meses de jan/93 a fev/00. Série azul pontilhada sobe de cerca de 20 mil em 1993 para aproximadam",,
caderno2 (md),Lista de Exercícios - 26/05/2025 - 5 erros/12,465,IMAGEM 082,verso,TABELA,sim,absorver no 📖 (lista ou tabela ≥ 3 colunas)," Tabela 1 — Cotações Mensais da Libra em Relação à Moeda Nacional (pence por mil réis) 1888 \| Câmbio \| 1889 \| Câmbio Janeiro \| 24,06 \| Janeiro \| 27,38 Fevereiro \| 24,50 \| Fevereiro \| 27,63 Março \| 23,44 \| Març",,
caderno2 (md),Lista de Exercícios - 26/05/2025 - 5 erros/12,467,IMAGEM 083,verso,TEXTO,sim,absorver no 📖 e cortar, Socialização das Perdas – Celso Furtado. “Muita atenção aqui! O mecanismo da socialização das perdas não era operacionalizado pelo Governo através de uma intervenção no mercado de câmbio!” O texto explica que a “sociali,,
caderno2 (md),Lista de Exercícios - 26/05/2025 - 5 erros/12,467,IMAGEM 084,verso,TEXTO,sim,absorver no 📖 e cortar," Em consequência, o aumento no valor interno do dólar compensaria, pelo menos em parte, o efeito negativo da queda no preço externo para os cafeicultores. Por outro lado, os preços dos importados subiam por causa da desv",,
caderno2 (md),Lista de Exercícios - 26/05/2025 - 5 erros/12,468,IMAGEM 085,verso,TEXTO,sim,absorver no 📖 e cortar," Desde 1930, o Banco do Brasil deteve o monopólio cambial nos seguintes períodos: □ 1931 até 1933 (Governo Vargas); □ Dezembro de 1937 a abril de 1939; □ 1953 (Instrução 70 da Sumoc) a 1961 (com a Instrução 204 da Sumoc)",,
caderno2 (md),Lista de Exercícios - 16/06/2025,494,IMAGEM 086,frente,TABELA,sim,tabela HTML aninhada," Questão sobre vantagem absoluta (Adam Smith) e vantagem comparativa (David Ricardo). Coeficientes técnicos de produção, em horas de trabalho por unidade: Produto \| Brasil \| México Calçados \| 1/7 \| 1 Vestuário \| 1/3",,
caderno2 (md),Lista de Exercícios - 16/06/2025,495,IMAGEM 086,frente,TABELA,sim,tabela HTML aninhada," Questão sobre vantagem absoluta (Adam Smith) e vantagem comparativa (David Ricardo). Coeficientes técnicos de produção, em horas de trabalho por unidade: Produto \| Brasil \| México Calçados \| 1/7 \| 1 Vestuário \| 1/3",,
caderno2 (md),Lista de Exercícios - 16/06/2025,496,IMAGEM 086,frente,TABELA,sim,tabela HTML aninhada," Questão sobre vantagem absoluta (Adam Smith) e vantagem comparativa (David Ricardo). Coeficientes técnicos de produção, em horas de trabalho por unidade: Produto \| Brasil \| México Calçados \| 1/7 \| 1 Vestuário \| 1/3",,
caderno2 (md),Lista de Exercícios - 16/06/2025,497,IMAGEM 086,frente,TABELA,sim,tabela HTML aninhada," Questão sobre vantagem absoluta (Adam Smith) e vantagem comparativa (David Ricardo). Coeficientes técnicos de produção, em horas de trabalho por unidade: Produto \| Brasil \| México Calçados \| 1/7 \| 1 Vestuário \| 1/3",,
caderno2 (md),Lista de Exercícios - 30/06/2025,532,IMAGEM 087,verso,GRÁFICO,sim,redesenho didático se passar no teste do quadro-negro; senão cortar, Gráfico de comparação de modelos de oligopólio. Eixo vertical: preço p; eixo horizontal: quantidade Q. Curva de demanda decrescente; receita marginal decrescente mais íngreme; custo marginal horizontal em p^C. São marca,,
caderno2 (md),Lista de Exercícios - 30/06/2025,534,IMAGEM 088,verso,GRÁFICO,sim,redesenho didático se passar no teste do quadro-negro; senão cortar, Gráfico de monopólio/regulação. Eixo vertical US$/Q; horizontal Quantidade. Curva de demanda decrescente em azul-claro; receita marginal decrescente mais íngreme em azul; curvas de custo médio CMe e custo marginal CMg e,,
caderno2 (md),Lista de Exercícios - 07/07/2025,553,IMAGEM 089,verso,TEXTO,sim,absorver no 📖 e cortar," ERRADO. 100−5Q=10+4Q; 90=9Q; Q=10. Substituindo Q na curva de demanda para encontrar o preço de equilíbrio: P=100−5(10)=50. Quando o preço internacional (10) é menor que o preço de equilíbrio doméstico (50), o país se t",,
caderno2 (md),Lista de Exercícios - 07/07/2025,554,IMAGEM 090,verso,TEXTO,sim,absorver no 📖 e cortar, A quantidade total no mercado doméstico será a soma da oferta doméstica mais a quantidade importada permitida pela cota. A cota de importação de 9 unidades significa que a oferta total disponível para o consumo será a o,,
caderno2 (md),Lista de Exercícios - 07/07/2025,555,IMAGEM 091,verso,TEXTO,sim,absorver no 📖 e cortar," ERRADO. Com uma tarifa de importação de 20, o novo preço efetivo do bem importado será o preço internacional mais a tarifa. Novo preço do bem importado = Pinternacional + Tarifa; novo preço do bem importado = 10+20 = 30",,
caderno2 (md),Lista de Exercícios - 07/07/2025,557,IMAGEM 092,verso,TEXTO,sim,absorver no 📖 e cortar," Balança Comercial (exportações e importações de bens). Balança de Serviços (exportações e importações de serviços). Renda Primária (Rendas de trabalho e rendas de investimentos). Renda Secundária (doações, transferência",,
caderno2 (md),Lista de Exercícios - 07/07/2025,564,IMAGEM 093,verso,GRÁFICO,sim,redesenho didático se passar no teste do quadro-negro; senão cortar," Título: Política Fiscal sob Taxas de Câmbio Flutuantes e Mobilidade Imperfeita de Capital (elevada mobilidade). Eixo vertical i, horizontal Y. Curvas IS₁ e IS₂ descendentes, LM₁ e LM₂ ascendentes e BP₁/BP₂ ascendentes q",,
caderno2 (md),Lista de Exercícios - 14/07/2025,578,IMAGEM 094,verso,GRÁFICO,sim,redesenho didático se passar no teste do quadro-negro; senão cortar," Conjunto de quatro gráficos do modelo de Solow. Superior esquerdo: função de produção sf(k) e linha de investimento de manutenção (δ+n)k, com estado estacionário k*. Superior direito: comparação do estado estacionário q",,
caderno2 (md),Lista de Exercícios - 20/10/2025,622,IMAGEM 095,verso,GRÁFICO,sim,redesenho didático se passar no teste do quadro-negro; senão cortar," Dois gráficos do modelo de Solow. Esquerda, “A função de produção”: eixo vertical produção por trabalhador y e horizontal capital por trabalhador k; y=f(k) é crescente e côncava, com rendimentos marginais decrescentes; ",,
caderno2 (md),Lista de Exercícios - 20/10/2025,623,IMAGEM 096,verso,GRÁFICO,sim,redesenho didático se passar no teste do quadro-negro; senão cortar," Título: Aumento da taxa de poupança. Eixo horizontal k; vertical investimento e depreciação. Linha preta reta δk (investimento de manutenção) e duas curvas côncavas de investimento s₁f(k) e s₂f(k), com s₂ acima de s₁. O",,
caderno2 (md),Lista de Exercícios - 20/10/2025,623,IMAGEM 097,verso,GRÁFICO,sim,redesenho didático se passar no teste do quadro-negro; senão cortar," Título: O impacto do crescimento populacional. Eixo horizontal Capital por trabalhador k; vertical Investimento, investimento em manutenção. Curva côncava sf(k); duas linhas retas (δ+n₁)k e (δ+n₂)k, sendo a segunda mais",,
caderno2 (md),Lista de Exercícios - 17/11/2025,636,IMAGEM 098,verso,TEXTO,sim,absorver no 📖 e cortar," ERRADO. Embora a formação das expectativas seja diferente, a estrutura funcional da oferta e a dependência de erros de percepção (P−Pᵉ) aproximam muito os dois modelos na literatura de oferta agregada. Em Friedman, expe",,
caderno2 (md),Lista de Exercícios - 17/11/2025,637,IMAGEM 099,verso,TEXTO,sim,absorver no 📖 e cortar," CERTO. Pela Paridade Descoberta da Taxa de Juros (UIP), o diferencial de juros deve compensar a variação cambial esperada para que os retornos se igualem: \(i = i^* + E(\Delta e)\). Se a taxa doméstica é maior que a ext",,
caderno2 (md),Lista de Exercícios - 17/11/2025,640,IMAGEM 100,verso,TEXTO,sim,absorver no 📖 e cortar," CERTO. Se um país mantém câmbio fixo e livre mobilidade de capital, a taxa de juros interna deveria ser igual à externa mais o prêmio de risco país: \(i = i^* + E(\Delta e) + Risco\). Se, mesmo descontando o risco, a ta",,
caderno2 (md),Lista de Exercícios - 15/12/2025,657,IMAGEM 101,verso,TEXTO,sim,absorver no 📖 e cortar," O multiplicador é \(k = 1/(1-c) = 1/(1-0,75) = 1/0,25 = 4\). O Gasto Autônomo (A) é a soma do consumo autônomo e investimento: 200 + 100 = 300. A renda de equilíbrio é \(Y = k \cdot A\). Logo, \(Y = 4 \cdot 300 = 1.200\",,
caderno2 (md),Lista de Exercícios - 15/12/2025,659,IMAGEM 102,verso,TEXTO,sim,absorver no 📖 e cortar," ERRADO. A taxa de câmbio real é dada por \(\varepsilon = E \cdot P_{ext}/P_{dom}\) (ou variações dessa fórmula). Se os preços domésticos \(P_{dom}\) sobem enquanto o resto é constante, a taxa real cai, o que significa u",,
caderno2 (md),Lista de Exercícios - 26/01/2025,677,IMAGEM 103,verso,TEXTO,sim,absorver no 📖 e cortar," ERRADO. O Índice de Lerner, que mede o poder de mercado (mark-up), é dado por \(L=(P-CMg)/P = -1/E_d\). ",,
caderno2 (md),Lista de Exercícios - 02/02/2026,706,IMAGEM 104,verso,TEXTO,sim,absorver no 📖 e cortar," Segundo João Manuel Cardoso de Mello (O Capitalismo Tardio), o processo de industrialização brasileiro entre 1933 e 1955 é caracterizado como industrialização restringida porque: havia um movimento endógeno de acumulaçã",,
caderno2 (md),Lista de Exercícios - 10/03/2025,738,IMAGEM 105,frente,TABELA,sim,tabela HTML aninhada," Tabela de fluxos do setor público, 2022 e 2023, em R$ bilhões e % do PIB. Blocos destacados: nominal, juros nominais e primário. Em 2022: nominal do setor público −460,4 (−4,6% do PIB); juros nominais 586,4 (5,8%); prim",,
caderno2 (md),Lista de Exercícios - 10/03/2025,739,IMAGEM 105,frente,TABELA,sim,tabela HTML aninhada," Tabela de fluxos do setor público, 2022 e 2023, em R$ bilhões e % do PIB. Blocos destacados: nominal, juros nominais e primário. Em 2022: nominal do setor público −460,4 (−4,6% do PIB); juros nominais 586,4 (5,8%); prim",,
caderno2 (md),Lista de Exercícios - 10/03/2025,740,IMAGEM 105,frente,TABELA,sim,tabela HTML aninhada," Tabela de fluxos do setor público, 2022 e 2023, em R$ bilhões e % do PIB. Blocos destacados: nominal, juros nominais e primário. Em 2022: nominal do setor público −460,4 (−4,6% do PIB); juros nominais 586,4 (5,8%); prim",,
caderno2 (md),Lista de Exercícios - 10/03/2025,741,IMAGEM 105,frente,TABELA,sim,tabela HTML aninhada," Tabela de fluxos do setor público, 2022 e 2023, em R$ bilhões e % do PIB. Blocos destacados: nominal, juros nominais e primário. Em 2022: nominal do setor público −460,4 (−4,6% do PIB); juros nominais 586,4 (5,8%); prim",,
caderno2 (md),Lista de Exercícios - 10/03/2025,742,IMAGEM 106,verso,GRÁFICO,sim,redesenho didático se passar no teste do quadro-negro; senão cortar," Gráfico com eixo vertical Price e horizontal Quantity. Curvas de custo marginal MC crescente, custo médio AC em U, demanda D decrescente e receita marginal MR decrescente mais íngreme. Linhas tracejadas marcam preços ap",,
caderno2 (md),Lista de Exercícios - 10/03/2025,743,IMAGEM 107,verso,GRÁFICO,sim,redesenho didático se passar no teste do quadro-negro; senão cortar, Título: Regulamentação do Preço do Monopólio Natural. Eixo vertical $/Q; horizontal Quantidade. Demanda decrescente em azul; RMg decrescente mais íngreme; CMe decrescente e CMg abaixo/decrescente suavemente. Sem regulaç,,
caderno2 (md),Lista de Exercícios - 10/03/2025,744,IMAGEM 108,verso,TABELA,sim,absorver no 📖 (lista ou tabela ≥ 3 colunas)," Matriz de classificação de bens por rivalidade e exclusão. Excludente? Sim / Rival? Sim: Bens Privados — sorvetes, roupas, estradas congestionadas com pedágio. Excludente? Sim / Rival? Não: Monopólios Naturais/bens club",,
caderno2 (md),Lista de Exercícios - 10/03/2025,746,IMAGEM 109,frente,GRÁFICO,sim,redesenhar (essencial)," Gráfico 1. Eixo vertical p e horizontal q. Duas curvas de demanda paralelas e decrescentes, D1 à esquerda e D2 à direita. Uma seta horizontal aponta da D1 para D2, indicando deslocamento da demanda para a direita. ",,
caderno2 (md),Lista de Exercícios - 10/03/2025,747,IMAGEM 109,frente,GRÁFICO,sim,redesenhar (essencial)," Gráfico 1. Eixo vertical p e horizontal q. Duas curvas de demanda paralelas e decrescentes, D1 à esquerda e D2 à direita. Uma seta horizontal aponta da D1 para D2, indicando deslocamento da demanda para a direita. ",,
caderno2 (md),Lista de Exercícios - 10/03/2025,748,IMAGEM 109,frente,GRÁFICO,sim,redesenhar (essencial)," Gráfico 1. Eixo vertical p e horizontal q. Duas curvas de demanda paralelas e decrescentes, D1 à esquerda e D2 à direita. Uma seta horizontal aponta da D1 para D2, indicando deslocamento da demanda para a direita. ",,
caderno2 (md),Lista de Exercícios - 10/03/2025,749,IMAGEM 109,frente,GRÁFICO,sim,redesenhar (essencial)," Gráfico 1. Eixo vertical p e horizontal q. Duas curvas de demanda paralelas e decrescentes, D1 à esquerda e D2 à direita. Uma seta horizontal aponta da D1 para D2, indicando deslocamento da demanda para a direita. ",,
caderno2 (md),Lista de Exercícios - 03/02/2025,755,IMAGEM 110,verso,TEXTO,sim,absorver no 📖 e cortar," ERRADO. Os serviços da dívida externa, como despesas financeiras e juros, são registrados na conta de renda primária da conta de Transações Correntes do BP, e não na conta capital e financeira. A imagem mostra o esquema",,
caderno2 (md),Lista de Exercícios - 03/02/2025,757,IMAGEM 111,verso,TABELA,sim,absorver no 📖 (lista ou tabela ≥ 3 colunas), ERRADO. O Produto Interno Bruto (PIB) mede o valor de mercado de todos os bens e serviços finais produzidos dentro das fronteiras de um país em um determinado período. Bens e serviços intermediários não são incluídos pa,,
caderno2 (md),Lista de Exercícios - 03/02/2025,758,IMAGEM 112,verso,FÓRMULA,sim,transcrever como texto no 📖," CERTO. \(PME = PMC = PMPP + Ebc\). \(M1 = PMPP + DV\). \(PMPP = PMC - Ebc\). Logo, \(M1 = PMC - Ebc + DV = PMC + DV - Ebc\). ",,
caderno2 (md),Lista de Exercícios - 03/02/2025,759,IMAGEM 113,verso,TEXTO,sim,absorver no 📖 e cortar, CERTO. Modelo de Bertrand: pressupõe um mercado oligopolista composto de duas empresas; empresas escolhem simultaneamente os preços e deixam o mercado determinar a quantidade a ser vendida; quando uma empresa escolhe um,,
caderno2 (md),Lista de Exercícios - 03/02/2025,766,IMAGEM 114,verso,GRÁFICO,sim,redesenho didático se passar no teste do quadro-negro; senão cortar," Gráfico do modelo de Solow com eixo vertical \(I_t, I_{t+1}\) e horizontal K. Duas retas partem da origem: \(sY=sAk\), mais inclinada, e \(dk\), menos inclinada. Uma linha vertical tracejada em \(K_t\) mostra que o inve",,
caderno2 (md),Lista de Exercícios - 25/11/2024,793,IMAGEM 115,verso,TEXTO,sim,absorver no 📖 e cortar," 1. O multiplicador dos meios de pagamento reflete a capacidade do sistema bancário de aumentar a oferta de moeda a partir da base monetária inicial. Considere a fórmula \(M=mB\), onde \(M\) é o saldo dos meios de pagame",,
caderno2 (md),Lista de Exercícios - 25/11/2024,794,IMAGEM 116,verso,TEXTO,sim,absorver no 📖 e cortar, ERRADO. \(\Delta(D/PIB)_t \approx (r-g)(D/PIB)_{t-1} - (T_t-G_t)/PIB_t\). A variação da razão dívida pública/PIB ao longo do tempo é resultado da soma de dois termos. O primeiro é a diferença entre a taxa real de juros ,,
caderno2 (md),Lista de Exercícios - 25/11/2024,795,IMAGEM 117,verso,TEXTO,sim,absorver no 📖 e cortar," 3. Déficit Primário é a diferença entre as receitas do governo, incluindo receitas financeiras, e suas despesas totais, excluídas as despesas com juros da dívida. ERRADO. O cálculo do déficit primário não considera desp",,
caderno2 (md),Lista de Exercícios - 25/11/2024,796,IMAGEM 118,verso,TEXTO,sim,absorver no 📖 e cortar, 4. O multiplicador dos meios de pagamento é maior quando o público prefere manter uma maior proporção de seus recursos na forma de moeda manual (papel-moeda). ERRADO. \(m = 1/[1-d(1-R)]\). Quando o público prefere mante,,
caderno2 (md),Lista de Exercícios - 25/11/2024,799,IMAGEM 119,verso,TEXTO,sim,absorver no 📖 e cortar," 3. Em um regime de bandas cambiais, a taxa de câmbio é mantida constante dentro de limites estabelecidos, sem a possibilidade de flutuações fora dessas bandas. ERRADO. No regime de bandas cambiais, a taxa de câmbio pode",,
caderno2 (md),Lista de Exercícios - 25/11/2024,801,IMAGEM 120,verso,TEXTO,sim,absorver no 📖 e cortar," 3. A respeito da história econômica brasileira, julgue (C ou E) os seguintes itens: 1. Em relação ao período da crise da dívida externa, houve negociação com o FMI, cujo acordo, “vigente no período de ajuste 1980 a 1984",,
caderno2 (md),Lista de Exercícios - 25/11/2024,802,IMAGEM 121,verso,TEXTO,sim,absorver no 📖 e cortar," 2. Para lidar com as dificuldades associadas à ausência de mecanismos privados de financiamento aptos a sustentar o processo de industrialização brasileiro, o Plano de Ação Econômica do Governo (PAEG) promoveu diversas ",,
caderno2 (md),Lista de Exercícios - 25/11/2024,803,IMAGEM 122,verso,TEXTO,sim,absorver no 📖 e cortar," 3. O ajuste econômico levado a cabo durante a gestão de Campos e Bulhões foi operacionalizado por meio de forte contração monetária e fiscal. Ademais, a política salarial do PAEG também concorreu para o tratamento de ch",,
caderno2 (md),Lista de Exercícios - 09/09/2024,813,IMAGEM 123,verso,GRÁFICO,sim,redesenho didático se passar no teste do quadro-negro; senão cortar," Gráfico no espaço capital-trabalho: eixo vertical K e horizontal L. Três isoquantas em formato de “L” (Leontief/proporções fixas), em vermelho, correspondem a níveis crescentes de produção. Os vértices estão alinhados a",,
caderno2 (md),Lista de Exercícios - 26/08/2024,827,IMAGEM 124,verso,GRÁFICO,sim,redesenho didático se passar no teste do quadro-negro; senão cortar," Título: AUMENTO DA TAXA DE POUPANÇA. Gráfico de Solow: eixo horizontal k; vertical investimento e depreciação. Linha reta δk; curvas côncavas s₁f(k) e s₂f(k), com s₂ acima. A elevação da poupança aumenta investimento e ",,
caderno2 (md),Lista de Exercícios - 26/08/2024,830,IMAGEM 125,verso,TABELA,sim,absorver no 📖 (lista ou tabela ≥ 3 colunas)," Duas tabelas comparativas de taxas de crescimento. Esquerda: “Taxas de crescimento de estado estacionário com o progresso tecnológico”. Variáveis e taxas: y=Y/EL: 0; k=K/EL: 0; K: n+g; Y: n+g; E: g; L: n; Y/L, K/L: g. D",,
caderno2 (md),Lista de Exercícios - 26/08/2024,831,IMAGEM 126,verso,TEXTO,sim,absorver no 📖 e cortar, 1. As restrições voluntárias às exportações se referem à situação em que uma nação exportadora induz uma outra a restringir suas importações de uma commodity voluntariamente. ,,
caderno2 (md),Lista de Exercícios - 26/08/2024,832,IMAGEM 127,verso,GRÁFICO,sim,redesenho didático se passar no teste do quadro-negro; senão cortar," Conjunto de gráficos. Parte superior: “Efeito de uma tarifa de importação: caso do país pequeno”, com oferta S e demanda D; o preço sobe do preço mundial para preço mundial + tarifa, reduzindo excedente do consumidor, a",,
caderno2 (md),Lista de Exercícios - 26/08/2024,833,IMAGEM 128,verso,TEXTO,sim,absorver no 📖 e cortar," 3. O instrumento de política industrial mediante o qual o governo brasileiro, com o objetivo de fomentar a inovação e a industrialização nas cadeias produtivas de petróleo e gás natural (P&G) no país, estabelece índices",,
caderno2 (md),Lista de Exercícios - 19/08/2024,850,IMAGEM 129,verso,GRÁFICO,sim,redesenho didático se passar no teste do quadro-negro; senão cortar, Título: Regulamentação do Preço do Monopólio Natural. Eixo vertical $/Q; horizontal Quantidade. Demanda decrescente em azul; RMg decrescente mais íngreme; CMe decrescente e CMg abaixo/decrescente suavemente. Sem regulaç,,
caderno2 (md),Lista de Exercícios - 19/08/2024,851,IMAGEM 130,verso,TABELA,sim,absorver no 📖 (lista ou tabela ≥ 3 colunas)," Tabela “Estrutura de mercado” comparando Competição Perfeita, Competição Monopolística e Monopólio. Linhas visíveis: objetivo das empresas — maximizar lucros nos três; regra de maximizar — RMg=CMg nos três; pode ter luc",,
caderno2 (md),Lista de Exercícios - 05/08/2024,862,IMAGEM 131,verso,GRÁFICO,sim,redesenho didático se passar no teste do quadro-negro; senão cortar," Eixo vertical Capital por ano e horizontal Trabalho por ano. Três isoquantas em formato de L, q1, q2 e q3, com vértices A, B e C alinhados sobre uma diagonal tracejada crescente. O primeiro ponto A está em L1,K1; níveis",,
caderno2 (md),Lista de Exercícios - 05/08/2024,862,IMAGEM 132,verso,GRÁFICO,sim,redesenho didático se passar no teste do quadro-negro; senão cortar," Eixo vertical Capital por ano e horizontal Trabalho por ano. Três isoquantas lineares decrescentes e paralelas, q1, q2 e q3, representando substitutos perfeitos. Pontos A, B e C aparecem sobre a isoquanta q3, mostrando ",,
caderno2 (md),Lista de Exercícios - 05/08/2024,863,IMAGEM 133,verso,GRÁFICO,sim,redesenho didático se passar no teste do quadro-negro; senão cortar," Eixo vertical Capital por ano e horizontal Trabalho por ano. Três isoquantas em formato de L, q1, q2 e q3, com vértices A, B e C alinhados sobre uma diagonal tracejada crescente. O primeiro ponto A está em L1,K1; níveis",,
caderno2 (md),Lista de Exercícios - 05/08/2024,866,IMAGEM 134,verso,TEXTO,sim,absorver no 📖 e cortar," CERTO. A condição equilíbrio de lucro máximo se dá quando Receita Marginal = Custo Marginal. Na concorrência perfeita, as firmas são tomadoras de preço: Receita Marginal = Preço. Assim, a condição de maximização de lucr",,
caderno2 (md),Lista de Exercícios - 05/08/2024,867,IMAGEM 135,verso,TEXTO,sim,absorver no 📖 e cortar," CERTO. Índice de Lerner de Poder de Monopólio: \(L=(P-CMg)/P\). Quanto maior o valor de L, maior o poder de monopólio. L pode ser expresso em função de Ed: \(L=(P-CMg)/P=-1/E_d\), em que L é o Índice de Lerner, P é o pr",,
caderno2 (md),Lista de Exercícios - 05/08/2024,872,IMAGEM 136,verso,GRÁFICO,sim,redesenho didático se passar no teste do quadro-negro; senão cortar," Título/fórmula: CMg Social = CMg Privado + CMg Externalidade. Eixo vertical preço P e horizontal Poluição. Curva de demanda/benefício marginal decrescente cruza CMg privado crescente no ponto A, associado a Q_mercado. A",,
caderno2 (md),Lista de Exercícios - 29/07/2024,878,IMAGEM 137,verso,GRÁFICO,sim,redesenho didático se passar no teste do quadro-negro; senão cortar," Dois diagramas de incidência tributária. À esquerda, “Oferta elástica, demanda inelástica”: oferta relativamente plana e demanda íngreme; a maior parcela do imposto recai sobre consumidores. À direita, “Oferta inelástic",,
caderno2 (md),Lista de Exercícios - 29/07/2024,880,IMAGEM 138,verso,TEXTO,sim,absorver no 📖 e cortar, CERTO. Os bens complementares são aqueles consumidos conjuntamente. A elasticidade preço cruzada da demanda mede a variação percentual na quantidade demandada de uma mercadoria que decorre da variação de 1% no preço de ,,
caderno2 (md),Lista de Exercícios - 29/07/2024,881,IMAGEM 139,verso,TEXTO,sim,absorver no 📖 e cortar," ERRADO. Com uma curva de demanda elástica (elasticidade da demanda maior que 1, em valor absoluto), um aumento no preço leva a uma diminuição na quantidade demandada proporcionalmente maior. Os produtores que enfrentam ",,
caderno2 (md),Lista de Exercícios - 29/07/2024,881,IMAGEM 140,verso,GRÁFICO,sim,redesenho didático se passar no teste do quadro-negro; senão cortar," Título: Elasticidade e receita total: demanda elástica. Dois pequenos gráficos de demanda destacam que aumento de preço reduz receita e redução de preço aumenta receita quando a demanda é elástica. Abaixo, “Elasticidade",,
caderno2 (md),Lista de Exercícios - 29/07/2024,884,IMAGEM 141,verso,GRÁFICO,sim,redesenho didático se passar no teste do quadro-negro; senão cortar," Título: complementos perfeitos. Eixos X1 (horizontal) e X2 (vertical), ambos de 0 a 4. Curvas de indiferença laranjas em ângulo reto, com vértices aproximadamente em (1,1), (2,2), (3,3) e (4,4), mostrando proporções fix",,
caderno2 (md),Lista de Exercícios - 29/07/2024,886,IMAGEM 142,verso,TEXTO,sim,absorver no 📖 e cortar," CERTO. Para determinar o número de unidades importadas e produzidas domesticamente com livre comércio, encontra-se primeiro a quantidade demandada e a quantidade ofertada no mercado doméstico ao preço internacional de p",,
caderno2 (md),Lista de Exercícios - 29/07/2024,887,IMAGEM 143,verso,TEXTO,sim,absorver no 📖 e cortar," a. Novo Preço Interno: com a tarifa, P=10+5=15. b. Nova Quantidade Demandada (Qd): Qd=1600−20p; substituindo p=15: Qd=1600−300=1300. c. Nova Quantidade Ofertada (Qs): Qs=60p; substituindo p=15: Qs=900. d. Nova Quantidad",,
caderno2 (md),Lista de Exercícios - 29/07/2024,888,IMAGEM 144,verso,GRÁFICO,sim,redesenho didático se passar no teste do quadro-negro; senão cortar," Gráfico de tarifa em país pequeno. Eixo vertical p, horizontal Q. Oferta doméstica crescente e demanda doméstica decrescente. Linha horizontal P* é o preço mundial sem tarifa; linha horizontal P*(1+t) é o preço com tari",,
caderno2 (md),Lista de Exercícios - 22/07/2024,895,IMAGEM 145,verso,TEXTO,sim,absorver no 📖 e cortar," CERTO. Com o crescimento populacional, a equação de acumulação para manter k (estoque de capital por trabalhador) constante é \(sk = s f(k) = (\delta+n)k\). A imagem explica que, com maior crescimento populacional, o mo",,
caderno2 (md),Lista de Exercícios - 22/07/2024,896,IMAGEM 146,verso,TEXTO,sim,absorver no 📖 e cortar, ERRADO. São premissas do modelo de Solow que a função de produção agregada apresenta retornos constantes à escala e rendimentos marginais decrescentes dos insumos capital e trabalho. A imagem compara: “A função de produ,,
caderno2 (md),Lista de Exercícios - 22/07/2024,900,IMAGEM 147,verso,FÓRMULA,sim,transcrever como texto no 📖, \(PMeC = C/Y = \alpha Y_p/Y\) ,,
caderno2 (md),Lista de Exercícios - 22/07/2024,903,IMAGEM 148,verso,GRÁFICO,sim,redesenho didático se passar no teste do quadro-negro; senão cortar, CERTO. Título: Política fiscal com taxa de câmbio fixa — Expansão Fiscal. Modelo IS-LM-BP: eixo vertical i e horizontal Y; BP horizontal em i=i*; LM crescente; IS inicial decrescente e IS deslocada para a direita. A exp,,
caderno2 (md),Lista de Exercícios - 22/07/2024,904,IMAGEM 149,verso,GRÁFICO,sim,redesenho didático se passar no teste do quadro-negro; senão cortar," Política fiscal com taxa de câmbio fixa — Expansão Fiscal. O diagrama IS-LM-BP mostra o deslocamento da IS para a direita, movimento E→E′, pressão de apreciação, intervenção do Banco Central para manter a paridade e des",,
caderno2 (md),Lista de Exercícios - 22/07/2024,905,IMAGEM 150,verso,GRÁFICO,sim,redesenho didático se passar no teste do quadro-negro; senão cortar," Título: Política monetária com taxa de câmbio fixa — Expansão Monetária. No gráfico IS-LM-BP, a LM desloca-se para a direita e a economia vai de E para E′, abaixo da linha BP; o déficit do BP pressiona por desvalorizaçã",,
caderno2 (md),Lista de Exercícios - 22/07/2024,906,IMAGEM 151,verso,GRÁFICO,sim,redesenho didático se passar no teste do quadro-negro; senão cortar," Título: Política fiscal com taxa de câmbio flexível — Expansão fiscal. No gráfico IS-LM-BP, a IS desloca-se para a direita de E para E′, elevando juros; entram capitais, o câmbio aprecia e as exportações líquidas caem; ",,
caderno2 (md),Lista de Exercícios - 08/07/2024,912,IMAGEM 152,verso,TEXTO,sim,absorver no 📖 e cortar," ERRADO. \(\Delta G = \$100\) milhões; \(c=0,75\); \(\Delta Y=?\). De acordo com o multiplicador dos gastos autônomos: \(\Delta Y=\alpha\Delta G\). Nesta economia fechada sem governo, \(\alpha=1/(1-c)=1/(1-0,75)=4\). Log",,
caderno2 (md),Lista de Exercícios - 01/07/2024,933,IMAGEM 153,verso,TABELA,sim,absorver no 📖 (lista ou tabela ≥ 3 colunas), Tabela 1 — Economia Nacional — Conta de bens e serviços — 2004 (1 000 000 R$) Recursos \| Operações e saldos \| Usos 3 432 735 \| Produção \| 243 622 \| Importação de bens e serviços \| 276 077 \| Impostos sobre produto,,
caderno2 (md),Lista de Exercícios - 24/06/2024,952,IMAGEM 154,verso,TEXTO,sim,absorver no 📖 e cortar, CERTO. O multiplicador dos meios de pagamento depende basicamente de dois parâmetros: que parcela as pessoas mantêm em papel-moeda (PMPP/M1=c) e que parcela deixam em depósito à vista nos bancos comerciais (DV/M1=d); pa,,
caderno2 (md),Lista de Exercícios - 24/06/2024,952,IMAGEM 155,verso,TEXTO,sim,absorver no 📖 e cortar," Se a parcela dos meios de pagamentos que os agentes mantêm como depósitos à vista aumentar (Se “d” aumenta) e se a proporção de reservas bancárias em relação ao depósito à vista diminuir (Se “R” cai), então o multiplica",,
caderno2 (md),Lista de Exercícios - 24/06/2024,955,IMAGEM 156,verso,TEXTO,sim,absorver no 📖 e cortar," ERRADO. Uma das principais alterações do BPM 6 se refere ao tratamento dado aos empréstimos intercompanhias (agora operações intercompanhias), nos quais vários créditos e passivos a partir da identificação das residênci",,
caderno2 (md),Lista de Exercícios - 24/06/2024,956,IMAGEM 157,verso,TEXTO,sim,absorver no 📖 e cortar, Lista de itens de transações externas: exportações de mercadoria 15; recebimento de doações na forma de mercadorias 1; empréstimos e financiamentos recebidos no exterior 10; investimento estrangeiro direto recebido 5; r,,
caderno2 (md),Lista de Exercícios - 24/06/2024,957,IMAGEM 158,verso,TEXTO,sim,absorver no 📖 e cortar," CERTO S − I = TC I − S = −TC = Se I − S = Se => I = S + Se I = Sp + Sg + Se Se TC < 0 => Se > 0, o país utilizou poupança externa no financiamento dos seus gastos. Precisamos calcular TC TC = BC + BS + RP + RS importaçõ",,
caderno2 (md),Lista de Exercícios - 24/06/2024,957,IMAGEM 159,verso,TEXTO,sim,absorver no 📖 e cortar," BS = −10. Juros de empréstimos pagos ao exterior: 5. RP = −5. Recebimento de doações na forma de mercadorias: 1. RS = 1. TC = −6 −10 −5 +1 = −20. Como TC < 0, o país utilizou poupança externa no financiamento dos seus g",,
caderno2 (md),Lista de Exercícios - 21/08/2023,967,IMAGEM 160,frente,TEXTO,sim,transcrever como texto," The image displays two scenarios comparing the output per labor unit for two countries, A and B, under different conditions. ",,
caderno2 (md),Lista de Exercícios - 21/08/2023,968,IMAGEM 160,frente,TEXTO,sim,transcrever como texto," The image displays two scenarios comparing the output per labor unit for two countries, A and B, under different conditions. ",,
caderno2 (md),Lista de Exercícios - 21/08/2023,969,IMAGEM 160,frente,TEXTO,sim,transcrever como texto," The image displays two scenarios comparing the output per labor unit for two countries, A and B, under different conditions. ",,
caderno2 (md),Lista de Exercícios - 21/08/2023,970,IMAGEM 160,frente,TEXTO,sim,transcrever como texto," The image displays two scenarios comparing the output per labor unit for two countries, A and B, under different conditions. ",,
caderno2 (md),Lista de Exercícios - 21/08/2023,970,IMAGEM 161,verso,TABELA,sim,absorver no 📖 (lista ou tabela ≥ 3 colunas)," The image displays a productivity table for two countries, A and B, showing units of goods x and y produced per unit of labor, with country A producing 4 units of x and 8 units of y, and country B producing 1 unit of x ",,
caderno2 (md),Lista de Exercícios - 21/08/2023,970,IMAGEM 162,verso,TEXTO,sim,absorver no 📖 e cortar," The image explains opportunity costs for two countries, País A and País B, showing that País A can produce 4 units of x or 8 units of y per worker, while País B can produce 1 unit of x or 2 units of y. ",,
caderno2 (md),Lista de Exercícios - 21/08/2023,978,IMAGEM 163,verso,TEXTO,sim,absorver no 📖 e cortar," The image compares monetary and fiscal policy effectiveness under fixed versus floating exchange rates, with or without perfect capital mobility. ",,
caderno2 (md),Lista de Exercícios - 15/08/2023,992,IMAGEM 164,verso,GRÁFICO,sim,redesenho didático se passar no teste do quadro-negro; senão cortar," The image displays an indifference curve graph labeled “Curvas de indiferença,” showing a preference ordering of points z > x > y, with point z (yellow) above and to the right of point x (gray), which is above point y (",,
caderno2 (md),Lista de Exercícios - 15/08/2023,995,IMAGEM 165,verso,GRÁFICO,sim,redesenho didático se passar no teste do quadro-negro; senão cortar," This graph illustrates the pricing regulation of a natural monopoly, showing that without regulation, the monopolist produces Qm and charges Pm. ",,
caderno2 (md),Lista de Exercícios - 07/08/2023,1006,IMAGEM 166,verso,GRÁFICO,sim,redesenho didático se passar no teste do quadro-negro; senão cortar," The image displays a text excerpt explaining Lucas’s Aggregated Supply Curve, defined by the equation Y = YN + a(P – Pe), where Y is real output, YN is full-employment output, P is the general price level, and Pe is the",,
caderno2 (md),Lista de Exercícios - 07/08/2023,1006,IMAGEM 167,verso,FÓRMULA,sim,transcrever como texto no 📖," The image displays an economic equation, Y = Y* + a(p – pe), with the accompanying text in Portuguese stating that if the shock is perfectly anticipated, then p – pe equals Y*. ",,
caderno2 (md),Lista de Exercícios - 07/08/2023,1007,IMAGEM 168,verso,GRÁFICO,sim,redesenho didático se passar no teste do quadro-negro; senão cortar," The image displays a corrected economic formula labeled ""ERRADO"" (Wrong) concerning the accelerationist Phillips curve, showing that inflation change equals the negative of the difference between actual and natural unem",,
caderno2 (md),Lista de Exercícios - 07/08/2023,1010,IMAGEM 169,verso,GRÁFICO,sim,redesenho didático se passar no teste do quadro-negro; senão cortar," The graph illustrates perfect substitutes, showing orange 45-degree lines representing indifference curves for juice (maçã) and orange juice (laranja) with a constant marginal substitution rate (TMS = -1). ",,
caderno2 (md),Lista de Exercícios - 07/08/2023,1010,IMAGEM 170,verso,GRÁFICO,sim,redesenho didático se passar no teste do quadro-negro; senão cortar," The graph illustrates “complementos perfeitos” or perfect complements, showing that satisfaction is derived only when shoes (esquerdos) and right shoes (direitos) are consumed together in fixed proportions. ",,
caderno2 (md),Lista de Exercícios - 07/08/2023,1012,IMAGEM 171,verso,GRÁFICO,sim,redesenho didático se passar no teste do quadro-negro; senão cortar," The image displays two economic graphs illustrating consumer choice, with a blue budget line and a red indifference curve intersecting at the optimal point (x₁*, x₂*) labeled as the most preferred affordable bundle. ",,
caderno2 (md),Lista de Exercícios - 07/08/2023,1012,IMAGEM 172,verso,DIAGRAMA,sim,redesenho didático se passar no teste do quadro-negro; senão cortar, The image displays two economic diagrams illustrating budget constraints with a constant marginal rate of substitution (TMS = -1) under different price conditions. ,,
caderno2 (md),Lista de Exercícios - 31/07/2023,1018,IMAGEM 173,verso,TEXTO,sim,absorver no 📖 e cortar," The image explains the Lerner Index, a measure of market power, defined as the ratio of price to marginal cost divided by price elasticity of demand. ",,
caderno2 (md),Lista de Exercícios - 24/07/2023,1035,IMAGEM 174,frente,GRÁFICO,sim,redesenhar (essencial)," The image displays two linear equations representing demand and supply curves in a competitive market, with demand Qᴰ = 300 - 30p and supply Qˢ = 10p + 20, where p is the product price. ",,
caderno2 (md),Lista de Exercícios - 24/07/2023,1036,IMAGEM 174,frente,GRÁFICO,sim,redesenhar (essencial)," The image displays two linear equations representing demand and supply curves in a competitive market, with demand Qᴰ = 300 - 30p and supply Qˢ = 10p + 20, where p is the product price. ",,
caderno2 (md),Lista de Exercícios - 24/07/2023,1037,IMAGEM 174,frente,GRÁFICO,sim,redesenhar (essencial)," The image displays two linear equations representing demand and supply curves in a competitive market, with demand Qᴰ = 300 - 30p and supply Qˢ = 10p + 20, where p is the product price. ",,
caderno2 (md),Lista de Exercícios - 24/07/2023,1042,IMAGEM 175,verso,FÓRMULA,sim,transcrever como texto no 📖," The image displays a mathematical equation from a Portuguese text titled ""CERTO,"" explaining how the debt-to-GDP ratio evolves based on the nominal deficit and GDP variation. ",,
caderno2 (md),Lista de Exercícios - 24/07/2023,1043,IMAGEM 176,verso,FÓRMULA,sim,transcrever como texto no 📖," The image explains the Purchasing Power Parity (PPC) theory, detailing its absolute and relative versions, along with the Real Exchange Rate (RER), using mathematical formulas to show how prices and exchange rates relat",,
caderno2 (md),Lista de Exercícios - 24/07/2023,1043,IMAGEM 177,verso,FÓRMULA,sim,transcrever como texto no 📖," The image displays a mathematical formula on a black background, defining ""Enominal"" as the ratio of ""Pdoméstico"" to ""Pestrangeiro."" ",,
caderno2 (md),Lista de Exercícios - 24/07/2023,1043,IMAGEM 178,verso,FÓRMULA,sim,transcrever como texto no 📖," The image displays a mathematical formula on a black background, showing that the real exchange rate (E_real) equals the nominal exchange rate (E_nominal) multiplied by the ratio of a foreign price (P_strangeiro) to a d",,
caderno2 (md),Lista de Exercícios - 24/07/2023,1044,IMAGEM 179,verso,TEXTO,sim,absorver no 📖 e cortar," The image displays a Portuguese text snippet discussing financial concepts, specifically the PTJ (Projected Total Return) of a discovery, linking it to the risk premium and expected returns in domestic versus foreign as",,
caderno2 (md),Lista de Exercícios - 24/07/2023,1045,IMAGEM 180,verso,TEXTO,sim,absorver no 📖 e cortar," The image displays a Portuguese economic explanation about the absolute purchasing power parity (PPP) theory, stating that exchange rates should equalize price levels across countries. ",,
caderno2 (md),Lista de Exercícios - 24/07/2023,1045,IMAGEM 181,verso,TEXTO,sim,absorver no 📖 e cortar," The image displays a text excerpt explaining the ""Relative Purchasing Power Parity"" concept, stating that the real exchange rate remains constant and that percentage changes in domestic and foreign price levels must be ",,
caderno2 (md),Lista de Exercícios - 24/07/2023,1046,IMAGEM 182,verso,GRÁFICO,sim,redesenho didático se passar no teste do quadro-negro; senão cortar," The graph depicts an IS-LM-BP model with the interest rate 'i' on the vertical axis and output 'y' on the horizontal axis, showing a shift in the IS curve from IS to IS’ and a new equilibrium at E’ where the LM and BP c",,
caderno2 (md),Lista de Exercícios - 17/07/2023,1056,IMAGEM 183,verso,DIAGRAMA,sim,redesenho didático se passar no teste do quadro-negro; senão cortar," This Solow model diagram illustrates the steady-state level of per-worker GDP (y*) as a function of capital per worker (k*), showing that output grows faster initially along the curve y = k^a before converging to a stab",,
caderno2 (md),Lista de Exercícios - 17/07/2023,1056,IMAGEM 184,verso,GRÁFICO,sim,redesenho didático se passar no teste do quadro-negro; senão cortar," This image explains the Solow growth model, detailing how capital, labor, and technology interact to determine long-run economic output. ",,
caderno2 (md),Lista de Exercícios - 17/07/2023,1056,IMAGEM 185,verso,GRÁFICO,sim,redesenho didático se passar no teste do quadro-negro; senão cortar," The image presents a text excerpt discussing economic modeling concepts, specifically clarifying terminology and misconceptions in the Solow growth model. ",,
caderno2 (md),Lista de Exercícios - 17/07/2023,1056,IMAGEM 186,verso,TEXTO,sim,absorver no 📖 e cortar," The image presents a neoclassical growth model calculation, assuming a production function y = k^0.5, a savings rate s = 0.2, and a total depreciation rate n + g + δ = 0.10, leading to a steady-state capital stock k* = ",,
caderno2 (md),Lista de Exercícios - 17/07/2023,1059,IMAGEM 187,verso,GRÁFICO,sim,redesenho didático se passar no teste do quadro-negro; senão cortar," The graph illustrates a capital accumulation model where investment (sY = sAk) exceeds depreciation (dk) at every level of capital K, as indicated by the steeper slope of sY = sAk. ",,
caderno2 (md),Lista de Exercícios - 17/07/2023,1060,IMAGEM 188,verso,TABELA,sim,absorver no 📖 (lista ou tabela ≥ 3 colunas)," The image displays a classification of economic accounts, dividing them into “Conta de Bens e Serviços” and “Contas de Produção Renda e Capital,” with a second table detailing “Contas-Correntes” and their corresponding ",,
caderno2 (md),Lista de Exercícios - 17/07/2023,1061,IMAGEM 189,verso,TABELA,sim,absorver no 📖 (lista ou tabela ≥ 3 colunas)," The table outlines a national account balance with resources totaling 1.249.039.114, broken down into production and usage categories. ",,
caderno2 (md),Lista de Exercícios - 22/05/2023 - TEORIAS DO COMÉRCIO E INSTRUMENTOS DE PROTEÇÃO COMERCIAL,1155,IMAGEM 190,verso,GRÁFICO,sim,redesenho didático se passar no teste do quadro-negro; senão cortar," This graph illustrates the effects of export subsidies, showing a subsidy payment (Pw to Ps) that benefits producers (blue area a+b+c) but harms consumers (white area a+b) and incurs a government cost (gray area b+c+d+e",,
caderno2 (md),Lista de Exercícios - 22/05/2023 - TEORIAS DO COMÉRCIO E INSTRUMENTOS DE PROTEÇÃO COMERCIAL,1155,IMAGEM 191,verso,GRÁFICO,sim,redesenho didático se passar no teste do quadro-negro; senão cortar," The image displays a line of text in Portuguese explaining economic concepts, noting that variables b, e, and d represent consumption and production distortion losses similar to those caused by a tariff. ",,
caderno2 (md),Lista de Exercícios - 22/05/2023 - TEORIAS DO COMÉRCIO E INSTRUMENTOS DE PROTEÇÃO COMERCIAL,1158,IMAGEM 192,verso,GRÁFICO,sim,redesenho didático se passar no teste do quadro-negro; senão cortar," This chart illustrates Vernon’s product life cycle theory, showing production (red) and consumption (blue) curves across “Developed” and “Developing” markets. ",,
caderno2 (md),Lista de Exercícios - 22/05/2023 - TEORIAS DO COMÉRCIO E INSTRUMENTOS DE PROTEÇÃO COMERCIAL,1162,IMAGEM 193,verso,TEXTO,sim,absorver no 📖 e cortar," The image illustrates international trade between a capital-abundant “Local” country and a labor-abundant “Stranger” country, showing that the capital-abundant nation specializes in manufactures while the labor-abundant",,
caderno2 (md),Lista de Exercícios - 22/05/2023 - TEORIAS DO COMÉRCIO E INSTRUMENTOS DE PROTEÇÃO COMERCIAL,1163,IMAGEM 194,verso,GRÁFICO,sim,redesenho didático se passar no teste do quadro-negro; senão cortar," This supply-and-demand graph illustrates how import tariffs or quotas raise the price from Pw to P*, eliminating imports and shifting domestic quantity from Qs to Qs' while reducing demand to Qd'. ",,
caderno2 (md),Lista de Exercícios - 22/05/2023 - TEORIAS DO COMÉRCIO E INSTRUMENTOS DE PROTEÇÃO COMERCIAL,1164,IMAGEM 195,verso,GRÁFICO,sim,redesenho didático se passar no teste do quadro-negro; senão cortar," This graph illustrates how import tariffs or quotas raise the price from Pw to P* to eliminate imports, with area A showing the domestic producers’ gain and the total consumer loss being the sum of areas A, B, C, and D.",,
caderno2 (md),Lista de Exercícios - 22/05/2023 - TEORIAS DO COMÉRCIO E INSTRUMENTOS DE PROTEÇÃO COMERCIAL,1165,IMAGEM 196,verso,GRÁFICO,sim,redesenho didático se passar no teste do quadro-negro; senão cortar," The image explains two types of import tariffs: specific tariffs, which are fixed per unit like a US$10 fee per bicycle, and ad valorem tariffs, which are a percentage of the item’s value, such as 20% on a US$100 bicycl",,
caderno2 (md),"Lista de Exercícios - 15/05/2023 - TEORIA DO CONSUMIDOR, EXTERNALIDADES, BENS PÚBLICOS E RECURSOS DE PROPRIEDADE COMUM",1172,IMAGEM 197,verso,GRÁFICO,sim,redesenho didático se passar no teste do quadro-negro; senão cortar," The image displays a green shaded region bounded by a yellow curve, representing combinations of X and Y that are strictly preferred over points X and Y, as indicated by the text “é estritamente preferida a x e y.” ",,
caderno2 (md),Lista de Exercícios - 08/05/2023 - ESTRUTURAS DE MERCADO,1188,IMAGEM 198,verso,GRÁFICO,sim,redesenho didático se passar no teste do quadro-negro; senão cortar," This graph illustrates the short-run supply curve for a competitive firm, showing that production occurs when marginal cost (CMg) is above average variable cost (CVMe). ",,
caderno2 (md),Lista de Exercícios - 08/05/2023 - ESTRUTURAS DE MERCADO,1189,IMAGEM 199,verso,GRÁFICO,sim,redesenho didático se passar no teste do quadro-negro; senão cortar," This graph illustrates a competitive firm experiencing losses, as indicated by the label “Uma empresa competitiva que tem prejuízos,” with the price line P = RMg at D and the profit-maximizing quantity q’ where RMg equa",,
caderno2 (md),Lista de Exercícios - 08/05/2023 - ESTRUTURAS DE MERCADO,1190,IMAGEM 200,verso,GRÁFICO,sim,redesenho didático se passar no teste do quadro-negro; senão cortar," The image displays two supply-demand graphs: on the left, a competitive firm faces a horizontal demand curve at $4, indicating it can sell any quantity at that price; on the right, the industry’s demand curve (D) slopes",,
caderno2 (md),Lista de Exercícios - 08/05/2023 - ESTRUTURAS DE MERCADO,1191,IMAGEM 201,verso,TEXTO,sim,absorver no 📖 e cortar," The image presents economic concepts for a competitive firm, stating that lowering the price won’t affect market prices, with P equal to both marginal revenue (RMg) and marginal revenue earned (RMe). ",,
caderno2 (md),Lista de Exercícios - 08/05/2023 - ESTRUTURAS DE MERCADO,1192,IMAGEM 202,verso,GRÁFICO,sim,redesenho didático se passar no teste do quadro-negro; senão cortar," The top graph illustrates price elasticity of demand, showing that when PED > 1 (elastic), total revenue increases as price falls, while PED 1 (inelastic) means revenue decreases with price drops, with unit elasticity a",,
caderno2 (md),Lista de Exercícios - 08/05/2023 - ESTRUTURAS DE MERCADO,1196,IMAGEM 203,verso,GRÁFICO,sim,redesenho didático se passar no teste do quadro-negro; senão cortar," This graph illustrates a monopolist’s pricing and production decisions, showing that without regulation, it produces Qm and charges Pm, maximizing profit. ",,
caderno2 (md),"Lista de Exercícios - 24/04/2023 - OFERTA, DEMANDA E POLÍTICAS DO GOVERNO/ PRODUÇÃO E CUSTOS",1211,IMAGEM 204,verso,GRÁFICO,sim,redesenho didático se passar no teste do quadro-negro; senão cortar," The image displays five demand curves illustrating different elasticity concepts: perfectly inelastic (vertical line), inelastic (steep downward slope), unitary elasticity (moderate slope), elastic (flatter slope), and ",,
caderno2 (md),"Lista de Exercícios - 24/04/2023 - OFERTA, DEMANDA E POLÍTICAS DO GOVERNO/ PRODUÇÃO E CUSTOS",1212,IMAGEM 205,verso,GRÁFICO,sim,redesenho didático se passar no teste do quadro-negro; senão cortar," The graph depicts a supply and demand model with a price ceiling at P_max, creating a shortage (escassez) between Q1 and Q2, while the equilibrium price P0 and quantity Q0 are shown at the intersection of supply (S) and",,
caderno2 (md),"Lista de Exercícios - 24/04/2023 - OFERTA, DEMANDA E POLÍTICAS DO GOVERNO/ PRODUÇÃO E CUSTOS",1213,IMAGEM 206,verso,GRÁFICO,sim,redesenho didático se passar no teste do quadro-negro; senão cortar," The left graph illustrates a government purchase price floor (Pₛ) creating a surplus area (A) and a deadweight loss (D) as quantity supplied (Qₛ) exceeds the equilibrium (Q₀), while the right graph shows a subsidy (Pᵥ) ",,
caderno2 (md),"Lista de Exercícios - 24/04/2023 - OFERTA, DEMANDA E POLÍTICAS DO GOVERNO/ PRODUÇÃO E CUSTOS",1214,IMAGEM 207,verso,GRÁFICO,sim,redesenho didático se passar no teste do quadro-negro; senão cortar," This supply and demand graph illustrates a price ceiling at Pmáx, creating a shortage (escassez) between Q1 and Q2, with the equilibrium at Q0 and price P0. ",,
caderno2 (md),"Lista de Exercícios - 24/04/2023 - OFERTA, DEMANDA E POLÍTICAS DO GOVERNO/ PRODUÇÃO E CUSTOS",1215,IMAGEM 208,verso,DIAGRAMA,sim,redesenho didático se passar no teste do quadro-negro; senão cortar," This labor market diagram shows a wage minimum (w_min) above the equilibrium wage (w₀), creating a surplus of labor (desempleo) at L₁ and a shortage at L₂. ",,
caderno2 (md),"Lista de Exercícios - 24/04/2023 - OFERTA, DEMANDA E POLÍTICAS DO GOVERNO/ PRODUÇÃO E CUSTOS",1216,IMAGEM 209,frente,GRÁFICO,sim,redesenhar (essencial)," This graph displays three downward-sloping lines on a coordinate plane with 'L' on the vertical axis and 'K' on the horizontal axis, representing different production levels. ",,
caderno2 (md),"Lista de Exercícios - 24/04/2023 - OFERTA, DEMANDA E POLÍTICAS DO GOVERNO/ PRODUÇÃO E CUSTOS",1217,IMAGEM 209,frente,GRÁFICO,sim,redesenhar (essencial)," This graph displays three downward-sloping lines on a coordinate plane with 'L' on the vertical axis and 'K' on the horizontal axis, representing different production levels. ",,
caderno2 (md),"Lista de Exercícios - 24/04/2023 - OFERTA, DEMANDA E POLÍTICAS DO GOVERNO/ PRODUÇÃO E CUSTOS",1218,IMAGEM 209,frente,GRÁFICO,sim,redesenhar (essencial)," This graph displays three downward-sloping lines on a coordinate plane with 'L' on the vertical axis and 'K' on the horizontal axis, representing different production levels. ",,
caderno2 (md),"Lista de Exercícios - 24/04/2023 - OFERTA, DEMANDA E POLÍTICAS DO GOVERNO/ PRODUÇÃO E CUSTOS",1218,IMAGEM 210,verso,GRÁFICO,sim,redesenho didático se passar no teste do quadro-negro; senão cortar," The image displays three downward-sloping lines on a graph with axes labeled L (vertical) and K (horizontal), representing production possibilities for different output levels Q. ",,
caderno2 (md),"Lista de Exercícios - 24/04/2023 - OFERTA, DEMANDA E POLÍTICAS DO GOVERNO/ PRODUÇÃO E CUSTOS",1219,IMAGEM 209,frente,GRÁFICO,sim,redesenhar (essencial)," This graph displays three downward-sloping lines on a coordinate plane with 'L' on the vertical axis and 'K' on the horizontal axis, representing different production levels. ",,
caderno2 (md),"Lista de Exercícios - 24/04/2023 - OFERTA, DEMANDA E POLÍTICAS DO GOVERNO/ PRODUÇÃO E CUSTOS",1221,IMAGEM 211,verso,GRÁFICO,sim,redesenho didático se passar no teste do quadro-negro; senão cortar," The top graph shows monthly production (Produção mensal) peaking at 112 units with 8 workers, while the bottom graph illustrates that average product (Produto médio) peaks at 30 units per worker at 4 workers, and margin",,
caderno2 (md),Lista de Exercícios - 10/04/2023 - MACROECONOMIA ABERTA E POLÍTICA MONETÁRIA,1231,IMAGEM 212,verso,FÓRMULA,sim,transcrever como texto no 📖," The image displays a mathematical equation involving variables i, a, b, u, t, and π, likely representing a model in physics or engineering. ",,
caderno2 (md),Lista de Exercícios - 10/04/2023 - MACROECONOMIA ABERTA E POLÍTICA MONETÁRIA,1233,IMAGEM 213,verso,TEXTO,sim,absorver no 📖 e cortar," The image displays a line of Portuguese text explaining an economic concept, stating that due to the “Paridade Descoberta,” the difference (i – i*) equals ΔEᵉ, and since ΔEᵉ is positive when i exceeds i*, there is an ex",,
caderno2 (md),Lista de Exercícios - 10/04/2023 - MACROECONOMIA ABERTA E POLÍTICA MONETÁRIA,1234,IMAGEM 214,verso,TEXTO,sim,absorver no 📖 e cortar," The image displays a Portuguese text explaining a currency expectation based on a “Discovery Parity” calculation, where a 5%–6% difference results in a -1% expected appreciation. ",,
caderno2 (md),Lista de Exercícios - 10/04/2023 - MACROECONOMIA ABERTA E POLÍTICA MONETÁRIA,1237,IMAGEM 215,verso,FÓRMULA,sim,transcrever como texto no 📖," The image displays a formula for the real exchange rate, Tx de Cambio Real, defined as the product of the nominal exchange rate and the external price divided by the internal price, also expressed as eP’/P. ",,
caderno2 (md),Lista de Exercícios - 10/04/2023 - MACROECONOMIA ABERTA E POLÍTICA MONETÁRIA,1239,IMAGEM 216,verso,FÓRMULA,sim,transcrever como texto no 📖," The image displays a financial or economic formula: “i = i* + ΔEᵉ + Prêmio Risco,” which translates to “i equals i-star plus delta E superscript e plus Risk Premium.” ",,
caderno2 (md),Lista de Exercícios - 10/04/2023 - MACROECONOMIA ABERTA E POLÍTICA MONETÁRIA,1240,IMAGEM 217,verso,FÓRMULA,sim,transcrever como texto no 📖," The image displays a formula for the real exchange rate, labeled ""Tx de Câmbio Real = R,"" defined as the product of the nominal exchange rate and the external price, divided by the internal price, or equivalently, eP* d",,
caderno2 (md),Lista de Exercícios - 10/04/2023 - MACROECONOMIA ABERTA E POLÍTICA MONETÁRIA,1240,IMAGEM 218,verso,FÓRMULA,sim,transcrever como texto no 📖," The image displays a mathematical equation where the variable R equals 1, defined as the exponential of the ratio of P-star to P, with R = e^(P*/P) = 1. ",,
caderno2 (md),Lista de Exercícios - 10/04/2023 - MACROECONOMIA ABERTA E POLÍTICA MONETÁRIA,1240,IMAGEM 219,verso,FÓRMULA,sim,transcrever como texto no 📖," The image displays a set of economic equations related to the percentage change in a variable R, which is defined as eP*/P and is constant, with a zero percentage change. ",,
caderno2 (md),Lista de Exercícios - 10/04/2023 - MACROECONOMIA ABERTA E POLÍTICA MONETÁRIA,1241,IMAGEM 220,verso,GRÁFICO,sim,redesenho didático se passar no teste do quadro-negro; senão cortar," This graph depicts the IS-LM-BP model, showing the interest rate (i) on the vertical axis and output (Y) on the horizontal axis, with the IS curve (red) shifting rightward as it moves from point E to E’ and E’’. ",,
caderno2 (md),Lista de Exercícios - 10/04/2023 - MACROECONOMIA ABERTA E POLÍTICA MONETÁRIA,1243,IMAGEM 221,verso,FÓRMULA,sim,transcrever como texto no 📖," The image displays a set of economic equations representing aggregate output (Y) as a function of consumption, investment, government spending, and net exports, with the final simplified formula Y = 1/(1-c+m) [C₀ + I + ",,
caderno2 (md),Lista de Exercícios - 10/04/2023 - MACROECONOMIA ABERTA E POLÍTICA MONETÁRIA,1244,IMAGEM 222,verso,GRÁFICO,sim,redesenho didático se passar no teste do quadro-negro; senão cortar," The graph depicts an IS-LM-BP model with the interest rate 'i' on the vertical axis and output 'y' on the horizontal axis, showing a shift in the IS curve from IS to IS’ and a movement from equilibrium E to E’. ",,
caderno2 (md),Lista de Exercícios - 20/03/2023,1269,IMAGEM 223,verso,FÓRMULA,sim,transcrever como texto no 📖," The image explains the relationship between the money supply (M1) and monetary base (B) through the banking multiplier formula M = -M1/B, noting it depends on how much people hold cash versus deposits and how banks hold",,
caderno2 (md),"Lista de Exercícios - 13/03/2023 - BALANÇO DE PAGAMENTOS, CONTAS NACIONAIS E MOEDA",1286,IMAGEM 224,verso,TEXTO,sim,absorver no 📖 e cortar," The image outlines the general structure of a balance of payments (BP) with a focus on the current account, listing its main components: Commercial Balance (BC), Services Balance (BS), Primary Income (RP), and Secondary",,
caderno2 (md),"Lista de Exercícios - 13/03/2023 - BALANÇO DE PAGAMENTOS, CONTAS NACIONAIS E MOEDA",1286,IMAGEM 225,verso,TEXTO,sim,absorver no 📖 e cortar," The image displays the general/synthetic structure of a Balance Sheet’s Capital and Financial Account, outlining components like Capital (CK) and Financial (CF) accounts, which include direct investments, stock investme",,
caderno2 (md),"Lista de Exercícios - 13/03/2023 - BALANÇO DE PAGAMENTOS, CONTAS NACIONAIS E MOEDA",1288,IMAGEM 226,verso,TEXTO,sim,absorver no 📖 e cortar," The image compares two Brazilian balance of payments accounts, BPM5 (Antigo) and BPM6 (Novo) for 2014, showing that the old system recorded a -90.0 billion US$ in transactions while the new one recorded -104.2 billion, ",,
caderno2 (md),"Lista de Exercícios - 13/03/2023 - BALANÇO DE PAGAMENTOS, CONTAS NACIONAIS E MOEDA",1288,IMAGEM 227,verso,TEXTO,sim,absorver no 📖 e cortar," This 2021 financial statement in US millions shows current transactions totaling $27.925 million, with a trade balance of $36.363 million and services at $17.112 million, offset by a $50.471 million primary income and $",,
caderno2 (md),"Lista de Exercícios - 13/03/2023 - BALANÇO DE PAGAMENTOS, CONTAS NACIONAIS E MOEDA",1290,IMAGEM 228,verso,TABELA,sim,absorver no 📖 (lista ou tabela ≥ 3 colunas)," The image presents a table titled ""Identidade contábil básica: PRODUTO=DESPESA=RENDA,"" illustrating the accounting identity that production equals expenditure equals income, divided into three columns: production (A), e",,
caderno2 (md),"Lista de Exercícios - 13/03/2023 - BALANÇO DE PAGAMENTOS, CONTAS NACIONAIS E MOEDA",1298,IMAGEM 229,verso,FÓRMULA,sim,transcrever como texto no 📖," The image explains the concept of “Base Monetária,” defining it as the sum of paper money in circulation (PME) and bank reserves (RB), represented by the formula B = PME + RB. ",,
caderno2 (md),"Lista de Exercícios - 13/03/2023 - BALANÇO DE PAGAMENTOS, CONTAS NACIONAIS E MOEDA",1298,IMAGEM 230,verso,TEXTO,sim,absorver no 📖 e cortar," The image explains that monetary base (B) can be defined as PMPP plus commercial banks’ total deposits (ETbc), with ETbc being the sum of excess reserves (Ebc) and reserves (RB). ",,
caderno2 (md),"Lista de Exercícios - 13/03/2023 - BALANÇO DE PAGAMENTOS, CONTAS NACIONAIS E MOEDA",1301,IMAGEM 231,verso,FÓRMULA,sim,transcrever como texto no 📖," The image displays a slide titled ""O Multiplicador Bancário,"" presenting equations related to the banking multiplier, including PMPP + ETbc = B and PMPP + DV = M1. ",,
caderno2 (md),Lista de Exercícios - 11/04/2022,1319,IMAGEM 232,frente,TABELA,sim,tabela HTML aninhada," The table shows a financial summary with exports at 100, imports at 80, and external loans at 20, indicating a net export surplus of 20. Donations of 5 and paid freight of 20 are also recorded, alongside 10 in amortized",,
caderno2 (md),Lista de Exercícios - 04/04/2022,1353,IMAGEM 233,frente,GRÁFICO,sim,redesenhar (essencial)," This graph illustrates the equilibrium in goods and money markets, showing the intersection of the IS curve (slope downward) and the LM curve (slope upward) at point (y*, i*), representing the equilibrium interest rate ",,
caderno2 (md),Lista de Exercícios - 04/04/2022,1354,IMAGEM 233,frente,GRÁFICO,sim,redesenhar (essencial)," This graph illustrates the equilibrium in goods and money markets, showing the intersection of the IS curve (slope downward) and the LM curve (slope upward) at point (y*, i*), representing the equilibrium interest rate ",,
caderno2 (md),Lista de Exercícios - 04/04/2022,1355,IMAGEM 233,frente,GRÁFICO,sim,redesenhar (essencial)," This graph illustrates the equilibrium in goods and money markets, showing the intersection of the IS curve (slope downward) and the LM curve (slope upward) at point (y*, i*), representing the equilibrium interest rate ",,
caderno2 (md),Lista de Exercícios - 04/04/2022,1356,IMAGEM 234,verso,GRÁFICO,sim,redesenho didático se passar no teste do quadro-negro; senão cortar, The image displays a page of Portuguese economic text discussing Lucas’s model of monetary anticipation and its implications for the short-run aggregate supply curve. ,,
caderno2 (md),Lista de Exercícios - 04/04/2022,1359,IMAGEM 235,verso,GRÁFICO,sim,redesenho didático se passar no teste do quadro-negro; senão cortar," The image displays the Phillips Curve, illustrating the inverse relationship between unemployment and inflation, with higher unemployment (right) linked to lower inflation (bottom) and vice versa. ",,
caderno2 (md),Lista de Exercícios - 04/04/2022,1359,IMAGEM 236,verso,GRÁFICO,sim,redesenho didático se passar no teste do quadro-negro; senão cortar," This graph illustrates the accelerationist Phillips curve, showing that reducing unemployment below the natural rate (μₙ) leads to permanent inflation, as workers demand higher wages in anticipation of rising prices. ",,
caderno2 (md),Lista de Exercícios - 04/04/2022,1359,IMAGEM 237,verso,GRÁFICO,sim,redesenho didático se passar no teste do quadro-negro; senão cortar," The graph displays four curves representing cost functions for different tax rates, with π (profit) on the vertical axis and a variable on the horizontal axis. ",,
caderno2 (md),Lista de Exercícios - 04/04/2022,1359,IMAGEM 238,verso,GRÁFICO,sim,redesenho didático se passar no teste do quadro-negro; senão cortar," The image illustrates two economic graphs: the left shows short-run and long-run supply curves with a price level (P) and output (Y) axis, depicting a shift in the short-run Phillips curve (SCP) and demand (D) due to a ",,
caderno2 (md),Lista de Exercícios - 04/04/2022,1359,IMAGEM 239,verso,GRÁFICO,sim,redesenho didático se passar no teste do quadro-negro; senão cortar," The image compares the ""Curva aceleracionista (Friedman/Phelps)"" and ""Curva de Lucas (expectativas racionais)"" on four aspects: both allow for a short-term trade-off but not a long-term one, with the Lucas curve only pe",,
caderno2 (md),Lista de Exercícios - 04/04/2022,1359,IMAGEM 240,verso,TEXTO,sim,absorver no 📖 e cortar," The image presents a comparison between the Friedman-Phelps and Lucas models, noting that their differences are methodological, not substantive. ",,
caderno2 (md),Lista 1,1371,IMAGEM 241,frente,GRÁFICO,sim,redesenhar (essencial)," The graph displays two production possibility curves, y* and y**, with the x-axis representing inputs and the y-axis output; point A is above the curves at input level x1, while point E is on the higher curve y** at inp",,
caderno2 (md),Lista 1,1371,IMAGEM 242,verso,GRÁFICO,sim,redesenho didático se passar no teste do quadro-negro; senão cortar," The graph displays two production possibility curves, y** and y*, with points A, B, C, D, and E along them; point B on the higher curve y** and point C on the lower curve y* share the same x-coordinate x1, while point E",,
caderno2 (md),Lista 1,1372,IMAGEM 243,frente,TEXTO,sim,transcrever como texto," The image presents a multiple-choice economics question about a young person’s choice between crime and high school, with variables “w” (criminal earnings), “p” (probability of arrest), and “c” (cost of schooling). ",,
caderno2 (md),Lista 1,1372,IMAGEM 244,verso,DECORATIVA,sim,cortar," A cartoon man in a suit and tie holds a coffee cup and a briefcase while speaking, with a speech bubble that reads in Portuguese about the difficult choice of attending high school and potentially turning to criminal ac",,
caderno2 (md),Lista 1,1372,IMAGEM 245,verso,DECORATIVA,sim,cortar," A smiling cartoon man with glasses and a beard gestures toward a speech bubble that reads, “Você acertou quando deduziu que o custo de oportunidade de escolher o ensino médio é igual a 'w'.” ",,
caderno2 (md),Lista 1,1372,IMAGEM 246,verso,DECORATIVA,sim,cortar," A cartoon man in a suit and tie stands next to a text box explaining that if ""p"" is the probability of being arrested, then the probability of not being arrested is ""1 – p,"" or 100% minus p. ",,
caderno2 (md),Lista 1,1372,IMAGEM 247,verso,DECORATIVA,sim,cortar," A cartoon man with a beard and red sweater speaks about a youth's decision to choose high school, which allows them to keep the criminal income ""w"" if not caught (with probability 1-p), or receive (1-p) × w if arrested.",,
caderno2 (md),Lista 1,1373,IMAGEM 248,verso,DIAGRAMA,sim,redesenho didático se passar no teste do quadro-negro; senão cortar," The image displays a simple economic flowchart in Portuguese, illustrating how different inputs generate returns: labor yields salary, land generates rent, capital produces interest and profits, and entrepreneurial abil",,
caderno2 (md),Lista 1,1376,IMAGEM 249,frente,GRÁFICO,sim,redesenhar (essencial)," The graph illustrates the 1970 demand (D1) and supply (S1) curves for food, with D2 and S2 showing a leftward and rightward shift in demand and supply, respectively, to 2022. ",,
caderno2 (md),Lista 1,1376,IMAGEM 250,verso,GRÁFICO,sim,redesenho didático se passar no teste do quadro-negro; senão cortar," The graph illustrates a market equilibrium at price p3, where a blue supply curve S4 intersects a red demand curve D2 at quantity q2, indicated by a black dot, while a green thumbs-up icon suggests approval. ",,
caderno2 (md),Lista 1,1377,IMAGEM 251,frente,TEXTO,sim,transcrever como texto," The image presents a multiple-choice economics question about income elasticity of demand, showing a consumer with a monthly income of 100 u.m. who spends 70 u.m. on good X and 30 u.m. on good Y. After a 10 u.m. ",,
caderno2 (md),Lista 1,1377,IMAGEM 252,verso,TABELA,sim,absorver no 📖 (lista ou tabela ≥ 3 colunas)," The image displays a table titled ""Elasticidade-renda da demanda (Erd)"" that categorizes goods by their income elasticity of demand. ",,
caderno2 (md),Lista 1,1380,IMAGEM 253,verso,TEXTO,sim,absorver no 📖 e cortar," A person in a plaid shirt holds a cup of coffee with latte art in one hand and a small cupcake topped with a strawberry in the other, suggesting a pairing of complementary goods. ",,
caderno2 (md),Lista 1,1381,IMAGEM 254,frente,TEXTO,sim,transcrever como texto," The image displays a multiple-choice economics question from a 2023 UFSC exam, asking考生 to analyze statements about income and substitution effects for normal and inferior goods. ",,
caderno2 (md),Lista 1,1381,IMAGEM 255,verso,DECORATIVA,sim,cortar," The image features a cartoon character explaining an economic concept, noting that normal goods exhibit substitution and income effects in the same direction. ",,
caderno2 (md),Lista 1,1381,IMAGEM 256,verso,GRÁFICO,sim,redesenho didático se passar no teste do quadro-negro; senão cortar," This graph illustrates the substitution and income effects of a price change for two goods, ""Vestuário"" (clothing) and ""Alimento"" (food), with point A representing an initial equilibrium and point B a new one after a pr",,
caderno2 (md),Lista 1,1381,IMAGEM 257,verso,DECORATIVA,sim,cortar," The image illustrates a concept in economics, showing a cartoon man explaining that inferior goods have substitution and income effects moving in the same direction, unlike normal goods. ",,
caderno2 (md),Lista 1,1381,IMAGEM 258,verso,GRÁFICO,sim,redesenho didático se passar no teste do quadro-negro; senão cortar," This graph illustrates trade-offs between ""Vestuário"" (clothing) and ""Alimento"" (food), with points A, B, and D representing different consumption bundles along indifference curves. ",,
caderno2 (md),Lista 1,1381,IMAGEM 259,verso,DECORATIVA,sim,cortar," A cartoon man in a blue suit gestures excitedly while warning against a common economic mistake, as indicated by his speech bubble cautioning that the effect only applies to Giffen goods. ",,
caderno2 (md),Lista 1,1381,IMAGEM 260,verso,DECORATIVA,sim,cortar," The image shows a cartoon man upside down, wearing a blue suit and tie, with a speech bubble saying ""É o contrário!"" (It’s the opposite!) ",,
caderno2 (md),Lista 1,1381,IMAGEM 261,verso,DECORATIVA,sim,cortar," A cartoon man in a blue suit enthusiastically explains that the definition of an inferior good depends on the income effect, not the substitution effect, as the relationship between income and demand determines whether ",,
caderno2 (md),Lista 1,1382,IMAGEM 262,frente,TEXTO,sim,transcrever como texto," This image displays a multiple-choice economics question from a 2023 public exam, asking the test-taker to judge the correctness of three statements regarding price, income, and substitution effects. ",,
caderno2 (md),Lista 1,1382,IMAGEM 263,verso,DECORATIVA,sim,cortar," A cartoon man in a blue shirt and tie enthusiastically explains economic concepts, with a speech bubble declaring “Exato! E é justamente isso que o caracteriza como Bem de Giffen!” ",,
caderno2 (md),Lista 1,1382,IMAGEM 264,verso,DECORATIVA,sim,cortar, A cheerful cartoon man in a suit celebrates with a speech bubble saying “Exato! Vamos lembrar do resuminho?” as a green thumbs-up icon confirms his correct answer. ,,
caderno2 (md),Lista 1,1382,IMAGEM 265,verso,TEXTO,sim,absorver no 📖 e cortar," The image explains three types of goods based on their income elasticity: luxury goods see demand rise more than proportionally with income, essential goods have lower elasticity as demand increases only slightly, and i",,
caderno2 (md),Lista 1,1382,IMAGEM 266,verso,TEXTO,sim,absorver no 📖 e cortar," The image shows two hands shaking, symbolizing mutual reinforcement between the income effect (ES) and substitution effect (ER), as noted in the text above, which describes how these effects interact in normal goods to ",,
caderno2 (md),Lista 1,1382,IMAGEM 267,verso,GRÁFICO,sim,redesenho didático se passar no teste do quadro-negro; senão cortar," This graph illustrates a consumer's utility maximization between ""Vestuário"" (Clothing) and ""Alimento"" (Food), showing a budget constraint shifting from blue to dashed lines as income or preferences change. ",,
caderno2 (md),Lista 1,1383,IMAGEM 268,verso,GRÁFICO,sim,redesenho didático se passar no teste do quadro-negro; senão cortar," A cartoon man asks “What are Engel curves?” as a red thumbs-down icon appears below him, suggesting a negative or incorrect response. ",,
caderno2 (md),Lista 1,1383,IMAGEM 268,verso,GRÁFICO,sim,redesenho didático se passar no teste do quadro-negro; senão cortar," A cartoon man asks “What are Engel curves?” as a red thumbs-down icon appears below him, suggesting a negative or incorrect response. ",,
caderno2 (md),Lista 1,1384,IMAGEM 269,verso,DECORATIVA,sim,cortar," A cartoon businessman in a purple suit smiles while explaining the concept of substitution elasticity, which measures how easily a company can replace one input with another without affecting production levels. ",,
caderno2 (md),Lista 1,1384,IMAGEM 270,verso,DECORATIVA,sim,cortar, A cartoon businessman in a suit gestures toward a speech bubble that explains economic concepts about input substitutability. ,,
caderno2 (md),Lista 1,1384,IMAGEM 271,verso,GRÁFICO,sim,redesenho didático se passar no teste do quadro-negro; senão cortar," This graph illustrates a Leontief production function, where capital and labor must be used in fixed proportions, as shown by the horizontal isoquants Is₁ and Is₂ at capital levels K₁ and K₂, respectively. ",,
caderno2 (md),Lista 1,1385,IMAGEM 272,verso,DECORATIVA,sim,cortar," A cartoon man in a gray suit gestures enthusiastically while speaking, with a speech bubble above him stating that production “can occur” (though not necessarily) using just a single input. ",,
caderno2 (md),Lista 1,1385,IMAGEM 273,verso,DIAGRAMA,sim,redesenho didático se passar no teste do quadro-negro; senão cortar," This diagram illustrates isocost lines (IS₁, IS₂, IS₃) representing combinations of capital and labor that yield the same output when inputs are perfect substitutes, as indicated by the constant TMST. ",,
caderno2 (md),Lista 1,1386,IMAGEM 274,verso,GRÁFICO,sim,redesenho didático se passar no teste do quadro-negro; senão cortar," The graph illustrates the relationship between monthly worker output and labor input, showing that the blue “Produto marginal” (marginal product) curve peaks at 30 units with 3 workers, while the orange “Produto médio” ",,
caderno2 (md),Lista 1,1387,IMAGEM 275,verso,GRÁFICO,sim,redesenho didático se passar no teste do quadro-negro; senão cortar," The image displays a production isoquant labeled Q₃, showing the trade-off between capital (K) and labor (L), with point A representing a higher capital input and point B a lower one, connected by a curve labeled TMSTₖ,",,
caderno2 (md),Lista 1,1387,IMAGEM 276,verso,TEXTO,sim,absorver no 📖 e cortar," The image displays a text excerpt in Portuguese explaining that, in equilibrium, the Technical Marginal Substitution Rate (TMgT) equals the ratio of the marginal productivity of labor to that of capital, written as TMgT",,
caderno2 (md),Lista 1,1387,IMAGEM 277,verso,TEXTO,sim,absorver no 📖 e cortar," The image explains the ""Taxa Marginal de Substituição Técnica"" (TMST), defined as the maximum possible decrease in one input when an additional unit of another input is used, keeping output constant. ",,
caderno2 (md),Lista 1,1388,IMAGEM 278,verso,TEXTO,sim,absorver no 📖 e cortar," The image features a close-up of an ostrich’s head and neck, staring directly at the viewer with a stern or confused expression, accompanied by a black text box that reads “NÃO CONFUNDA ECONOMIAS DE ESCALA COM RENDIMENT",,
caderno2 (md),Lista 1,1388,IMAGEM 279,verso,TEXTO,sim,absorver no 📖 e cortar," The image explains ""ECONOMIAS de Escala"" as being related to production costs, indicated by a downward arrow leading to the phrase that when production doubles, costs increase by less than double. ",,
caderno2 (md),Lista 1,1388,IMAGEM 280,verso,TEXTO,sim,absorver no 📖 e cortar," The image explains ""RENDIMENTOS crescentes de Escala,"" or increasing returns to scale, which are linked to the quantity produced. ",,
caderno2 (md),Lista 1,1389,IMAGEM 281,frente,GRÁFICO,sim,redesenhar (essencial)," This graph illustrates the ""deadweight loss of taxes,"" showing how a tax creates a wedge between the price paid by buyers and the price received by sellers, reducing the quantity traded. ",,
caderno2 (md),Lista 1,1389,IMAGEM 282,verso,GRÁFICO,sim,redesenho didático se passar no teste do quadro-negro; senão cortar," This graph illustrates tax revenue (""Receita Tributária"") as the yellow rectangle (T x Q) between the supply (S) and demand (D) curves, showing how a tax creates a wedge between the price paid by buyers and the price re",,
caderno2 (md),Lista 1,1389,IMAGEM 283,verso,DIAGRAMA,sim,redesenho didático se passar no teste do quadro-negro; senão cortar," This economic diagram illustrates the welfare effects of a tax, showing a downward-sloping demand curve and upward-sloping supply curve intersecting at a pre-tax equilibrium quantity, with a tax reducing quantity to a l",,
caderno2 (md),Lista 1,1389,IMAGEM 284,verso,GRÁFICO,sim,redesenho didático se passar no teste do quadro-negro; senão cortar," This graph illustrates the ""deadweight loss of taxes,"" showing a supply curve (S) and a demand curve (D') intersecting, with a tax amount indicated by a dashed arrow. ",,
caderno2 (md),Lista 1,1389,IMAGEM 285,verso,DIAGRAMA,sim,redesenho didático se passar no teste do quadro-negro; senão cortar," This economic diagram illustrates the ""deadweight loss of taxes,"" showing a blue demand curve (D') intersecting an orange supply curve (S) with a vertical dashed line indicating the ""amount of tax."" ",,
caderno2 (md),Lista 1,1391,IMAGEM 286,verso,GRÁFICO,sim,redesenho didático se passar no teste do quadro-negro; senão cortar," The image explains that the average total cost curve has a U-shape, formed by the sum of average fixed cost and average variable cost. ",,
caderno2 (md),Lista 1,1391,IMAGEM 287,verso,TEXTO,sim,absorver no 📖 e cortar, The image displays four numbered statements in Portuguese explaining the relationship between marginal cost and average total cost in economics. ,,
caderno2 (md),Lista 1,1391,IMAGEM 288,verso,GRÁFICO,sim,redesenho didático se passar no teste do quadro-negro; senão cortar," The graph illustrates short-run average cost curves (CTMeCP1 to CTMeCP5) enveloped by a long-run average cost curve (CMe_LP), showing how the long-run minimum cost for different output levels is determined by the lowest",,
caderno2 (md),Lista 1,1394,IMAGEM 289,verso,GRÁFICO,sim,redesenho didático se passar no teste do quadro-negro; senão cortar," This supply-demand graph illustrates consumer surplus, with Consumer A (valuing the good at 10) and Consumer B (valuing it at 7) gaining a combined total surplus of 7, while Consumer C (valuing it at 5) receives no bene",,
caderno2 (md),Lista 1,1395,IMAGEM 290,verso,GRÁFICO,sim,redesenho didático se passar no teste do quadro-negro; senão cortar," A cartoon economist with glasses and a red tie explains economic concepts, pointing to a speech bubble that states short-run supply curves typically rise due to increasing marginal costs. ",,
caderno2 (md),Lista 1,1395,IMAGEM 291,verso,TEXTO,sim,absorver no 📖 e cortar," An animated elderly woman with gray hair and round glasses smiles while speaking in a classroom setting, explaining economic concepts as shown in the speech bubble. ",,
caderno2 (md),Lista 1,1395,IMAGEM 292,verso,GRÁFICO,sim,redesenho didático se passar no teste do quadro-negro; senão cortar," A smiling cartoon woman with glasses stands in front of a green chalkboard, explaining that a company with constant returns to scale will have an upward-sloping short-run supply curve, not horizontal. ",,
caderno2 (md),Lista 1,1398,IMAGEM 293,frente,GRÁFICO,sim,redesenhar (essencial)," This image displays a multiple-choice question from a 2001 ESAF exam for a Finance and Control analyst, asking about the short-run supply curve for a good X. ",,
caderno2 (md),Lista 1,1398,IMAGEM 294,verso,DECORATIVA,sim,cortar," A cartoon man in a purple shirt looks confused and distressed, holding his head, as a red “thumbs down” icon beside him indicates a correction to a misconception. ",,
caderno2 (md),Lista 1,1398,IMAGEM 295,verso,DECORATIVA,sim,cortar," A cartoon man in a red shirt covers his face in dismay as a red thumbs-down icon appears beside him, indicating a mistake. ",,
caderno2 (md),Lista 1,1398,IMAGEM 296,verso,GRÁFICO,sim,redesenho didático se passar no teste do quadro-negro; senão cortar," A cartoon man with blonde hair kneels in surprise, exclaiming “Não, meu chapa!” as a red thumbs-down icon appears beside him, correcting a misconception about cost curves. ",,
caderno2 (md),Lista 1,1398,IMAGEM 297,verso,GRÁFICO,sim,redesenho didático se passar no teste do quadro-negro; senão cortar," A cartoon student with red hair and glasses sits at a desk, scratching his head in confusion as he questions a professor, wondering if a graph segment above the CTMe curve is incorrectly labeled as not being part of the",,
caderno2 (md),Lista 1,1398,IMAGEM 298,verso,GRÁFICO,sim,redesenho didático se passar no teste do quadro-negro; senão cortar," This graph illustrates a firm's short-run supply curve, where the blue dashed line labeled CMg (marginal cost) intersects the market price line P = Rme = RMg at point A, indicating the profit-maximizing output level. ",,
caderno2 (md),Lista 1,1398,IMAGEM 299,verso,DECORATIVA,sim,cortar," A cartoon man with blonde hair, wearing a purple shirt and black shorts, is kneeling and appears shocked or frustrated as he shouts, “Não, meu chapa!” in a speech bubble. ",,
caderno2 (md),Lista 1,1398,IMAGEM 300,verso,DECORATIVA,sim,cortar," A cartoon man with wide eyes and a skeptical expression is shown next to a red ""thumbs down"" icon, indicating a correction to a concept. ",,
caderno2 (md),Lista 1,1398,IMAGEM 301,verso,DECORATIVA,sim,cortar," A cartoon man with wide eyes and a skeptical expression is shown next to a red ""thumbs down"" icon, indicating a correction, as he receives a speech bubble from a mentor correcting his understanding. ",,
caderno2 (md),Lista 1,1398,IMAGEM 302,verso,DECORATIVA,sim,cortar," A cartoon man in a purple shirt, looking surprised or relieved, is accompanied by a green thumbs-up icon, indicating correct reasoning. ",,
caderno2 (md),Lista 1,1399,IMAGEM 303,verso,DECORATIVA,sim,cortar," A cartoon businessman in a white shirt and red tie stands with his fists raised in a celebratory pose, accompanied by a speech bubble explaining that in a perfectly competitive market, an individual firm is a price take",,
caderno2 (md),Lista 1,1399,IMAGEM 304,verso,TEXTO,sim,absorver no 📖 e cortar, The image displays a speech bubble with Portuguese text explaining that a good’s price is fixed and unaffected by how much an individual company chooses to produce. ,,
caderno2 (md),Lista 1,1399,IMAGEM 305,verso,DECORATIVA,sim,cortar," A cartoon businessman in a suit and glasses explains that a company’s total revenue (RT) equals price (P) multiplied by quantity (Q), and since price is constant in perfect competition, revenue increases linearly with p",,
caderno2 (md),Lista 1,1400,IMAGEM 306,verso,GRÁFICO,sim,redesenho didático se passar no teste do quadro-negro; senão cortar," At the point labeled 'A' where the price equals 35 Reais, firms break even with zero profit, as indicated by the intersection of the marginal cost (CMg) and average total cost (CTMe) curves. ",,
caderno2 (md),Lista 1,1400,IMAGEM 307,verso,TEXTO,sim,absorver no 📖 e cortar," The image displays a blue-bordered text box with a statement in Portuguese, correcting a common economic misconception that firms maximize profits when price equals average production cost. ",,
caderno2 (md),Lista 1,1401,IMAGEM 308,verso,GRÁFICO,sim,redesenho didático se passar no teste do quadro-negro; senão cortar," This graph illustrates the ""deadweight loss of taxes,"" showing how a tax (represented by the orange supply curve S and blue demand curve D) shifts the equilibrium, with buyers paying a higher price and sellers receiving",,
caderno2 (md),Lista 1,1401,IMAGEM 309,verso,DECORATIVA,sim,cortar," A cartoon woman with brown hair and an orange sweater stands next to a speech bubble that reads in Portuguese, “Dear one, you have just discovered an exception to the general rule. ",,
caderno2 (md),Lista 1,1402,IMAGEM 310,frente,GRÁFICO,sim,redesenhar (essencial)," The image outlines key principles of a monopoly, explaining that a monopolist sets a price higher than marginal cost and operates on the elastic portion of the demand curve, leading to a constant markup. ",,
caderno2 (md),Lista 1,1402,IMAGEM 310,verso,GRÁFICO,sim,redesenho didático se passar no teste do quadro-negro; senão cortar," The image outlines key principles of a monopoly, explaining that a monopolist sets a price higher than marginal cost and operates on the elastic portion of the demand curve, leading to a constant markup. ",,
caderno2 (md),Lista 1,1403,IMAGEM 311,frente,TEXTO,sim,transcrever como texto," The image presents three statements (I, II, III) analyzing monopoly behavior, with statement I noting the monopolist’s mark-up can be less than one, II stating the monopolist operates in the inelastic portion of demand,",,
caderno2 (md),Lista 1,1403,IMAGEM 312,frente,TEXTO,sim,transcrever como texto," The image displays a multiple-choice question in Portuguese asking which statements are correct, with options labeled (A) through (E) listing combinations of I, II, and III. ",,
caderno2 (md),Lista 1,1403,IMAGEM 313,verso,FÓRMULA,sim,transcrever como texto no 📖," The image explains the concept of mark-up in economics, showing that it measures how much a price exceeds the marginal cost, with formulas Mark up = 1 / (1 - \|EPD\|) and Mark up = P / CMg. ",,
caderno2 (md),Lista 1,1403,IMAGEM 310,verso,GRÁFICO,sim,redesenho didático se passar no teste do quadro-negro; senão cortar," The image outlines key principles of a monopoly, explaining that a monopolist sets a price higher than marginal cost and operates on the elastic portion of the demand curve, leading to a constant markup. ",,
caderno2 (md),Lista 1,1403,IMAGEM 314,verso,FÓRMULA,sim,transcrever como texto no 📖," The image displays a physics equation relating forces and pressures, showing that the product of the mass and gravitational acceleration (Rmg or Cmg) equals a force P multiplied by a factor of one minus one over Epd. ",,
caderno2 (md),Lista 1,1403,IMAGEM 315,verso,TEXTO,sim,absorver no 📖 e cortar," This image explains that a monopolist’s markup, calculated as (P – CMg)/P, can be less than one, and is equal to the negative inverse of demand elasticity (Ed). ",,
caderno2 (md),Lista 1,1403,IMAGEM 316,verso,FÓRMULA,sim,transcrever como texto no 📖," The image displays a formula for a monopolist’s mark-up, (P – CMg)/P = –1/Ed, explaining that it can be less than one when demand is elastic. ",,
caderno2 (md),Lista 1,1403,IMAGEM 317,verso,GRÁFICO,sim,redesenho didático se passar no teste do quadro-negro; senão cortar," This image uses a brown horse with a red “thumbs down” icon to illustrate a common economic mistake, warning that a monopolist should not operate in the elastic part of the demand curve. ",,
caderno2 (md),Lista 1,1403,IMAGEM 318,verso,DECORATIVA,sim,cortar," A cartoon businessman in a suit, labeled as a monopolist, joyfully throws money into the air while holding a megaphone, with a speech bubble proclaiming “Essa é a graça de ser monopolista!” (This is the fun of being a m",,
caderno2 (md),Lista 1,1403,IMAGEM 319,verso,GRÁFICO,sim,redesenho didático se passar no teste do quadro-negro; senão cortar," This infographic explains the concept of a monopoly, detailing its definition as a market with a single seller who has market power and barriers to entry, and its equilibrium point where marginal revenue equals marginal",,
caderno2 (md),Lista 1,1404,IMAGEM 320,verso,TEXTO,sim,absorver no 📖 e cortar," The image illustrates that a monopolist’s markup, shown as (P - CMg)/P, decreases as demand elasticity (Ed) increases, with a perfectly elastic demand leading to a price equal to perfect competition. ",,
caderno2 (md),Lista 1,1404,IMAGEM 321,verso,TEXTO,sim,absorver no 📖 e cortar," The image explains that when demand is perfectly elastic (ε = ∞), the markup becomes zero because 1/ε equals zero, forcing a monopolist’s price to equal marginal cost, a condition of perfect competition. ",,
caderno2 (md),Lista 1,1405,IMAGEM 322,verso,DECORATIVA,sim,cortar," The image features a glowing fist striking a red thumbs-down icon, visually reinforcing the text that states ""No monopólio, a RECEITA MARGINAL é sempre MENOR QUE O PREÇO"" (In a monopoly, marginal revenue is always less ",,
caderno2 (md),Lista 1,1406,IMAGEM 323,verso,TEXTO,sim,absorver no 📖 e cortar," The image explains ""Monopólio Natural"" as a market condition where one company can supply a good or service at a lower cost than multiple competitors. ",,
caderno2 (md),Lista 1,1406,IMAGEM 324,verso,GRÁFICO,sim,redesenho didático se passar no teste do quadro-negro; senão cortar," The image illustrates a ""Monopólio Natural"" with a downward-sloping curve labeled CTMe (Average Total Cost) against quantity, indicating that costs per unit decrease as production increases. ",,
caderno2 (md),Lista 1,1406,IMAGEM 325,verso,TEXTO,sim,absorver no 📖 e cortar," The image displays a text overlay in Portuguese on a rustic, wooden background, stating that what remains is the permission for monopolists to maintain high profits without price fixing based on marginal cost. ",,
caderno2 (md),Lista 1,1407,IMAGEM 326,verso,DECORATIVA,sim,cortar," Two illustrated gray pebbles, resembling cartoon characters with black-rimmed glasses and stick legs, hold hands in a friendly gesture against a light background. ",,
caderno2 (md),Lista 1,1411,IMAGEM 327,frente,TEXTO,sim,transcrever como texto," This image displays a multiple-choice question from a CESGRANRIO 2024 exam for a ""Técnico de Planejamento e Pesquisa"" position, asking which factors favor the oligopolistic coordination that enables cartel formation. ",,
caderno2 (md),Lista 1,1411,IMAGEM 328,verso,DIAGRAMA,sim,redesenho didático se passar no teste do quadro-negro; senão cortar," This diagram outlines the key characteristics of an oligopoly, centered on the red box labeled ""Oligopólio,"" which branches into six defining features. ",,
caderno2 (md),Lista 1,1411,IMAGEM 329,verso,TEXTO,sim,absorver no 📖 e cortar," The image defines a ""Cartel"" as a cooperative agreement among oligopolistic companies aiming to act like a monopoly by reducing production and raising prices to maximize joint profits. ",,
caderno2 (md),Lista 1,1411,IMAGEM 330,verso,GRÁFICO,sim,redesenho didático se passar no teste do quadro-negro; senão cortar," This infographic compares three economic conglomerates: a holding (A controls B, C, D via ownership), a trust (A buys and dominates B, C, D), and a cartel (A and B agree with D and C to eliminate competition). ",,
caderno2 (md),Lista 1,1411,IMAGEM 331,verso,MAPA,sim,cortar (absorver no 📖)," This mind map outlines the forms of monopoly and oligopoly, showing that a monopoly involves a single controlling company like Correios, while an oligopoly features a few major players such as Vivo and TIM. ",,
caderno2 (md),Lista 1,1411,IMAGEM 332,verso,TEXTO,sim,absorver no 📖 e cortar," Two illustrated businessmen, one in a white jacket and the other in a black suit with an orange tie, stand arm-in-arm, symbolizing a cartel agreement, as they exchange dialogue about maintaining a business pact. ",,
caderno2 (md),Lista 1,1411,IMAGEM 333,verso,TEXTO,sim,absorver no 📖 e cortar," The illustration depicts a cityscape with several buildings, including an “OFFICE” and a “COMPANY CO.” building, suggesting a business district where coordination is difficult. ",,
caderno2 (md),Lista 1,1411,IMAGEM 334,verso,DECORATIVA,sim,cortar," A cartoon hand in a suit sleeve holds a brown pouch overflowing with green dollar bills, symbolizing immediate profits, while a red thumbs-down icon warns against this behavior. ",,
caderno2 (md),07 — ☑️ Intensivo - Rodrigo Teixeira - TPS 2023.3,1424,IMAGEM 335,verso,TEXTO,sim,absorver no 📖 e cortar," The image displays four consumer preference axioms in Portuguese, titled ""Preferências do consumidor,"" outlining foundational principles of choice theory. ",,
caderno2 (md),07 — ☑️ Intensivo - Rodrigo Teixeira - TPS 2023.3,1425,IMAGEM 336,verso,TEXTO,sim,absorver no 📖 e cortar," The image explains a short-term business decision to suspend operations when revenue falls below variable production costs, specifically if RT is less than CV or P is less than CVM. ",,
caderno2 (md),07 — ☑️ Intensivo - Rodrigo Teixeira - TPS 2023.3,1428,IMAGEM 337,verso,TEXTO,sim,absorver no 📖 e cortar," The image explains “Comércio Intrasetorial,” or intra-industry trade, which involves countries exporting and importing the same products like automobiles or wine. ",,
caderno2 (md),07 — ☑️ Intensivo - Rodrigo Teixeira - TPS 2023.3,1429,IMAGEM 338,verso,GRÁFICO,sim,redesenho didático se passar no teste do quadro-negro; senão cortar, The graph illustrates a trade scenario where Thailand imports watches from Switzerland at a low global price (P₁) instead of producing them at a higher domestic cost (C₀). ,,
caderno2 (md),07 — ☑️ Intensivo - Rodrigo Teixeira - TPS 2023.3,1430,IMAGEM 339,verso,TEXTO,sim,absorver no 📖 e cortar," The image outlines the ""Theory of Product Life Cycle"" in Portuguese, detailing three phases: introduction, massification, and standardization. ",,
caderno2 (md),07 — ☑️ Intensivo - Rodrigo Teixeira - TPS 2023.3,1438,IMAGEM 340,verso,GRÁFICO,sim,redesenho didático se passar no teste do quadro-negro; senão cortar," This bar chart shows the public sector's liquid debt as a percentage of GDP in Brazil from 1995 to 2012, with data sourced from the Central Bank. ",,
caderno2 (md),07 — ☑️ Intensivo - Rodrigo Teixeira - TPS 2023.3,1439,IMAGEM 341,verso,GRÁFICO,sim,redesenho didático se passar no teste do quadro-negro; senão cortar," This graph illustrates the effect of a public deficit, showing that an increase in the money supply (from Oferta 1 to Oferta 2) raises the interest rate from 5% to 6%. ",,
caderno2 (md),07 — ☑️ Intensivo - Rodrigo Teixeira - TPS 2023.3,1443,IMAGEM 342,verso,GRÁFICO,sim,redesenho didático se passar no teste do quadro-negro; senão cortar," The image illustrates two special cases of the IS-LM model: on the left, a horizontal LM curve indicates maximum fiscal policy effectiveness with no crowding out, while on the right, a vertical LM curve shows monetary p",,
caderno2 (md),07 — ☑️ Intensivo - Rodrigo Teixeira - TPS 2023.3,1444,IMAGEM 342,verso,GRÁFICO,sim,redesenho didático se passar no teste do quadro-negro; senão cortar," The image illustrates two special cases of the IS-LM model: on the left, a horizontal LM curve indicates maximum fiscal policy effectiveness with no crowding out, while on the right, a vertical LM curve shows monetary p",,
caderno2 (md),07 — ☑️ Intensivo - Rodrigo Teixeira - TPS 2023.3,1445,IMAGEM 343,verso,GRÁFICO,sim,redesenho didático se passar no teste do quadro-negro; senão cortar," The image illustrates how expansionary fiscal policy under a floating exchange rate and perfect capital mobility leads to a trade-off, as shown by the IS curve shifting right then returning to its original position afte",,
caderno2 (md),07 — ☑️ Intensivo - Rodrigo Teixeira - TPS 2023.3,1446,IMAGEM 343,verso,GRÁFICO,sim,redesenho didático se passar no teste do quadro-negro; senão cortar," The image illustrates how expansionary fiscal policy under a floating exchange rate and perfect capital mobility leads to a trade-off, as shown by the IS curve shifting right then returning to its original position afte",,
caderno2 (md),07 — ☑️ Intensivo - Rodrigo Teixeira - TPS 2023.3,1446,IMAGEM 344,verso,GRÁFICO,sim,redesenho didático se passar no teste do quadro-negro; senão cortar," This graph illustrates the effects of expansionary fiscal policy in an open economy with flexible exchange rates and no capital mobility, showing how it shifts the IS curve to IS₂, leading to a new equilibrium at point ",,
caderno2 (md),07 — ☑️ Intensivo - Rodrigo Teixeira - TPS 2023.3,1446,IMAGEM 344,verso,GRÁFICO,sim,redesenho didático se passar no teste do quadro-negro; senão cortar," This graph illustrates the effects of expansionary fiscal policy in an open economy with flexible exchange rates and no capital mobility, showing how it shifts the IS curve to IS₂, leading to a new equilibrium at point ",,
caderno2 (md),07 — ☑️ Intensivo - Rodrigo Teixeira - TPS 2023.3,1447,IMAGEM 345,verso,GRÁFICO,sim,redesenho didático se passar no teste do quadro-negro; senão cortar," The image explains the effects of a shift in aggregate supply, noting that negative shocks can lead to stagflation—a combination of recession and inflation. ",,
caderno2 (md),07 — ☑️ Intensivo - Rodrigo Teixeira - TPS 2023.3,1448,IMAGEM 346,verso,GRÁFICO,sim,redesenho didático se passar no teste do quadro-negro; senão cortar," The image explains the effects of aggregate demand shifts, noting that in the short term, they cause fluctuations in both economic output and prices, while in the long term, they only affect prices, not production. ",,
caderno2 (md),07 — ☑️ Intensivo - Rodrigo Teixeira - TPS 2023.3,1451,IMAGEM 347,verso,GRÁFICO,sim,redesenho didático se passar no teste do quadro-negro; senão cortar," This bar chart shows the public sector's liquid debt as a percentage of GDP from 1995 to 2012, sourced from the Brazilian Central Bank. ",,
caderno2 (md),07 — ☑️ Intensivo - Rodrigo Teixeira - TPS 2023.3,1454,IMAGEM 348,verso,GRÁFICO,sim,redesenho didático se passar no teste do quadro-negro; senão cortar," This line graph shows the historical daily Selic interest rate in Brazil from 1994 to 2010, peaking at 85.74% in March 1995 before declining to a low of 10.66% by 2010. ",,
caderno2 (md),07 — ☑️ Intensivo - Rodrigo Teixeira - TPS 2023.3,1454,IMAGEM 349,verso,GRÁFICO,sim,redesenho didático se passar no teste do quadro-negro; senão cortar," This fiscal balance chart tracks primary surplus, nominal interest rates, and public deficit as percentages of GDP across political administrations, showing a green line for primary surplus and a blue line for nominal i",,
caderno2 (md),07 — ☑️ Intensivo - Rodrigo Teixeira - TPS 2023.3,1454,IMAGEM 350,verso,GRÁFICO,sim,redesenho didático se passar no teste do quadro-negro; senão cortar," This bar chart displays Brazil's annual GDP growth rates from 1990 to 2010, divided into three periods: Collor/Itamar (1990-1994), FHC (1995-2002), and Lula (2003-2010), with growth rates peaking at 5.33% in 1994 and re",,
caderno2 (md),07 — ☑️ Intensivo - Rodrigo Teixeira - TPS 2023.3,1460,IMAGEM 351,verso,GRÁFICO,sim,redesenho didático se passar no teste do quadro-negro; senão cortar," The image displays indifference curves for weekly consumption of clothing (Vestuário) and food (Alimento), with higher utility levels represented by higher curves: U₃ = 100, U₂ = 50, and U₁ = 25. ",,
caderno2 (md),07 — ☑️ Intensivo - Rodrigo Teixeira - TPS 2023.3,1461,IMAGEM 352,verso,GRÁFICO,sim,redesenho didático se passar no teste do quadro-negro; senão cortar," The image displays two economic graphs illustrating perfect substitutes and perfect complements: panel (a) shows downward-sloping lines representing the trade-off between apple juice and orange juice, while panel (b) de",,
caderno2 (md),07 — ☑️ Intensivo - Rodrigo Teixeira - TPS 2023.3,1462,IMAGEM 353,verso,GRÁFICO,sim,redesenho didático se passar no teste do quadro-negro; senão cortar," This graph illustrates how a budget line shifts when the price of one good changes while the other remains constant, showing three budget lines (L₃, L₁, L₂) for different prices of ""Alimento"" (food). ",,
caderno2 (md),07 — ☑️ Intensivo - Rodrigo Teixeira - TPS 2023.3,1462,IMAGEM 354,verso,TEXTO,sim,absorver no 📖 e cortar," This image displays a commentary in Portuguese explaining a mistake in a budget constraint analysis, noting that a line segment incorrectly claims to not alter inclination. ",,
caderno2 (md),07 — ☑️ Intensivo - Rodrigo Teixeira - TPS 2023.3,1463,IMAGEM 355,verso,TEXTO,sim,absorver no 📖 e cortar," The image highlights a common economic error, stating “Benefício marginal = preço” is incorrect, and explains that maximization occurs when the utility marginal per monetary unit is equal across goods: UMgₓ/Pₓ = UMgᵧ/Pᵧ",,
caderno2 (md),07 — ☑️ Intensivo - Rodrigo Teixeira - TPS 2023.3,1463,IMAGEM 356,verso,GRÁFICO,sim,redesenho didático se passar no teste do quadro-negro; senão cortar," This slide explains consumer choice theory, stating that at the optimal point, the budget line is tangent to an indifference curve, meaning the slope of the indifference curve (the ratio of marginal utilities) equals th",,
caderno2 (md),07 — ☑️ Intensivo - Rodrigo Teixeira - TPS 2023.3,1463,IMAGEM 357,verso,TEXTO,sim,absorver no 📖 e cortar," This image displays a correction for a wrong answer in an economics exam, explaining that equating marginal benefit to price is incorrect. ",,
caderno2 (md),07 — ☑️ Intensivo - Rodrigo Teixeira - TPS 2023.3,1463,IMAGEM 358,verso,FÓRMULA,sim,transcrever como texto no 📖," The image displays a mathematical equation on a black background, showing that the ratio of U M gₓ to Pₓ equals the ratio of U M gᵧ to Pᵧ. ",,
caderno2 (md),07 — ☑️ Intensivo - Rodrigo Teixeira - TPS 2023.3,1464,IMAGEM 359,verso,GRÁFICO,sim,redesenho didático se passar no teste do quadro-negro; senão cortar," The graph illustrates the firm's choice of inputs to minimize costs for producing a fixed quantity q₁, shown by the red isoquant curve, by selecting the lowest isocost line (C₁) that touches it at point A. ",,
caderno2 (md),07 — ☑️ Intensivo - Rodrigo Teixeira - TPS 2023.3,1465,IMAGEM 360,verso,TEXTO,sim,absorver no 📖 e cortar," The image displays a text excerpt labeled “6. Assertiva Errada (E)” that identifies an error in a production theory assertion, stating that “the production level minimizing losses is positive.” ",,
caderno2 (md),07 — ☑️ Intensivo - Rodrigo Teixeira - TPS 2023.3,1465,IMAGEM 361,verso,GRÁFICO,sim,redesenho didático se passar no teste do quadro-negro; senão cortar," This graph illustrates a firm's short-run cost structure, showing the marginal cost (CMg) curve intersecting the average variable cost (CVM) curve at the point where the firm's short-run supply curve begins. ",,
caderno2 (md),07 — ☑️ Intensivo - Rodrigo Teixeira - TPS 2023.3,1466,IMAGEM 362,verso,GRÁFICO,sim,redesenho didático se passar no teste do quadro-negro; senão cortar," The left graph shows a firm’s cost curves, where a price of P₃ triggers production at q₁ for a firm with higher marginal cost (CMg₂) and lower for another (CMg₁), while the right graph depicts a sector’s supply and dema",,
caderno2 (md),07 — ☑️ Intensivo - Rodrigo Teixeira - TPS 2023.3,1466,IMAGEM 363,verso,TEXTO,sim,absorver no 📖 e cortar," The image explains a ""decreasing cost sector,"" where increased production leads to lower input costs due to economies of scale, such as more efficient transport or cheaper administration. ",,
caderno2 (md),07 — ☑️ Intensivo - Rodrigo Teixeira - TPS 2023.3,1467,IMAGEM 364,verso,TEXTO,sim,absorver no 📖 e cortar," The image displays a textbook-style explanation in Portuguese regarding a cost-minimization error in economics, stating that when the Technical Marginal Substitution Rate (TMST) is less than the relative price of factor",,
caderno2 (md),07 — ☑️ Intensivo - Rodrigo Teixeira - TPS 2023.3,1467,IMAGEM 365,verso,GRÁFICO,sim,redesenho didático se passar no teste do quadro-negro; senão cortar," This slide explains cost minimization in economics, stating that at the minimum cost, an isocost curve tangentially touches an isoquant curve. ",,
caderno2 (md),07 — ☑️ Intensivo - Rodrigo Teixeira - TPS 2023.3,1467,IMAGEM 366,verso,TEXTO,sim,absorver no 📖 e cortar," The image explains economic concepts related to cost minimization in production, focusing on the technical marginal substitution rate (TMST) between labor and capital. ",,
caderno2 (md),07 — ☑️ Intensivo - Rodrigo Teixeira - TPS 2023.3,1476,IMAGEM 367,verso,GRÁFICO,sim,redesenho didático se passar no teste do quadro-negro; senão cortar," The graph illustrates the cost of reducing inflation using adaptive expectations, showing a contractionary monetary policy moving the economy from point A to B along the short-run Phillips curve, then to point C on the ",,
caderno2 (md),07 — ☑️ Intensivo - Rodrigo Teixeira - TPS 2023.3,1477,IMAGEM 368,verso,GRÁFICO,sim,redesenho didático se passar no teste do quadro-negro; senão cortar," This slide explains the cost of reducing inflation, noting that greater credibility of monetary authorities lowers the cost of deflation, and that with rational expectations, the Phillips curve is vertical in the short ",,
caderno2 (md),07 — ☑️ Intensivo - Rodrigo Teixeira - TPS 2023.3,1479,IMAGEM 369,verso,GRÁFICO,sim,redesenho didático se passar no teste do quadro-negro; senão cortar," The image displays two economic models: (a) a demand and supply aggregate model showing a price level of 102 at 7.5% unemployment (point A) and 106 at 4% unemployment (point B), and (b) a Phillips curve illustrating the",,
caderno2 (md),07 — ☑️ Intensivo - Rodrigo Teixeira - TPS 2023.3,1480,IMAGEM 370,verso,TEXTO,sim,absorver no 📖 e cortar," The image displays a text excerpt in Portuguese explaining a Keynesian economics error, noting that the total impact is smaller than the aid value. ",,
caderno2 (md),07 — ☑️ Intensivo - Rodrigo Teixeira - TPS 2023.3,1480,IMAGEM 371,verso,GRÁFICO,sim,redesenho didático se passar no teste do quadro-negro; senão cortar," The image illustrates the “multiplier effect” in economics, showing how a $20 billion government spending increase initially shifts the aggregate demand curve right by that amount, but the multiplier effect can further ",,
caderno2 (md),07 — ☑️ Intensivo - Rodrigo Teixeira - TPS 2023.3,1480,IMAGEM 372,verso,FÓRMULA,sim,transcrever como texto no 📖," This image explains the Keynesian multiplier equation, stating that its size depends on the marginal propensity to consume (c), which is the fraction of extra income families spend. ",,
caderno2 (md),07 — ☑️ Intensivo - Rodrigo Teixeira - TPS 2023.3,1480,IMAGEM 373,verso,TEXTO,sim,absorver no 📖 e cortar, The image displays a commentary in Portuguese explaining why a statement claiming that the impact of an emergency aid is “less than the aid’s value” is incorrect. ,,
caderno2 (md),07 — ☑️ Intensivo - Rodrigo Teixeira - TPS 2023.3,1481,IMAGEM 374,verso,TEXTO,sim,absorver no 📖 e cortar," This slide explains the Keynesian multiplier in an open economy, noting it’s smaller than in a closed economy because increased income leaks abroad through imports. ",,
caderno2 (md),07 — ☑️ Intensivo - Rodrigo Teixeira - TPS 2023.3,1482,IMAGEM 375,verso,GRÁFICO,sim,redesenho didático se passar no teste do quadro-negro; senão cortar," The image illustrates the ""shifting effect"" of increased government spending: initially, higher spending boosts money demand (part a), raising the equilibrium interest rate from r₁ to r₂, while (part b) shows this leads",,
caderno2 (md),07 — ☑️ Intensivo - Rodrigo Teixeira - TPS 2023.3,1483,IMAGEM 376,verso,GRÁFICO,sim,redesenho didático se passar no teste do quadro-negro; senão cortar," This image presents a critique of the Keynesian multiplier, known as the Ricardian or Barro-Ricardian equivalence, explaining that government spending can be financed by current taxes or public debt. ",,
caderno2 (md),07 — ☑️ Intensivo - Rodrigo Teixeira - TPS 2023.3,1483,IMAGEM 377,verso,GRÁFICO,sim,redesenho didático se passar no teste do quadro-negro; senão cortar," The image presents a slide titled ""Equivalência Ricardiana ou Barro-Ricardiana,"" explaining that replacing taxes with public debt has no effect on aggregate demand or interest rates, as private savings increase by the s",,
caderno2 (md),07 — ☑️ Intensivo - Rodrigo Teixeira - TPS 2023.3,1484,IMAGEM 378,verso,TEXTO,sim,absorver no 📖 e cortar, **Determinação da taxa de câmbio no curto prazo** Se: \(i > i^* + \hat{E}^{e} + PR\) → entrada de capitais → apreciação cambial \(i < i^* + \hat{E}^{e} + PR\) → saída de capitais → depreciação cambial ,,
caderno2 (md),07 — ☑️ Intensivo - Rodrigo Teixeira - TPS 2023.3,1485,IMAGEM 379,verso,GRÁFICO,sim,redesenho didático se passar no teste do quadro-negro; senão cortar," **Política monetária, nível de atividade e taxa de juros** Subtítulo: **Efeitos de uma expansão monetária**. Texto à esquerda: “Uma expansão monetária leva a um produto maior e a uma taxa de juros menor.”; “Ao contrário",,
caderno2 (md),07 — ☑️ Intensivo - Rodrigo Teixeira - TPS 2023.3,1487,IMAGEM 380,verso,GRÁFICO,sim,redesenho didático se passar no teste do quadro-negro; senão cortar, Gráfico IS–LM–BP de **Política monetária expansionista / Câmbio fixo / Sem mobilidade de capital → Política monetária ineficaz**. Eixo horizontal: \(Y\) (produto); eixo vertical: \(i\) (taxa de juros). Curva **IS** decr,,
caderno2 (md),08 — ☑️ Intensivo - Rodrigo Teixeira - TPS 2023.2,1501,IMAGEM 381,verso,TEXTO,sim,absorver no 📖 e cortar," Gabarito: Errado. Comentário: A condição de equilíbrio da firma em competição perfeita é, de fato, Preço = Custo Marginal (P = CMg). Esta condição maximiza o lucro da firma. No entanto, o lucro zero (ou lucro normal) é ",,
caderno2 (md),08 — ☑️ Intensivo - Rodrigo Teixeira - TPS 2023.2,1501,IMAGEM 382,verso,GRÁFICO,sim,redesenho didático se passar no teste do quadro-negro; senão cortar," Conjunto de seis gráficos “6d Condição Inicial”, organizados em três linhas: empresa à esquerda e mercado à direita. Na empresa, eixo vertical Preço e horizontal Quantidade, com curvas CMg e CTM; no mercado, oferta de c",,
caderno2 (md),08 — ☑️ Intensivo - Rodrigo Teixeira - TPS 2023.2,1501,IMAGEM 383,verso,GRÁFICO,sim,redesenho didático se passar no teste do quadro-negro; senão cortar," Título: Comparando curto e longo prazo. Dois painéis com eixo vertical US$/Q e horizontal Quantidade. Em ambos há demanda D decrescente, receita marginal RMg decrescente mais íngreme e curvas CMg/CMe. Painel (a) represe",,
caderno2 (md),08 — ☑️ Intensivo - Rodrigo Teixeira - TPS 2023.2,1501,IMAGEM 384,verso,TEXTO,sim,absorver no 📖 e cortar," Ineficiência na competição monopolística: capacidade ociosa e markup. • Capacidade ociosa: na competição monopolística, as empresas produzem abaixo do nível da escala eficiente. • Markup: na competição monopolística, o ",,
caderno2 (md),08 — ☑️ Intensivo - Rodrigo Teixeira - TPS 2023.2,1504,IMAGEM 383,verso,GRÁFICO,sim,redesenho didático se passar no teste do quadro-negro; senão cortar," Título: Comparando curto e longo prazo. Dois painéis com eixo vertical US$/Q e horizontal Quantidade. Em ambos há demanda D decrescente, receita marginal RMg decrescente mais íngreme e curvas CMg/CMe. Painel (a) represe",,
caderno2 (md),08 — ☑️ Intensivo - Rodrigo Teixeira - TPS 2023.2,1504,IMAGEM 384,verso,TEXTO,sim,absorver no 📖 e cortar," Ineficiência na competição monopolística: capacidade ociosa e markup. • Capacidade ociosa: na competição monopolística, as empresas produzem abaixo do nível da escala eficiente. • Markup: na competição monopolística, o ",,
caderno2 (md),08 — ☑️ Intensivo - Rodrigo Teixeira - TPS 2023.2,1506,IMAGEM 385,verso,FÓRMULA,sim,transcrever como texto no 📖," Teorema da equalização dos preços de fatores. No país B, relativamente abundante em trabalho, o preço do fator trabalho (w) relativamente ao preço do fator capital (r) é mais baixo que no país W: \(\frac{w_b}{r_b} < \fr",,
caderno2 (md),08 — ☑️ Intensivo - Rodrigo Teixeira - TPS 2023.2,1506,IMAGEM 386,verso,TEXTO,sim,absorver no 📖 e cortar," Teorema da equalização dos preços de fatores. À medida que ocorre a especialização e o comércio, o país B aumenta a produção do bem intensivo em trabalho e reduz a produção do bem intensivo em capital. Assim, a demanda ",,
caderno2 (md),08 — ☑️ Intensivo - Rodrigo Teixeira - TPS 2023.2,1506,IMAGEM 387,verso,TEXTO,sim,absorver no 📖 e cortar," Teorema da equalização dos preços de fatores. Assim, o comércio leva à equalização dos preços relativos dos fatores em ambos os países: \(\frac{w_b}{r_b} = \frac{w_w}{r_w}\). Não é necessário haver mobilidade de mão de ",,
caderno2 (md),08 — ☑️ Intensivo - Rodrigo Teixeira - TPS 2023.2,1507,IMAGEM 388,verso,TABELA,sim,absorver no 📖 (lista ou tabela ≥ 3 colunas)," Paradoxo de Leontief: estudo empírico de Leontief que pretendia confirmar o teorema de H-O, mas resultou em um paradoxo, de que as exportações dos EUA eram menos intensivas em K do que as suas importações. Exportações e",,
caderno2 (md),08 — ☑️ Intensivo - Rodrigo Teixeira - TPS 2023.2,1508,IMAGEM 389,verso,TEXTO,sim,absorver no 📖 e cortar," Teorema de Rybczynski. Se o preço de um produto for fixo, um aumento na dotação de um dos fatores acarreta um crescimento mais que proporcional na produção do bem que usa este fator mais intensivamente, e uma queda abso",,
caderno2 (md),08 — ☑️ Intensivo - Rodrigo Teixeira - TPS 2023.2,1509,IMAGEM 390,verso,FÓRMULA,sim,transcrever como texto no 📖, Taxa de câmbio real. É a taxa à qual uma pessoa pode negociar os bens e serviços de um país pelos bens e serviços de outro país. Pode ser calculada como: \(e = (E \times P^*)/P\). Em que: e = taxa de câmbio real; P = ín,,
caderno2 (md),08 — ☑️ Intensivo - Rodrigo Teixeira - TPS 2023.2,1509,IMAGEM 391,verso,TEXTO,sim,absorver no 📖 e cortar, Determinação da taxa de câmbio no curto prazo. Se \(i > i^* + \hat e + PR\) → entrada de capitais → apreciação cambial. Se \(i < i^* + \hat e + PR\) → saída de capitais → depreciação cambial. ,,
caderno2 (md),08 — ☑️ Intensivo - Rodrigo Teixeira - TPS 2023.2,1512,IMAGEM 392,verso,TEXTO,sim,absorver no 📖 e cortar, Gabarito: Certo. Comentário: A Condição de Marshall-Lerner estabelece o critério sob o qual uma desvalorização (ou depreciação) da taxa de câmbio de um país resultará em uma melhoria no saldo de sua balança comercial (e,,
caderno2 (md),08 — ☑️ Intensivo - Rodrigo Teixeira - TPS 2023.2,1513,IMAGEM 393,verso,GRÁFICO,sim,redesenho didático se passar no teste do quadro-negro; senão cortar," Conjunto de três diagramas IS-LM-BP sob câmbio fixo. Superior esquerdo: equilíbrio inicial com BP horizontal e IS/LM; política fiscal expansionista desloca IS para a direita, levando juros acima de i* e gerando entrada ",,
caderno2 (md),08 — ☑️ Intensivo - Rodrigo Teixeira - TPS 2023.2,1514,IMAGEM 394,verso,GRÁFICO,sim,redesenho didático se passar no teste do quadro-negro; senão cortar," Política Fiscal com Câmbio Fixo (AMC) — Sem mobilidade de capital. Gráfico IS-LM-BP com eixo vertical i e horizontal Y; LM crescente, IS decrescente e BP crescente/mais inclinada. A política fiscal expansionista desloca",,
caderno2 (md),08 — ☑️ Intensivo - Rodrigo Teixeira - TPS 2023.2,1514,IMAGEM 394,verso,GRÁFICO,sim,redesenho didático se passar no teste do quadro-negro; senão cortar," Política Fiscal com Câmbio Fixo (AMC) — Sem mobilidade de capital. Gráfico IS-LM-BP com eixo vertical i e horizontal Y; LM crescente, IS decrescente e BP crescente/mais inclinada. A política fiscal expansionista desloca",,
caderno2 (md),08 — ☑️ Intensivo - Rodrigo Teixeira - TPS 2023.2,1515,IMAGEM 395,verso,GRÁFICO,sim,redesenho didático se passar no teste do quadro-negro; senão cortar, **Câmbio Flexível** Gráfico IS–LM–BP. Eixo vertical: \(i\); eixo horizontal: \(Y\). Curva **LM** crescente e fixa. Curva **IS** inicial decrescente em preto; curva **IS₁** decrescente em azul e deslocada para a direita.,,
caderno2 (md),08 — ☑️ Intensivo - Rodrigo Teixeira - TPS 2023.2,1515,IMAGEM 396,verso,GRÁFICO,sim,redesenho didático se passar no teste do quadro-negro; senão cortar," Política monetária expansionista — Câmbio fixo, sem mobilidade de capital. Gráfico IS-LM-BP: LM desloca-se para a direita com aumento da oferta monetária; o novo ponto inicial fica abaixo/à direita da BP, gerando défici",,
caderno2 (md),08 — ☑️ Intensivo - Rodrigo Teixeira - TPS 2023.2,1516,IMAGEM 397,verso,GRÁFICO,sim,redesenho didático se passar no teste do quadro-negro; senão cortar, Título: Aumento da Taxa de Juros Externa ou da Expectativa de Desvalorização Cambial ou do Risco — Câmbio Fixo. Modelo IS-LM-BP: aumento de i* ou do risco desloca BP para cima; surge fuga de capitais e pressão de desval,,
caderno2 (md),08 — ☑️ Intensivo - Rodrigo Teixeira - TPS 2023.2,1516,IMAGEM 395,verso,GRÁFICO,sim,redesenho didático se passar no teste do quadro-negro; senão cortar, **Câmbio Flexível** Gráfico IS–LM–BP. Eixo vertical: \(i\); eixo horizontal: \(Y\). Curva **LM** crescente e fixa. Curva **IS** inicial decrescente em preto; curva **IS₁** decrescente em azul e deslocada para a direita.,,
caderno2 (md),08 — ☑️ Intensivo - Rodrigo Teixeira - TPS 2023.2,1518,IMAGEM 398,verso,DIAGRAMA,sim,redesenho didático se passar no teste do quadro-negro; senão cortar," Organograma do Setor Público. Topo: Setor Público. Divide-se em Governo Geral e Atividades empresariais. Governo Geral divide-se em Governo Federal, Estados e Municípios. Atividades empresariais divide-se em Não finance",,
caderno2 (md),08 — ☑️ Intensivo - Rodrigo Teixeira - TPS 2023.2,1518,IMAGEM 399,verso,TEXTO,sim,absorver no 📖 e cortar," A denominação “Governo Geral” tem abrangência mais restrita, incluindo apenas o Governo Federal (inclusive previdência social), os governos estaduais e os governos municipais, excluindo as empresas estatais e o Banco Ce",,
caderno2 (md),08 — ☑️ Intensivo - Rodrigo Teixeira - TPS 2023.2,1518,IMAGEM 400,verso,TEXTO,sim,absorver no 📖 e cortar," Já a denominação “Setor Público Consolidado” é mais abrangente, incluindo o Governo Geral, o Banco Central e as empresas estatais. Assim, a Dívida líquida do setor público consolidado (DLSP) é mais abrangente que a DBGG",,
caderno2 (md),08 — ☑️ Intensivo - Rodrigo Teixeira - TPS 2023.2,1518,IMAGEM 401,verso,GRÁFICO,sim,redesenho didático se passar no teste do quadro-negro; senão cortar," Título: Necessidade de financiamento do Setor Público (Ac.12m, em % do PIB). Série temporal 2001-2021 com três componentes: Juros (área bege), Primário (linha preta) e Nominal (linha verde). O resultado primário aparece",,
caderno2 (md),08 — ☑️ Intensivo - Rodrigo Teixeira - TPS 2023.2,1518,IMAGEM 402,verso,GRÁFICO,sim,redesenho didático se passar no teste do quadro-negro; senão cortar," Dois gráficos de barras empilhadas sobre endividamento público. Esquerda: “Dívida Bruta do Governo Geral – DBGG (% do PIB)”, anos 2001-2021, barras por dívida mobiliária em mercado, dívida externa e operações compromiss",,
caderno2 (md),08 — ☑️ Intensivo - Rodrigo Teixeira - TPS 2023.2,1520,IMAGEM 403,verso,TEXTO,sim,absorver no 📖 e cortar, Crítica ao multiplicador keynesiano: Equivalência Ricardiana ou Barro-Ricardiana. A argumentação em que se baseia a teoria é a seguinte: o governo pode financiar seus gastos por meio de impostos cobrados dos atuais cont,,
caderno2 (md),08 — ☑️ Intensivo - Rodrigo Teixeira - TPS 2023.2,1520,IMAGEM 404,verso,TEXTO,sim,absorver no 📖 e cortar," Equivalência Ricardiana ou Barro-Ricardiana. Neste caso, para um determinado valor da despesa pública, a substituição de impostos por dívida não teria qualquer efeito na demanda agregada nem na taxa de juros. Como a pou",,
caderno2 (md),08 — ☑️ Intensivo - Rodrigo Teixeira - TPS 2023.2,1521,IMAGEM 405,verso,GRÁFICO,sim,redesenho didático se passar no teste do quadro-negro; senão cortar," Título: Otimização com bens substitutos e complementares perfeitos. Painel (a) “Substitutos perfeitos”: eixos Suco de maçã (copos) e Suco de laranja (copos), linhas de orçamento azuis e curvas de indiferença retas paral",,
caderno2 (md),08 — ☑️ Intensivo - Rodrigo Teixeira - TPS 2023.2,1522,IMAGEM 406,verso,GRÁFICO,sim,redesenho didático se passar no teste do quadro-negro; senão cortar," Título: Curvas de Engel: relação entre a renda e a quantidade demandada de determinado bem. Dois painéis. À esquerda, Qx no eixo vertical e Renda no horizontal: curva crescente côncava, rotulada “Bens normais de necessi",,
caderno2 (md),08 — ☑️ Intensivo - Rodrigo Teixeira - TPS 2023.2,1522,IMAGEM 407,verso,GRÁFICO,sim,redesenho didático se passar no teste do quadro-negro; senão cortar," Título: Curvas de Engel: relação entre a renda e a quantidade demandada de determinado bem. Eixo vertical Qx e horizontal Renda. Curva/linha decrescente, rotulada “Bens inferiores”. ",,
caderno2 (md),08 — ☑️ Intensivo - Rodrigo Teixeira - TPS 2023.2,1523,IMAGEM 408,verso,TEXTO,sim,absorver no 📖 e cortar," Gabarito: Certo. Comentário: Para bens substitutos perfeitos, o consumidor escolhe o bem que lhe proporciona a maior utilidade por unidade monetária gasta. Comparamos \(UMg_1/P_1\) e \(UMg_2/P_2\). Temos \(UMg_1=1\) e \",,
caderno2 (md),08 — ☑️ Intensivo - Rodrigo Teixeira - TPS 2023.2,1531,IMAGEM 409,verso,TEXTO,sim,absorver no 📖 e cortar," A crise cambial de 1952. Câmbio fixo e sobrevalorizado, manutenção do regime de licenças para importação. Porém: regime de licenças foi frouxo (liberalização) nos primeiros 7 meses (perspectivas favoráveis de divisas); ",,
caderno2 (md),08 — ☑️ Intensivo - Rodrigo Teixeira - TPS 2023.2,1531,IMAGEM 410,verso,TABELA,sim,absorver no 📖 (lista ou tabela ≥ 3 colunas), Balança Comercial: 1949-1955 Ano \| Exportações \| Importações \| Saldo 1949 \| 1.100 \| 947 \| 153 1950 \| 1.359 \| 934 \| 425 1951 \| 1.771 \| 1.703 \| 68 1952 \| 1.416 \| 1.702 \| -286 1953 \| 1.540 \| 1.116 \| 424 1,,
caderno2 (md),08 — ☑️ Intensivo - Rodrigo Teixeira - TPS 2023.2,1532,IMAGEM 411,verso,TEXTO,sim,absorver no 📖 e cortar," Comissão Mista Brasil-Estados Unidos. • Ponto IV do discurso de posse de Truman (1949). • Criada em 1950, início dos trabalhos em julho/1951. • Financiamentos do Eximbank e do Banco Mundial. • Negociações de Lafer e Nev",,
caderno2 (md),08 — ☑️ Intensivo - Rodrigo Teixeira - TPS 2023.2,1538,IMAGEM 412,verso,GRÁFICO,sim,redesenho didático se passar no teste do quadro-negro; senão cortar, Título: Paralisação x Saída do mercado. Texto: paralisação é decisão de curto prazo de não produzir nada durante determinado intervalo de tempo devido às condições atuais do mercado; continua pagando os custos fixos; pa,,
caderno2 (md),08 — ☑️ Intensivo - Rodrigo Teixeira - TPS 2023.2,1539,IMAGEM 412,verso,GRÁFICO,sim,redesenho didático se passar no teste do quadro-negro; senão cortar, Título: Paralisação x Saída do mercado. Texto: paralisação é decisão de curto prazo de não produzir nada durante determinado intervalo de tempo devido às condições atuais do mercado; continua pagando os custos fixos; pa,,
caderno2 (md),08 — ☑️ Intensivo - Rodrigo Teixeira - TPS 2023.2,1540,IMAGEM 413,verso,TEXTO,sim,absorver no 📖 e cortar," Errada. O poder de monopólio é medido pelo markup sobre o custo marginal (não médio), via Índice de Lerner: \(L=(P-CMg)/P\). O erro está em usar “custo médio”. ",,
caderno2 (md),08 — ☑️ Intensivo - Rodrigo Teixeira - TPS 2023.2,1541,IMAGEM 414,verso,FÓRMULA,sim,transcrever como texto no 📖, \(L = \frac{P-CMg}{P}\) ,,
caderno2 (md),08 — ☑️ Intensivo - Rodrigo Teixeira - TPS 2023.2,1542,IMAGEM 415,verso,TEXTO,sim,absorver no 📖 e cortar," Teorema de Stolper-Samuelson. • Stolper e Samuelson (1941): artigo que trata da relação do preço dos fatores com o preço das mercadorias transacionadas. • Trata da distribuição de renda resultante do comércio, sendo der",,
caderno2 (md),08 — ☑️ Intensivo - Rodrigo Teixeira - TPS 2023.2,1543,IMAGEM 416,verso,TABELA,sim,absorver no 📖 (lista ou tabela ≥ 3 colunas)," Paradoxo de Leontief: estudo empírico de Leontief que pretendia confirmar o teorema de H-O, mas resultou em um paradoxo, de que as exportações dos EUA eram menos intensivas em K do que as suas importações. Exportações e",,
caderno2 (md),08 — ☑️ Intensivo - Rodrigo Teixeira - TPS 2023.2,1543,IMAGEM 417,verso,TEXTO,sim,absorver no 📖 e cortar, Paradoxo de Leontief — Explicações: existem mais fatores de produção do que o K e o L homogêneos. Padrões de comércio parecem ser influenciados pela oferta de mão-de-obra qualificada e recursos naturais. EUA têm vantage,,
caderno2 (md),08 — ☑️ Intensivo - Rodrigo Teixeira - TPS 2023.2,1544,IMAGEM 418,verso,TEXTO,sim,absorver no 📖 e cortar," Teorema da equalização dos preços de fatores. No país relativamente abundante em trabalho (país B), o preço do fator trabalho (w) relativamente ao preço do fator capital (r) é mais baixo que no país W: \(\frac{w_b}{r_b}",,
caderno2 (md),08 — ☑️ Intensivo - Rodrigo Teixeira - TPS 2023.2,1550,IMAGEM 419,verso,GRÁFICO,sim,redesenho didático se passar no teste do quadro-negro; senão cortar," Título: Modelo IS–LM–BP. Eixo vertical i, horizontal y. Curva LM crescente, IS decrescente e BP horizontal no nível i=i*. O ponto de equilíbrio entre os três mercados está em A, com produto Ye. Texto ao lado da BP: “A c",,
caderno2 (md),08 — ☑️ Intensivo - Rodrigo Teixeira - TPS 2023.2,1551,IMAGEM 420,verso,GRÁFICO,sim,redesenho didático se passar no teste do quadro-negro; senão cortar," Conjunto de três gráficos do modelo IS-LM-BP sobre política monetária expansionista em regime de câmbio fixo/perfeita mobilidade de capitais. O aumento da oferta monetária desloca LM para a direita, levando temporariame",,
caderno2 (md),08 — ☑️ Intensivo - Rodrigo Teixeira - TPS 2023.2,1552,IMAGEM 420,verso,GRÁFICO,sim,redesenho didático se passar no teste do quadro-negro; senão cortar," Conjunto de três gráficos do modelo IS-LM-BP sobre política monetária expansionista em regime de câmbio fixo/perfeita mobilidade de capitais. O aumento da oferta monetária desloca LM para a direita, levando temporariame",,
caderno2 (md),08 — ☑️ Intensivo - Rodrigo Teixeira - TPS 2023.2,1552,IMAGEM 421,verso,GRÁFICO,sim,redesenho didático se passar no teste do quadro-negro; senão cortar, Título: Equilíbrio do modelo. Gráfico de oferta agregada de longo prazo vertical e demanda agregada decrescente. Eixo vertical Nível de Preços; horizontal Quantidade Produzida. Interseção no preço de equilíbrio e na tax,,
caderno2 (md),08 — ☑️ Intensivo - Rodrigo Teixeira - TPS 2023.2,1554,IMAGEM 422,verso,TEXTO,sim,absorver no 📖 e cortar," Certa. Pela paridade coberta: \(i = i^* +\) prêmio de risco + expectativa de depreciação. Como 6,5% > 1,5% + 3%, há expectativa de depreciação. ",,
caderno2 (md),08 — ☑️ Intensivo - Rodrigo Teixeira - TPS 2023.2,1554,IMAGEM 423,verso,TEXTO,sim,absorver no 📖 e cortar," Gabarito: Certa. Comentário: A paridade de juros descoberta (não coberta) considera pra expectativa de depreciação ajustada pelo risco país (ρ) é aproximadamente: i ≈ i* + E(Δe/e) + ρ, onde E(Δe/e) é a taxa de depreciaç",,
caderno2 (md),08 — ☑️ Intensivo - Rodrigo Teixeira - TPS 2023.2,1554,IMAGEM 424,verso,FÓRMULA,sim,transcrever como texto no 📖, Paridade de juros. Paridade de juros descoberta: \(i = i^*\). Onde: i = taxa de juros doméstica; i* = taxa de juros internacional. Paridade de juros coberta: \(i = i^* + \hat e + PR\). Onde: \(\hat e\) = expectativa de ,,
caderno2 (md),08 — ☑️ Intensivo - Rodrigo Teixeira - TPS 2023.2,1554,IMAGEM 425,verso,FÓRMULA,sim,transcrever como texto no 📖, \((1+i)=(1+i^*)\frac{F}{S}\). Onde: i = taxa de juros doméstica (Brasil); i* = taxa de juros internacional; S = taxa de câmbio à vista (spot rate) — unidades da moeda doméstica por unidade da moeda estrangeira; F = taxa,,
caderno2 (md),08 — ☑️ Intensivo - Rodrigo Teixeira - TPS 2023.2,1554,IMAGEM 426,verso,TEXTO,sim,absorver no 📖 e cortar," Fórmula destacada: \(i \approx i^* + E[\Delta e] + RP\). Onde: E[Δe] = variação cambial esperada (positiva para depreciação da moeda doméstica); RP = prêmio de risco. Exemplo com dados fornecidos: \(i=6,5\%=0,065\), \(i",,
caderno2 (md),08 — ☑️ Intensivo - Rodrigo Teixeira - TPS 2023.2,1557,IMAGEM 427,verso,TEXTO,sim,absorver no 📖 e cortar," Gabarito: Certa. Comentário: Esta é uma reafirmação da condição de paridade de juros descoberta (Uncovered Interest Parity – UIP), ajustada pelo risco-país (ρ). A fórmula aproximada é \(i_d \approx i_f + E(\Delta e/e) +",,
caderno2 (md),08 — ☑️ Intensivo - Rodrigo Teixeira - TPS 2023.2,1557,IMAGEM 428,verso,TEXTO,sim,absorver no 📖 e cortar," Certa. Pela paridade descoberta: \(i = i^* + expectativa\ de\ depreciação + risco\text{-}país\). Se há expectativa de depreciação, i deve ser maior. ",,
caderno2 (md),08 — ☑️ Intensivo - Rodrigo Teixeira - TPS 2023.2,1558,IMAGEM 429,verso,GRÁFICO,sim,redesenho didático se passar no teste do quadro-negro; senão cortar," Título: A curva de oferta agregada no curto prazo. Texto: no curto prazo, a existência de salários rígidos, preços rígidos ou percepções equivocadas podem levar uma alteração da produção da economia como resposta a alte",,
caderno2 (md),08 — ☑️ Intensivo - Rodrigo Teixeira - TPS 2023.2,1559,IMAGEM 430,verso,GRÁFICO,sim,redesenho didático se passar no teste do quadro-negro; senão cortar, Título: Flutuações de curto prazo — Um Deslocamento Adverso na Oferta Agregada. Eixo vertical Nível de Preços e horizontal Quantidade Produzida. Demanda agregada decrescente; oferta agregada de curto prazo inicial e uma,,
caderno2 (md),08 — ☑️ Intensivo - Rodrigo Teixeira - TPS 2023.2,1562,IMAGEM 431,verso,TEXTO,sim,absorver no 📖 e cortar, Auge e declínio da economia cafeeira. Qual a solução encontrada? • Novo instrumento de defesa do café: redução da oferta através da estocagem. • Convênio de Taubaté (1906): governo compra excedentes. • financiamento via,,
caderno2 (md),08 — ☑️ Intensivo - Rodrigo Teixeira - TPS 2023.2,1567,IMAGEM 432,verso,TEXTO,sim,absorver no 📖 e cortar, Governo Dutra: industrialização e crescimento. • Julho de 1947: reversão da política liberal (fim da “ilusão de divisas”) e introdução de controles cambiais. — Controles de importações não-discriminatórios com similar n,,
caderno2 (md),08 — ☑️ Intensivo - Rodrigo Teixeira - TPS 2023.2,1575,IMAGEM 433,verso,TEXTO,sim,absorver no 📖 e cortar," Limites da abordagem tradicional. • Contrariamente aos ensinamentos da teoria tradicional, o comércio internacional se desenvolve mais entre as nações mais desenvolvidas cujas dotações fatoriais têm poucas diferenças. •",,
caderno2 (md),08 — ☑️ Intensivo - Rodrigo Teixeira - TPS 2023.2,1575,IMAGEM 434,verso,TEXTO,sim,absorver no 📖 e cortar," Limites da abordagem tradicional. • O questionamento das vantagens comparativas. • Novas análises foram desenvolvidas, a partir dos anos sessenta, cujo ponto comum é a proposta de uma explicação das trocas internacionai",,
caderno2 (md),08 — ☑️ Intensivo - Rodrigo Teixeira - TPS 2023.2,1576,IMAGEM 435,verso,TEXTO,sim,absorver no 📖 e cortar," O pensamento de Prebisch — Países Centrais. • se caracterizam por uma estrutura produtiva diversificada, produzindo e exportando bens industrializados e importando bens primários. • Com relação ao mercado dos produtos f",,
caderno2 (md),08 — ☑️ Intensivo - Rodrigo Teixeira - TPS 2023.2,1576,IMAGEM 436,verso,TEXTO,sim,absorver no 📖 e cortar," O pensamento de Prebisch. • Pelo exposto anteriormente, pelo lado da oferta, Prebisch mostra que o progresso tecnológico não tende a elevar o padrão de vida dos países periféricos, mas apenas reduzir os seus termos de t",,
caderno2 (md),08 — ☑️ Intensivo - Rodrigo Teixeira - TPS 2023.2,1579,IMAGEM 437,verso,GRÁFICO,sim,redesenho didático se passar no teste do quadro-negro; senão cortar," Título: Política monetária, nível de atividade e taxa de juros. Eixo vertical taxa de juros e horizontal Produto, Y. Curvas IS decrescente e LM crescente. Uma expansão monetária desloca LM para a direita/para baixo (LM ",,
caderno2 (md),08 — ☑️ Intensivo - Rodrigo Teixeira - TPS 2023.2,1583,IMAGEM 438,verso,GRÁFICO,sim,redesenho didático se passar no teste do quadro-negro; senão cortar," Política Fiscal com Câmbio Flexível (AMC). Modelo Mundell-Fleming com BP crescente e curvas IS/LM. Política fiscal expansionista desloca IS para a direita, elevando juros e atraindo capitais; a apreciação cambial reduz ",,
caderno2 (md),08 — ☑️ Intensivo - Rodrigo Teixeira - TPS 2023.2,1584,IMAGEM 439,verso,GRÁFICO,sim,redesenho didático se passar no teste do quadro-negro; senão cortar," Política Monetária com Câmbio Flexível (AMC). A LM desloca-se para a direita com expansão monetária, reduz juros e gera saída de capitais; o câmbio desvaloriza, exportações líquidas aumentam e IS se desloca para a direi",,
caderno2 (md),08 — ☑️ Intensivo - Rodrigo Teixeira - TPS 2023.2,1585,IMAGEM 440,verso,GRÁFICO,sim,redesenho didático se passar no teste do quadro-negro; senão cortar, Política Fiscal com Câmbio Flexível (BMC). Gráfico IS-LM-BP com baixa mobilidade de capital. Política fiscal expansionista desloca IS para direita e eleva renda/juros; o balanço de pagamentos e a taxa de câmbio se ajust,,
caderno2 (md),08 — ☑️ Intensivo - Rodrigo Teixeira - TPS 2023.2,1586,IMAGEM 441,verso,GRÁFICO,sim,redesenho didático se passar no teste do quadro-negro; senão cortar," Política Monetária com Câmbio Fixo (BMC). Gráfico IS-LM-BP com baixa mobilidade de capital. Expansão monetária desloca LM para a direita, gera déficit externo e pressão de desvalorização; a defesa do câmbio leva o BC a ",,
caderno2 (md),08 — ☑️ Intensivo - Rodrigo Teixeira - TPS 2023.2,1587,IMAGEM 442,verso,TEXTO,sim,absorver no 📖 e cortar," Teoria da renda permanente de Friedman. • Os consumidores mantêm o consumo constante ao longo do tempo, com base na renda permanente (renda média ao longo do ciclo de vida): suavização do consumo. • Assim, os consumidor",,
caderno2 (md),08 — ☑️ Intensivo - Rodrigo Teixeira - TPS 2023.2,1588,IMAGEM 443,verso,GRÁFICO,sim,redesenho didático se passar no teste do quadro-negro; senão cortar," Título: Efeito de um déficit público. Mercado de fundos emprestáveis: eixo vertical Taxa de Juros e horizontal Fundos Emprestáveis. Curva de demanda decrescente e duas curvas de oferta crescentes, Oferta 1 à direita e O",,
caderno2 (md),08 — ☑️ Intensivo - Rodrigo Teixeira - TPS 2023.2,1589,IMAGEM 444,verso,GRÁFICO,sim,redesenho didático se passar no teste do quadro-negro; senão cortar," Título: Relação entre taxa de poupança e consumo per capita. Gráfico de Solow: eixo horizontal k, vertical y. Curva de produção y=f(k) côncava; linha de investimento/manutenção (n+δ)k; três curvas de poupança/investimen",,
caderno2 (md),08 — ☑️ Intensivo - Rodrigo Teixeira - TPS 2023.2,1590,IMAGEM 445,verso,FÓRMULA,sim,transcrever como texto no 📖," Relação entre Transações correntes, poupança e investimento. \(TC = S - I\). Se \(S < I\) ⇒ \(TC < 0\) (déficit). Se \(S > I\) ⇒ \(TC > 0\) (superávit). ",,
caderno2 (md),08 — ☑️ Intensivo - Rodrigo Teixeira - TPS 2023.2,1591,IMAGEM 446,verso,TEXTO,sim,absorver no 📖 e cortar, Decisão de suspender as atividades em curto prazo. • A empresa paralisa as atividades se a receita que obteria produzindo for menor do que seus custos variáveis de produção. • Paralisação se RT < CV ou se P < CVM. • A c,,
caderno2 (md),08 — ☑️ Intensivo - Rodrigo Teixeira - TPS 2023.2,1591,IMAGEM 447,verso,GRÁFICO,sim,redesenho didático se passar no teste do quadro-negro; senão cortar, Gráfico de decisão de paralisação no curto prazo. Eixo vertical Custos e horizontal Quantidade. Curvas em U: CVM (mais baixa) e CTM; CMg crescente cruza ambas nos respectivos mínimos. Texto à esquerda: “A empresa parali,,
caderno2 (md),08 — ☑️ Intensivo - Rodrigo Teixeira - TPS 2023.2,1593,IMAGEM 448,verso,TEXTO,sim,absorver no 📖 e cortar," Gabarito: Errada. Comentário: No longo prazo, todos os custos são variáveis; não há custos fixos no sentido do curto prazo. Se o preço de mercado (P) estiver consistentemente abaixo do Custo Total Médio (CTMe) de longo ",,
caderno2 (md),08 — ☑️ Intensivo - Rodrigo Teixeira - TPS 2023.2,1594,IMAGEM 449,verso,TEXTO,sim,absorver no 📖 e cortar, Decisão de suspender as atividades em curto prazo. • A empresa paralisa as atividades se a receita que obteria produzindo for menor do que seus custos variáveis de produção. • Paralisação se RT < CV ou se P < CVM. • A c,,
caderno2 (md),08 — ☑️ Intensivo - Rodrigo Teixeira - TPS 2023.2,1594,IMAGEM 450,verso,GRÁFICO,sim,redesenho didático se passar no teste do quadro-negro; senão cortar, Gráfico de decisão de paralisação no curto prazo. Eixo vertical Custos e horizontal Quantidade. Curvas em U: CVM (mais baixa) e CTM; CMg crescente cruza ambas nos respectivos mínimos. Texto à esquerda: “A empresa parali,,
caderno2 (md),08 — ☑️ Intensivo - Rodrigo Teixeira - TPS 2023.2,1594,IMAGEM 451,verso,GRÁFICO,sim,redesenho didático se passar no teste do quadro-negro; senão cortar," Mesmo gráfico de decisão de paralisação no curto prazo, com anotações manuscritas em vermelho destacando o eixo de custos, o mínimo do CVM/CTM e o trecho do CMg acima do CVM. Eixo horizontal Quantidade; curvas CVM e CTM",,
caderno2 (md),08 — ☑️ Intensivo - Rodrigo Teixeira - TPS 2023.2,1596,IMAGEM 452,verso,TEXTO,sim,absorver no 📖 e cortar, Lei de Okun — Crescimento do produto e variações no desemprego. Fórmula mostrada: \(u_t-u_{t-1}=-\beta(g_{yt}-\bar g_y)\). O crescimento do produto acima do normal provoca uma redução da taxa de desemprego; o cresciment,,
caderno2 (md),08 — ☑️ Intensivo - Rodrigo Teixeira - TPS 2023.2,1598,IMAGEM 453,verso,GRÁFICO,sim,redesenho didático se passar no teste do quadro-negro; senão cortar," Título: Como a inflação esperada desloca a curva de Phillips no curto prazo. Texto: quanto mais elevada a taxa de inflação esperada, maior o tradeoff entre inflação e desemprego no curto prazo. No ponto A, a inflação es",,
caderno2 (md),08 — ☑️ Intensivo - Rodrigo Teixeira - TPS 2023.2,1599,IMAGEM 454,verso,GRÁFICO,sim,redesenho didático se passar no teste do quadro-negro; senão cortar, Título: Flutuações de curto prazo — Um Deslocamento Adverso na Oferta Agregada. Eixo vertical nível de preços e horizontal quantidade produzida. Demanda agregada decrescente; OA de curto prazo inicial crescente e nova O,,
caderno2 (md),08 — ☑️ Intensivo - Rodrigo Teixeira - TPS 2023.2,1599,IMAGEM 455,verso,DIAGRAMA,sim,redesenho didático se passar no teste do quadro-negro; senão cortar," Esquema ASCII em fundo escuro. Eixo horizontal Y e vertical P. Duas linhas inclinadas para cima rotuladas OA1 e OA0; entre elas, dois asteriscos conectados por uma seta horizontal de OA1 para OA0/vice-versa, sugerindo d",,
caderno2 (md),08 — ☑️ Intensivo - Rodrigo Teixeira - TPS 2023.2,1600,IMAGEM 456,verso,GRÁFICO,sim,redesenho didático se passar no teste do quadro-negro; senão cortar, Título: Flutuações de curto prazo: acomodando choques. Gráfico AD-AS: eixo vertical Nível de Preços; horizontal Quantidade Produzida. Demanda agregada decrescente; oferta agregada de curto prazo inicial e uma nova curva,,
caderno2 (md),09 — ☑️ Intensivo - Rodrigo Teixeira - TPS 2023.1,1616,IMAGEM 457,verso,GRÁFICO,sim,redesenho didático se passar no teste do quadro-negro; senão cortar," The image displays two economic graphs: the left shows a declining marginal utility (UM) line that reaches zero at quantity Q=6, while the right graph plots total utility (UT) peaking at 150 when UM equals zero, marked ",,
caderno2 (md),09 — ☑️ Intensivo - Rodrigo Teixeira - TPS 2023.1,1617,IMAGEM 458,verso,TEXTO,sim,absorver no 📖 e cortar," The image displays four key axioms of consumer preferences in Portuguese, outlining principles such as completeness, transitivity, monotonicity (or non-satiation), and convexity. ",,
caderno2 (md),09 — ☑️ Intensivo - Rodrigo Teixeira - TPS 2023.1,1618,IMAGEM 459,verso,GRÁFICO,sim,redesenho didático se passar no teste do quadro-negro; senão cortar," This image displays Engel curves illustrating the relationship between income and demand for different goods, categorizing them as normal necessities, normal luxury goods, and inferior goods. ",,
caderno2 (md),09 — ☑️ Intensivo - Rodrigo Teixeira - TPS 2023.1,1619,IMAGEM 460,verso,TEXTO,sim,absorver no 📖 e cortar," The image displays a Portuguese text explaining that the ratio of marginal utility to price for good A (UMgA/PA = 2) is greater than that for good B (UMgB/PB = 0.5), indicating the consumer should increase consumption o",,
caderno2 (md),09 — ☑️ Intensivo - Rodrigo Teixeira - TPS 2023.1,1619,IMAGEM 461,verso,GRÁFICO,sim,redesenho didático se passar no teste do quadro-negro; senão cortar," This graph illustrates consumer choice between clothing (Vestuário) and food, showing that maximum satisfaction is achieved at point A where the budget line is tangent to the U₂ indifference curve. ",,
caderno2 (md),09 — ☑️ Intensivo - Rodrigo Teixeira - TPS 2023.1,1619,IMAGEM 462,verso,GRÁFICO,sim,redesenho didático se passar no teste do quadro-negro; senão cortar," The image explains that at the consumer’s optimal choice, the budget line is tangent to an indifference curve, meaning the slope of the indifference curve (UMgA/UMgV) equals the budget line’s slope (pA/pV). ",,
caderno2 (md),09 — ☑️ Intensivo - Rodrigo Teixeira - TPS 2023.1,1619,IMAGEM 463,verso,TEXTO,sim,absorver no 📖 e cortar," The image explains consumer behavior based on marginal utility per price, showing that if food’s marginal utility-to-price ratio exceeds that of clothing, the consumer will trade clothing for food, causing the food’s ma",,
caderno2 (md),09 — ☑️ Intensivo - Rodrigo Teixeira - TPS 2023.1,1623,IMAGEM 464,verso,TABELA,sim,absorver no 📖 (lista ou tabela ≥ 3 colunas)," The image displays a table from Leontief’s 1962 empirical study, which revealed a paradox: U.S. exports were less capital-intensive than imports, contradicting the Heckscher-Ohlin theorem. ",,
caderno2 (md),09 — ☑️ Intensivo - Rodrigo Teixeira - TPS 2023.1,1624,IMAGEM 465,verso,TEXTO,sim,absorver no 📖 e cortar," The image explains the “Paridade do poder de compra” (Purchasing Power Parity) under the “Lei do preço único,” showing that the real exchange rate e equals 1 when the law holds, meaning domestic and foreign prices are e",,
caderno2 (md),09 — ☑️ Intensivo - Rodrigo Teixeira - TPS 2023.1,1625,IMAGEM 466,verso,TEXTO,sim,absorver no 📖 e cortar," The image explains the short-term determination of exchange rate changes in Portuguese, showing that if the domestic interest rate (i) exceeds the sum of the foreign rate (i*) and expected exchange rate change (Êe) plus",,
caderno2 (md),09 — ☑️ Intensivo - Rodrigo Teixeira - TPS 2023.1,1626,IMAGEM 467,verso,GRÁFICO,sim,redesenho didático se passar no teste do quadro-negro; senão cortar," The image displays a J-curve graph showing the trade surplus over time after a currency devaluation, which initially worsens the trade balance before improving. ",,
caderno2 (md),09 — ☑️ Intensivo - Rodrigo Teixeira - TPS 2023.1,1628,IMAGEM 468,verso,GRÁFICO,sim,redesenho didático se passar no teste do quadro-negro; senão cortar," The graph depicts the intersection of the IS curve (orange, downward sloping) and the LM curve (blue, upward sloping) at the equilibrium interest rate i = i* and output level Y1, with the balance of payments (BP) curve ",,
caderno2 (md),09 — ☑️ Intensivo - Rodrigo Teixeira - TPS 2023.1,1629,IMAGEM 469,verso,GRÁFICO,sim,redesenho didático se passar no teste do quadro-negro; senão cortar," This graph illustrates the ineffective fiscal policy under no capital mobility, showing how an expansionary fiscal policy shifts the IS curve to IS₁, increasing output from Y₀ to Y₁ and raising interest rates from i₀ to",,
caderno2 (md),09 — ☑️ Intensivo - Rodrigo Teixeira - TPS 2023.1,1631,IMAGEM 470,verso,GRÁFICO,sim,redesenho didático se passar no teste do quadro-negro; senão cortar," The graph illustrates how an increase in foreign interest rates or risk leads to capital flight, shifting the BP curve upward and reducing the money supply, which shifts the LM curve leftward from LM to LM₁, raising the",,
caderno2 (md),09 — ☑️ Intensivo - Rodrigo Teixeira - TPS 2023.1,1631,IMAGEM 471,verso,GRÁFICO,sim,redesenho didático se passar no teste do quadro-negro; senão cortar," The graph illustrates a flexible exchange rate model where an increase in risk triggers capital flight, shifting the BP curve upward and causing a new equilibrium at point B with higher output (Y₁) and interest rates (i",,
caderno2 (md),09 — ☑️ Intensivo - Rodrigo Teixeira - TPS 2023.1,1632,IMAGEM 472,verso,GRÁFICO,sim,redesenho didático se passar no teste do quadro-negro; senão cortar," The chart shows public financing needs as a percentage of GDP, with “Juros” (interest) consistently highest at 6.6% in 2001 and peaking at 10.2% in 2019, while “Nominal” needs peaked at 10.2% in 2015 before falling to 4",,
caderno2 (md),09 — ☑️ Intensivo - Rodrigo Teixeira - TPS 2023.1,1633,IMAGEM 473,verso,DIAGRAMA,sim,redesenho didático se passar no teste do quadro-negro; senão cortar," This diagram illustrates the structure of the Public Sector (""Setor Público""), which branches into the General Government (""Governo Geral"") and Business Activities (""Atividades empresariais""). ",,
caderno2 (md),09 — ☑️ Intensivo - Rodrigo Teixeira - TPS 2023.1,1633,IMAGEM 474,verso,GRÁFICO,sim,redesenho didático se passar no teste do quadro-negro; senão cortar," The image displays two charts tracking public debt: the left shows the Gross Public Debt (DBGG) rising to 89% of GDP in 2019, primarily driven by market-based debt, while the right shows the Public Sector Liquid Debt (D",,
caderno2 (md),09 — ☑️ Intensivo - Rodrigo Teixeira - TPS 2023.1,1636,IMAGEM 475,verso,DIAGRAMA,sim,redesenho didático se passar no teste do quadro-negro; senão cortar," This diagram summarizes the monetary supply mechanism, showing that M1 (money supply) equals the base monetary supply (M.B) multiplied by a bank multiplier. ",,
caderno2 (md),09 — ☑️ Intensivo - Rodrigo Teixeira - TPS 2023.1,1636,IMAGEM 476,verso,TEXTO,sim,absorver no 📖 e cortar," This slide explains the limitations of a central bank’s (BC) control over money supply, noting it cannot dictate how much the public holds versus deposits (m = PMPP/D) or how much banks lend relative to deposits (r = R/",,
caderno2 (md),09 — ☑️ Intensivo - Rodrigo Teixeira - TPS 2023.1,1640,IMAGEM 477,verso,TABELA,sim,absorver no 📖 (lista ou tabela ≥ 3 colunas)," This image presents a comparative table detailing three Brazilian monetary instructions—70 (1953), 113 (1955), and 204 (1961)—highlighting their issuance dates, political contexts, central objectives, and key measures. ",,
caderno2 (md),09 — ☑️ Intensivo - Rodrigo Teixeira - TPS 2023.1,1641,IMAGEM 477,verso,TABELA,sim,absorver no 📖 (lista ou tabela ≥ 3 colunas)," This image presents a comparative table detailing three Brazilian monetary instructions—70 (1953), 113 (1955), and 204 (1961)—highlighting their issuance dates, political contexts, central objectives, and key measures. ",,
caderno2 (md),09 — ☑️ Intensivo - Rodrigo Teixeira - TPS 2023.1,1642,IMAGEM 477,verso,TABELA,sim,absorver no 📖 (lista ou tabela ≥ 3 colunas)," This image presents a comparative table detailing three Brazilian monetary instructions—70 (1953), 113 (1955), and 204 (1961)—highlighting their issuance dates, political contexts, central objectives, and key measures. ",,
caderno2 (md),09 — ☑️ Intensivo - Rodrigo Teixeira - TPS 2023.1,1653,IMAGEM 478,verso,GRÁFICO,sim,redesenho didático se passar no teste do quadro-negro; senão cortar," This image displays key results from the ""Solow model with technological progress,"" explaining that in the long-run equilibrium, variables like output (Y), labor (L), capital (K), and consumption (C) grow at a rate of n",,
caderno2 (md),09 — ☑️ Intensivo - Rodrigo Teixeira - TPS 2023.1,1654,IMAGEM 479,verso,FÓRMULA,sim,transcrever como texto no 📖," The image displays the Harrod-Domar growth model formula, ΔY/Y = σ·s - δ, which calculates the growth rate of output based on the capital's marginal or average productivity (σ), the savings rate (s), and the capital dep",,
caderno2 (md),09 — ☑️ Intensivo - Rodrigo Teixeira - TPS 2023.1,1657,IMAGEM 480,frente,GRÁFICO,sim,redesenhar (essencial)," This supply and demand graph illustrates the effect of a tariff on steel prices, showing that without trade, the market is in equilibrium at point B, while with a tariff, the price rises to a new level, creating a deadw",,
caderno2 (md),09 — ☑️ Intensivo - Rodrigo Teixeira - TPS 2023.1,1657,IMAGEM 480,verso,GRÁFICO,sim,redesenho didático se passar no teste do quadro-negro; senão cortar," This supply and demand graph illustrates the effect of a tariff on steel prices, showing that without trade, the market is in equilibrium at point B, while with a tariff, the price rises to a new level, creating a deadw",,
caderno2 (md),09 — ☑️ Intensivo - Rodrigo Teixeira - TPS 2023.1,1657,IMAGEM 481,verso,GRÁFICO,sim,redesenho didático se passar no teste do quadro-negro; senão cortar," This graph illustrates the effects of a tariff on steel, showing that the domestic price rises from the world price to a higher level, reducing imports from QD1 to QD2 and increasing domestic supply from Qs1 to Qs2. ",,
caderno2 (md),09 — ☑️ Intensivo - Rodrigo Teixeira - TPS 2023.1,1657,IMAGEM 482,verso,TABELA,sim,absorver no 📖 (lista ou tabela ≥ 3 colunas)," This image displays a table titled ""Tarifa sobre o aço (gráfico anexado)"" that lists four incorrect answers (Nº 5–8) with their technical explanations and corresponding incorrect phrases. ",,
caderno2 (md),09 — ☑️ Intensivo - Rodrigo Teixeira - TPS 2023.1,1658,IMAGEM 483,verso,GRÁFICO,sim,redesenho didático se passar no teste do quadro-negro; senão cortar," The image compares perfect competition and monopolistic competition using two graphs, showing that in perfect competition (a), price equals marginal cost at quantity Qc, while in monopoly (b), price exceeds marginal cos",,
caderno2 (md),09 — ☑️ Intensivo - Rodrigo Teixeira - TPS 2023.1,1659,IMAGEM 484,verso,TEXTO,sim,absorver no 📖 e cortar," This image compares “Perfet Competition” and “Monopolistic Competition” markets by listing characteristics like number of firms, product type, and pricing power. ",,
caderno2 (md),09 — ☑️ Intensivo - Rodrigo Teixeira - TPS 2023.1,1667,IMAGEM 485,verso,TEXTO,sim,absorver no 📖 e cortar," This slide presents the results of the HOS model, explaining that countries specialize based on their relative abundance of production factors, with País B exporting good X and importing M, while País W does the opposit",,
caderno2 (md),09 — ☑️ Intensivo - Rodrigo Teixeira - TPS 2023.1,1669,IMAGEM 486,verso,TEXTO,sim,absorver no 📖 e cortar," The image presents a slide titled ""Nova Teoria do Comércio"" explaining how incorporating elements like economies of scale and product differentiation allows for trade specialization beyond factor endowments. ",,
caderno2 (md),09 — ☑️ Intensivo - Rodrigo Teixeira - TPS 2023.1,1671,IMAGEM 487,verso,GRÁFICO,sim,redesenho didático se passar no teste do quadro-negro; senão cortar," This graph illustrates how expected inflation shifts the short-run Phillips curve, showing a move from point A to B under expansionary monetary policy, leading to higher actual inflation and lower unemployment, before e",,
caderno2 (md),09 — ☑️ Intensivo - Rodrigo Teixeira - TPS 2023.1,1675,IMAGEM 488,verso,DIAGRAMA,sim,redesenho didático se passar no teste do quadro-negro; senão cortar," This economic diagram illustrates short-run price and output fluctuations following a leftward shift in aggregate demand (DA₁ to DA₂), causing a temporary production decline from Y₁ to Y₂ and a price drop from P₁ to P₂.",,
caderno2 (md),09 — ☑️ Intensivo - Rodrigo Teixeira - TPS 2023.1,1677,IMAGEM 488,verso,DIAGRAMA,sim,redesenho didático se passar no teste do quadro-negro; senão cortar," This economic diagram illustrates short-run price and output fluctuations following a leftward shift in aggregate demand (DA₁ to DA₂), causing a temporary production decline from Y₁ to Y₂ and a price drop from P₁ to P₂.",,
caderno2 (md),09 — ☑️ Intensivo - Rodrigo Teixeira - TPS 2023.1,1678,IMAGEM 489,verso,DIAGRAMA,sim,redesenho didático se passar no teste do quadro-negro; senão cortar," This economic diagram illustrates how policymakers respond to a short-run aggregate supply shock by expanding aggregate demand from DA₁ to DA₂, moving the economy from point A to C, while keeping production at its natur",,
caderno2 (md),09 — ☑️ Intensivo - Rodrigo Teixeira - TPS 2023.1,1682,IMAGEM 490,verso,TEXTO,sim,absorver no 📖 e cortar," The image presents a critique of the Collor Plan, highlighting Afonso Pastore’s argument that the plan prioritized stock over the flow of new money creation. ",,
caderno2 (md),09 — ☑️ Intensivo - Rodrigo Teixeira - TPS 2023.1,1688,IMAGEM 491,verso,GRÁFICO,sim,redesenho didático se passar no teste do quadro-negro; senão cortar," The image explains cross-price elasticity of demand, showing that a price change in good B affects the demand for good A, calculated as the percentage change in quantity demanded of A divided by the percentage change in",,
caderno2 (md),09 — ☑️ Intensivo - Rodrigo Teixeira - TPS 2023.1,1689,IMAGEM 492,verso,TEXTO,sim,absorver no 📖 e cortar," The image explains income elasticity of demand, defining normal goods as those whose demand increases with income (elasticity > 0) and inferior goods as those whose demand decreases with income (elasticity 0). ",,
caderno2 (md),09 — ☑️ Intensivo - Rodrigo Teixeira - TPS 2023.1,1689,IMAGEM 493,verso,GRÁFICO,sim,redesenho didático se passar no teste do quadro-negro; senão cortar," This graph illustrates the concept of an inferior good, showing that as income increases, the demand for the inferior good (vestuario, or clothing) decreases, shifting from a higher utility curve U₂ to a lower one U₁. ",,
caderno2 (md),09 — ☑️ Intensivo - Rodrigo Teixeira - TPS 2023.1,1690,IMAGEM 494,verso,TEXTO,sim,absorver no 📖 e cortar," The image displays a text snippet in Portuguese explaining consumer equilibrium, stating that it occurs when the ratio of marginal utility to price for good A equals that for good B. ",,
caderno2 (md),09 — ☑️ Intensivo - Rodrigo Teixeira - TPS 2023.1,1690,IMAGEM 495,verso,GRÁFICO,sim,redesenho didático se passar no teste do quadro-negro; senão cortar," This slide explains consumer choice theory, stating that at the optimal point, the budget line is tangent to an indifference curve. ",,
caderno2 (md),09 — ☑️ Intensivo - Rodrigo Teixeira - TPS 2023.1,1690,IMAGEM 496,verso,TEXTO,sim,absorver no 📖 e cortar," The image explains consumer behavior based on marginal utility per price, showing that if the food’s marginal utility relative to its price is greater than that of clothing, the consumer will substitute food for clothin",,
caderno2 (md),09 — ☑️ Intensivo - Rodrigo Teixeira - TPS 2023.1,1691,IMAGEM 497,verso,TEXTO,sim,absorver no 📖 e cortar," This slide explains consumer optimization with perfect substitutes and complements, noting that perfect substitutes lead to a corner solution where the consumer chooses the good with the higher utility-to-price ratio. ",,
caderno2 (md),09 — ☑️ Intensivo - Rodrigo Teixeira - TPS 2023.1,1694,IMAGEM 498,verso,TEXTO,sim,absorver no 📖 e cortar," This slide outlines Prebisch’s economic theory, stating that peripheral countries export primary goods with low income elasticity and import industrialized goods with high income elasticity. ",,
caderno2 (md),09 — ☑️ Intensivo - Rodrigo Teixeira - TPS 2023.1,1695,IMAGEM 499,verso,TABELA,sim,absorver no 📖 (lista ou tabela ≥ 3 colunas)," This image displays a table from Leonie's empirical study, showing that in 1962, U.S. imports were more capital-intensive than exports, contradicting the Heckscher-Ohlin theorem. ",,
caderno2 (md),09 — ☑️ Intensivo - Rodrigo Teixeira - TPS 2023.1,1696,IMAGEM 500,verso,TEXTO,sim,absorver no 📖 e cortar," This slide explains the “Paridade do poder de compra” under the “Lei do preço único,” stating that the real exchange rate e equals 1 when E.P* = P, meaning the real purchasing power is equal. ",,
caderno2 (md),09 — ☑️ Intensivo - Rodrigo Teixeira - TPS 2023.1,1698,IMAGEM 501,verso,TEXTO,sim,absorver no 📖 e cortar," The image explains the short-term determination of exchange rates in Portuguese, showing that if the domestic interest rate (i) exceeds the sum of the foreign rate (i*) and expected exchange rate change (Êe) plus the ri",,
caderno2 (md),09 — ☑️ Intensivo - Rodrigo Teixeira - TPS 2023.1,1699,IMAGEM 502,verso,FÓRMULA,sim,transcrever como texto no 📖," This image explains the balance of payments (BPM 6) with the equation CF – CK – TC = 0, or equivalently CF = TC + CK, illustrating that the financial account (CF) must equal the sum of current transactions (TC) and capi",,
caderno2 (md),09 — ☑️ Intensivo - Rodrigo Teixeira - TPS 2023.1,1700,IMAGEM 503,verso,DIAGRAMA,sim,redesenho didático se passar no teste do quadro-negro; senão cortar," This diagram summarizes the monetary offer mechanism, showing that M1 (money supply) equals M.B (monetary base), which is determined by the central bank’s open market operations. ",,
caderno2 (md),09 — ☑️ Intensivo - Rodrigo Teixeira - TPS 2023.1,1702,IMAGEM 504,verso,GRÁFICO,sim,redesenho didático se passar no teste do quadro-negro; senão cortar," The image illustrates how monetary expansion in a fixed exchange rate regime with perfect capital mobility leads to a shift in the LM curve, causing a deficit in trade and a rise in output, which is offset by the centra",,
caderno2 (md),09 — ☑️ Intensivo - Rodrigo Teixeira - TPS 2023.1,1703,IMAGEM 505,verso,FÓRMULA,sim,transcrever como texto no 📖," The image displays a monetary multiplier formula, M = (m+1)/(m+r), with PMPP (public/deposit money ratio) and reserve/deposit ratio defined as m and r, respectively. ",,
caderno2 (md),09 — ☑️ Intensivo - Rodrigo Teixeira - TPS 2023.1,1705,IMAGEM 506,verso,GRÁFICO,sim,redesenho didático se passar no teste do quadro-negro; senão cortar," The top graph shows the labor market equilibrium where the supply of labor (N^S) and demand for labor (N^d) intersect at N_E, creating a surplus of labor above the equilibrium wage and a deficit below it. ",,
caderno2 (md),09 — ☑️ Intensivo - Rodrigo Teixeira - TPS 2023.1,1705,IMAGEM 507,verso,GRÁFICO,sim,redesenho didático se passar no teste do quadro-negro; senão cortar," This image displays a classical aggregate supply curve, labeled ""Oferta Agregada Clásica,"" showing a vertical line labeled ""OA"" at the point Y_E = Y_P, indicating that output is fixed at the full employment level regard",,
caderno2 (md),09 — ☑️ Intensivo - Rodrigo Teixeira - TPS 2023.1,1706,IMAGEM 508,verso,GRÁFICO,sim,redesenho didático se passar no teste do quadro-negro; senão cortar," This graph illustrates the effect of reducing income taxes on interest rates, showing a rightward shift in the supply curve from S₁ to S₂, which lowers the equilibrium interest rate from 5% to 4%. ",,
caderno2 (md),09 — ☑️ Intensivo - Rodrigo Teixeira - TPS 2023.1,1707,IMAGEM 509,verso,GRÁFICO,sim,redesenho didático se passar no teste do quadro-negro; senão cortar," The image illustrates two special cases of the IS-LM model: on the left, a horizontal LM curve shows maximum fiscal policy effectiveness with no crowding out, while on the right, a vertical LM curve indicates monetary p",,
caderno2 (md),09 — ☑️ Intensivo - Rodrigo Teixeira - TPS 2023.1,1713,IMAGEM 510,verso,GRÁFICO,sim,redesenho didático se passar no teste do quadro-negro; senão cortar," The graph illustrates a firm's short-run cost curves, showing that it will shut down (paralisação) if the price (P) falls below the average variable cost (CVM), as indicated by the intersection point. ",,
caderno2 (md),09 — ☑️ Intensivo - Rodrigo Teixeira - TPS 2023.1,1722,IMAGEM 511,verso,GRÁFICO,sim,redesenho didático se passar no teste do quadro-negro; senão cortar," The image compares constant and increasing returns to scale using two graphs, showing how output (labeled A) changes with labor and capital input. ",,
caderno2 (md),09 — ☑️ Intensivo - Rodrigo Teixeira - TPS 2023.1,1723,IMAGEM 512,verso,GRÁFICO,sim,redesenho didático se passar no teste do quadro-negro; senão cortar," This graph illustrates input choice and cost minimization, showing that the expansion path (purple line) connects cost-minimizing combinations of labor and capital for different production levels. ",,
caderno2 (md),09 — ☑️ Intensivo - Rodrigo Teixeira - TPS 2023.1,1724,IMAGEM 513,verso,GRÁFICO,sim,redesenho didático se passar no teste do quadro-negro; senão cortar," The graph illustrates short-run production inflexibility, showing that a firm’s production cost can’t be minimized due to fixed capital, as depicted by the red isocost curves and the short-run expansion path (purple lin",,
caderno2 (md),09 — ☑️ Intensivo - Rodrigo Teixeira - TPS 2023.1,1725,IMAGEM 514,verso,TEXTO,sim,absorver no 📖 e cortar," The image displays a correction for a wrong answer in an economics exam, explaining the difference between “diminishing marginal returns of a factor” and “returns to scale.” ",,
caderno2 (md),09 — ☑️ Intensivo - Rodrigo Teixeira - TPS 2023.1,1725,IMAGEM 515,verso,TEXTO,sim,absorver no 📖 e cortar," The image explains that diminishing returns to individual factors like labor do not preclude increasing returns to scale, using the example of a production function Q = L^0.6 K^0.6 where the sum of exponents (1.2) excee",,
caderno2 (md),09 — ☑️ Intensivo - Rodrigo Teixeira - TPS 2023.1,1725,IMAGEM 516,verso,TEXTO,sim,absorver no 📖 e cortar," The image displays the Cobb-Douglas production function Q = K^α L^β, explaining how capital (K) and labor (L) contribute to output, with α and β representing their respective influences. ",,
caderno2 (md),09 — ☑️ Intensivo - Rodrigo Teixeira - TPS 2023.1,1726,IMAGEM 517,verso,GRÁFICO,sim,redesenho didático se passar no teste do quadro-negro; senão cortar," The image compares perfect competition and monopolistic competition using two graphs: panel (a) shows a horizontal demand curve (D=RMg) intersecting the marginal cost curves (CMg and CMe) at price Pc, while panel (b) de",,
caderno2 (md),09 — ☑️ Intensivo - Rodrigo Teixeira - TPS 2023.1,1730,IMAGEM 518,verso,TEXTO,sim,absorver no 📖 e cortar," The image explains a common misconception in economic growth, stating that in a stationary state, per capita output grows only at rate g due to technical progress, not g + n. ",,
caderno2 (md),09 — ☑️ Intensivo - Rodrigo Teixeira - TPS 2023.1,1730,IMAGEM 519,verso,GRÁFICO,sim,redesenho didático se passar no teste do quadro-negro; senão cortar," The image displays key results of the Solow model with technological progress, explaining that in the long-run equilibrium, variables like output (Y), labor (L), capital (K), and consumption (C) grow at a rate of n+g, w",,
caderno2 (md),09 — ☑️ Intensivo - Rodrigo Teixeira - TPS 2023.1,1731,IMAGEM 520,verso,GRÁFICO,sim,redesenho didático se passar no teste do quadro-negro; senão cortar," This image presents the ""Solow model without technological progress,"" explaining that long-term economic growth (Y) is determined solely by the population growth rate. ",,
caderno2 (md),09 — ☑️ Intensivo - Rodrigo Teixeira - TPS 2023.1,1732,IMAGEM 521,verso,GRÁFICO,sim,redesenho didático se passar no teste do quadro-negro; senão cortar," The image displays a Portuguese text excerpt explaining that in the Solow model, increasing the savings rate (s) shifts the investment curve upward, leading to a higher steady-state level of capital per worker (k) and t",,
caderno2 (md),09 — ☑️ Intensivo - Rodrigo Teixeira - TPS 2023.1,1734,IMAGEM 522,verso,TEXTO,sim,absorver no 📖 e cortar," This image displays the basic structure of Brazil's Balance of Payments (BP) according to BPM 6, showing Group I (Current Transactions) as the sum of four components: trade in goods, services, primary income, and second",,
caderno2 (md),09 — ☑️ Intensivo - Rodrigo Teixeira - TPS 2023.1,1735,IMAGEM 522,verso,TEXTO,sim,absorver no 📖 e cortar," This image displays the basic structure of Brazil's Balance of Payments (BP) according to BPM 6, showing Group I (Current Transactions) as the sum of four components: trade in goods, services, primary income, and second",,
caderno2 (md),09 — ☑️ Intensivo - Rodrigo Teixeira - TPS 2023.1,1738,IMAGEM 523,verso,GRÁFICO,sim,redesenho didático se passar no teste do quadro-negro; senão cortar," This graph illustrates how expected inflation shifts the short-run Phillips curve: starting at point A with low inflation and natural unemployment, an expansionary monetary policy moves the economy to point B, lowering ",,
caderno2 (md),09 — ☑️ Intensivo - Rodrigo Teixeira - TPS 2023.1,1739,IMAGEM 523,verso,GRÁFICO,sim,redesenho didático se passar no teste do quadro-negro; senão cortar," This graph illustrates how expected inflation shifts the short-run Phillips curve: starting at point A with low inflation and natural unemployment, an expansionary monetary policy moves the economy to point B, lowering ",,
caderno2 (md),09 — ☑️ Intensivo - Rodrigo Teixeira - TPS 2023.1,1759,IMAGEM 524,verso,GRÁFICO,sim,redesenho didático se passar no teste do quadro-negro; senão cortar," This graph illustrates the price regulation of a natural monopoly, showing that at price Pc, the firm incurs a loss and would shut down, while price Pr allows for the maximum sustainable production with zero excess prof",,
caderno2 (md),09 — ☑️ Intensivo - Rodrigo Teixeira - TPS 2023.1,1761,IMAGEM 525,verso,GRÁFICO,sim,redesenho didático se passar no teste do quadro-negro; senão cortar," This graph illustrates a Pigouvian subsidy for education, where a government subsidy lowers the private cost to align production with the socially optimal level. ",,
caderno2 (md),09 — ☑️ Intensivo - Rodrigo Teixeira - TPS 2023.1,1763,IMAGEM 526,verso,GRÁFICO,sim,redesenho didático se passar no teste do quadro-negro; senão cortar," This graph illustrates the effects of a tariff on steel, showing that imposing a tariff raises the price from the world price to a higher level, reducing imports from Q₁ to Q₂ and increasing domestic supply. ",,
caderno2 (md),09 — ☑️ Intensivo - Rodrigo Teixeira - TPS 2023.1,1764,IMAGEM 527,verso,GRÁFICO,sim,redesenho didático se passar no teste do quadro-negro; senão cortar," This graph illustrates the effect of an export subsidy, showing a downward-sloping demand curve (D) and an upward-sloping supply curve (O) intersecting at a world price. ",,
caderno2 (md),09 — ☑️ Intensivo - Rodrigo Teixeira - TPS 2023.1,1764,IMAGEM 528,verso,GRÁFICO,sim,redesenho didático se passar no teste do quadro-negro; senão cortar," This graph illustrates the effect of a subsidy on the production of an exported good, showing a supply shift from O to O’ while demand (D) remains constant. ",,
caderno2 (md),09 — ☑️ Intensivo - Rodrigo Teixeira - TPS 2023.1,1766,IMAGEM 529,verso,TEXTO,sim,absorver no 📖 e cortar," The image explains the “Curva J” and Marshall-Lerner condition in economics, noting that a currency devaluation can initially worsen the trade balance due to delayed volume adjustments, while import values rise immediat",,
caderno2 (md),09 — ☑️ Intensivo - Rodrigo Teixeira - TPS 2023.1,1766,IMAGEM 530,verso,GRÁFICO,sim,redesenho didático se passar no teste do quadro-negro; senão cortar," The image illustrates the ""J-curve"" effect of currency depreciation on trade surplus, showing a trade surplus that initially worsens (becomes more negative) before improving over time. ",,
caderno2 (md),09 — ☑️ Intensivo - Rodrigo Teixeira - TPS 2023.1,1767,IMAGEM 531,verso,TEXTO,sim,absorver no 📖 e cortar," The image explains the “parity of purchasing power” under the “law of one price,” showing that the real exchange rate e equals 1 when E.P* = P, meaning domestic and foreign prices are equal. ",,
caderno2 (md),09 — ☑️ Intensivo - Rodrigo Teixeira - TPS 2023.1,1768,IMAGEM 532,verso,TEXTO,sim,absorver no 📖 e cortar," The image explains the short-term exchange rate determination using two interest rate parities: the uncovered rate, where the domestic interest rate equals the international rate, and the covered rate, which adds a curr",,
caderno2 (md),09 — ☑️ Intensivo - Rodrigo Teixeira - TPS 2023.1,1768,IMAGEM 533,verso,TEXTO,sim,absorver no 📖 e cortar," The image explains the short-term determination of exchange rates in Portuguese, showing that if the domestic interest rate (i) is higher than the adjusted rate (i* + Ŋe + PR), it leads to capital inflows and currency a",,
caderno2 (md),09 — ☑️ Intensivo - Rodrigo Teixeira - TPS 2023.1,1770,IMAGEM 534,verso,GRÁFICO,sim,redesenho didático se passar no teste do quadro-negro; senão cortar," The graph illustrates how an increase in foreign interest rates or currency risk leads to capital flight, shifting the BP curve upward and reducing the money supply, which shifts the LM curve leftward from LM to LM1, ra",,
caderno2 (md),09 — ☑️ Intensivo - Rodrigo Teixeira - TPS 2023.1,1770,IMAGEM 535,verso,GRÁFICO,sim,redesenho didático se passar no teste do quadro-negro; senão cortar," The graph illustrates a flexible exchange rate model where an increase in risk triggers capital flight, shifting the BP curve upward from BP=0 to BP₁=0, leading to currency depreciation and a shift in the IS curve to IS",,
caderno2 (md),09 — ☑️ Intensivo - Rodrigo Teixeira - TPS 2023.1,1771,IMAGEM 536,verso,DIAGRAMA,sim,redesenho didático se passar no teste do quadro-negro; senão cortar," The image displays three economic diagrams illustrating the effects of expansionary fiscal policy under a fixed exchange rate regime with perfect capital mobility, showing that fiscal policy only has a multiplier effect",,
caderno2 (md),09 — ☑️ Intensivo - Rodrigo Teixeira - TPS 2023.1,1773,IMAGEM 537,verso,GRÁFICO,sim,redesenho didático se passar no teste do quadro-negro; senão cortar," The graph illustrates fiscal policy under a fixed exchange rate, showing an expansion in aggregate demand from IS to IS₁, which raises output from Y₀ to Y₂ and interest rates from i₀ to i₁. ",,
caderno2 (md),09 — ☑️ Intensivo - Rodrigo Teixeira - TPS 2023.1,1773,IMAGEM 538,verso,GRÁFICO,sim,redesenho didático se passar no teste do quadro-negro; senão cortar," This graph illustrates fiscal policy under a fixed exchange rate, showing how an expansionary fiscal policy shifts the IS curve to IS1, increasing output from Y0 to Y2 and raising interest rates from i0 to i2. ",,
caderno2 (md),09 — ☑️ Intensivo - Rodrigo Teixeira - TPS 2023.1,1779,IMAGEM 539,verso,TEXTO,sim,absorver no 📖 e cortar," The image displays a black background with white text in Portuguese, explaining a microeconomic concept about perfect substitutes and consumer choice, noting that a statement is incorrect because it ignores the case whe",,
caderno2 (md),09 — ☑️ Intensivo - Rodrigo Teixeira - TPS 2023.1,1779,IMAGEM 540,verso,GRÁFICO,sim,redesenho didático se passar no teste do quadro-negro; senão cortar," This image explains consumer optimization with perfect substitutes, noting that straight indifference curves lead to a corner solution where the consumer chooses only the good with the higher utility-to-price ratio. ",,
caderno2 (md),09 — ☑️ Intensivo - Rodrigo Teixeira - TPS 2023.1,1780,IMAGEM 541,verso,GRÁFICO,sim,redesenho didático se passar no teste do quadro-negro; senão cortar, This image displays two Engel curves illustrating the relationship between income (Renda) and the quantity demanded (Qx or Qy) of different goods. ,,
caderno2 (md),09 — ☑️ Intensivo - Rodrigo Teixeira - TPS 2023.1,1780,IMAGEM 542,verso,GRÁFICO,sim,redesenho didático se passar no teste do quadro-negro; senão cortar," This graph illustrates Engel curves for inferior goods, showing the inverse relationship between income (Renda) and the quantity demanded (Qx) of such a good. ",,
caderno2 (md),09 — ☑️ Intensivo - Rodrigo Teixeira - TPS 2023.1,1781,IMAGEM 543,verso,DIAGRAMA,sim,redesenho didático se passar no teste do quadro-negro; senão cortar," This diagram illustrates the Hicksian substitution and income effects for inferior goods, showing how a price reduction (p₁) shifts the budget constraint from the original red line to a new position, with the substituti",,
caderno3 (md),02 — 🤪 TPS Economia 01 - Nidi/Jacqueline Bueno,65,IMAGEM 1,verso,TEXTO,sim,absorver no 📖 e cortar, Quadro 8.1 — Resumo: papel-moeda e meios de pagamento Papel-moeda emitido = total de moeda (metálica ou não) emitida com autorização do BC. Papel-moeda em poder do público = papel-moeda emitido menos o CMSDM. Meios de p,,
caderno3 (md),02 — 🤪 TPS Economia 01 - Nidi/Jacqueline Bueno,66,IMAGEM 2,verso,DIAGRAMA,sim,redesenho didático se passar no teste do quadro-negro; senão cortar, Descrição visual para reconstrução: Diagrama de composição monetária. Blocos conectados mostram depósitos à vista (moeda escritural) e papel-moeda em poder do público (moeda corrente) formando os meios de pagamento; à d,,
caderno3 (md),02 — 🤪 TPS Economia 01 - Nidi/Jacqueline Bueno,67,IMAGEM 3,verso,TABELA,sim,absorver no 📖 (lista ou tabela ≥ 3 colunas), +tBA A A ATIVO PASSIVO MONETÁRIO H — Reservas internacionais M-Ba: tária (PME + DEP) (PME CMSDM) Banco Central toma para si os título 1. PMPP spur 2. Encaixes totais dos bancos comerciais forma de liquidez a) Em moeda c,,
caderno3 (md),02 — 🤪 TPS Economia 01 - Nidi/Jacqueline Bueno,67,IMAGEM 4,verso,TEXTO,sim,absorver no 📖 e cortar, [ilegível] ,,
caderno3 (md),02 — 🤪 TPS Economia 01 - Nidi/Jacqueline Bueno,68,IMAGEM 5,verso,TEXTO,sim,absorver no 📖 e cortar, [ilegível] ,,
caderno3 (md),02 — 🤪 TPS Economia 01 - Nidi/Jacqueline Bueno,69,IMAGEM 6,verso,TABELA,sim,absorver no 📖 (lista ou tabela ≥ 3 colunas), ae a Bens de Clube Uso e Exclusivo? Recursos Bens Comuns Públicos ,,
caderno3 (md),02 — 🤪 TPS Economia 01 - Nidi/Jacqueline Bueno,69,IMAGEM 7,verso,TEXTO,sim,absorver no 📖 e cortar, [ilegível] ,,
caderno3 (md),02 — 🤪 TPS Economia 01 - Nidi/Jacqueline Bueno,69,IMAGEM 8,verso,TEXTO,sim,absorver no 📖 e cortar, [ilegível] ,,
caderno3 (md),02 — 🤪 TPS Economia 01 - Nidi/Jacqueline Bueno,69,IMAGEM 9,verso,TEXTO,sim,absorver no 📖 e cortar, [ilegível] ,,
caderno3 (md),02 — 🤪 TPS Economia 01 - Nidi/Jacqueline Bueno,69,IMAGEM 10,verso,TEXTO,sim,absorver no 📖 e cortar, [ilegível] ,,
caderno3 (md),02 — 🤪 TPS Economia 01 - Nidi/Jacqueline Bueno,69,IMAGEM 11,verso,TEXTO,sim,absorver no 📖 e cortar, [ilegível] ,,
caderno3 (md),02 — 🤪 TPS Economia 01 - Nidi/Jacqueline Bueno,69,IMAGEM 12,verso,TEXTO,sim,absorver no 📖 e cortar, [ilegível] ,,
caderno3 (md),02 — 🤪 TPS Economia 01 - Nidi/Jacqueline Bueno,70,IMAGEM 13,verso,TEXTO,sim,absorver no 📖 e cortar, [ilegível] ,,
caderno3 (md),02 — 🤪 TPS Economia 01 - Nidi/Jacqueline Bueno,70,IMAGEM 14,verso,GRÁFICO,sim,redesenho didático se passar no teste do quadro-negro; senão cortar," Descrição visual para reconstrução: Dois painéis comparativos. Em ambos, o eixo vertical representa custo marginal/taxa e o eixo horizontal quantidade/quota. Há duas curvas de custo marginal (CmgR1 e CmgR2), com níveis ",,
caderno3 (md),02 — 🤪 TPS Economia 01 - Nidi/Jacqueline Bueno,71,IMAGEM 15,verso,TABELA,sim,absorver no 📖 (lista ou tabela ≥ 3 colunas), a TR] Bens de Clube Uso e Exclusivo? Recursos Bens Comuns Públicos ,,
caderno3 (md),02 — 🤪 TPS Economia 01 - Nidi/Jacqueline Bueno,71,IMAGEM 16,verso,TEXTO,sim,absorver no 📖 e cortar, [ilegível] ,,
caderno3 (md),02 — 🤪 TPS Economia 01 - Nidi/Jacqueline Bueno,71,IMAGEM 17,verso,TEXTO,sim,absorver no 📖 e cortar, [ilegível] ,,
caderno3 (md),02 — 🤪 TPS Economia 01 - Nidi/Jacqueline Bueno,71,IMAGEM 18,verso,TEXTO,sim,absorver no 📖 e cortar, [ilegível] ,,
caderno3 (md),02 — 🤪 TPS Economia 01 - Nidi/Jacqueline Bueno,72,IMAGEM 19,verso,TEXTO,sim,absorver no 📖 e cortar, Indicadores de fluxo Entradas e saídas do período + Receitas Correntes +100 Podem ser positivos (superávit) ou negativos (déficit) -50 - Despesas Correntes Também chamado acima da linha —— > = Resultado Primário +50 + R,,
caderno3 (md),02 — 🤪 TPS Economia 01 - Nidi/Jacqueline Bueno,72,IMAGEM 20,verso,TEXTO,sim,absorver no 📖 e cortar, Indicadores de fluxo Entradas e saídas do período + Receitas Correntes +100 Podem ser positivos (superávit) ou negativos (déficit) -50 - Despesas Correntes Também chamado acima da linha —— > = Resultado Primário +50 + R,,
caderno3 (md),02 — 🤪 TPS Economia 01 - Nidi/Jacqueline Bueno,74,IMAGEM 21,verso,TEXTO,sim,absorver no 📖 e cortar, [ilegível] ,,
caderno3 (md),02 — 🤪 TPS Economia 01 - Nidi/Jacqueline Bueno,74,IMAGEM 22,verso,TEXTO,sim,absorver no 📖 e cortar, [ilegível] ,,
caderno3 (md),02 — 🤪 TPS Economia 01 - Nidi/Jacqueline Bueno,74,IMAGEM 23,verso,TEXTO,sim,absorver no 📖 e cortar, [ilegível] ,,
caderno3 (md),02 — 🤪 TPS Economia 01 - Nidi/Jacqueline Bueno,74,IMAGEM 24,verso,TEXTO,sim,absorver no 📖 e cortar, [ilegível] ,,
caderno3 (md),02 — 🤪 TPS Economia 01 - Nidi/Jacqueline Bueno,74,IMAGEM 25,verso,TEXTO,sim,absorver no 📖 e cortar, [ilegível] ,,
caderno3 (md),02 — 🤪 TPS Economia 01 - Nidi/Jacqueline Bueno,76,IMAGEM 26,verso,TEXTO,sim,absorver no 📖 e cortar," B > A, Bé uma cesta melhor, provavelmente Nesse caso A e B também deveriam ser iguais mais cheia que A C = B são cestas semelhantes, produzem níveis de bem-estar semelhantes A = C também são semelhantes, também produzem",,
caderno3 (md),02 — 🤪 TPS Economia 01 - Nidi/Jacqueline Bueno,76,IMAGEM 27,verso,TEXTO,sim,absorver no 📖 e cortar, Axioma da Transitividade sorvete (bolo > sorvete) O ordenamento das preferências é lógico e racional Se o consumidor prefere bolo em relação à chocolate (bolo > chocolate) Se o consumidor prefere chocolate em relação so,,
caderno3 (md),02 — 🤪 TPS Economia 01 - Nidi/Jacqueline Bueno,76,IMAGEM 28,verso,TEXTO,sim,absorver no 📖 e cortar, Axioma da Dominância (monotonicidade ou não-saciedade) Quanto mais melhor Os consumidores sempre preferem quantidades maiores de qualquer bem Cestas mais cheias são sempre preferíveis às cestas mais vazias ,,
caderno3 (md),02 — 🤪 TPS Economia 01 - Nidi/Jacqueline Bueno,76,IMAGEM 29,verso,TEXTO,sim,absorver no 📖 e cortar, Premissas básicas sobre preferências* Integralidade (plenitude ou completude) Preferências são completas Consumidores podem comparar e ordenar todas as cestas Isso é possível porque possui todas as informações sobre as ,,
caderno3 (md),02 — 🤪 TPS Economia 01 - Nidi/Jacqueline Bueno,76,IMAGEM 30,verso,TEXTO,sim,absorver no 📖 e cortar, Outras premissas sobre preferências* Seleção O consumidor busca sempre seu estado de maior bem-estar Ele gasta portanto toda sua renda disponível Não há poupança ma * Continuidade Cestas diferentes podem gerar o mesmo n,,
caderno3 (md),02 — 🤪 TPS Economia 01 - Nidi/Jacqueline Bueno,76,IMAGEM 31,verso,TEXTO,sim,absorver no 📖 e cortar, [ilegível] ,,
caderno3 (md),02 — 🤪 TPS Economia 01 - Nidi/Jacqueline Bueno,77,IMAGEM 32,verso,GRÁFICO,sim,redesenho didático se passar no teste do quadro-negro; senão cortar, Descrição visual para reconstrução: Gráfico de escolha do consumidor. Eixo vertical: quantidade do bem normal; eixo horizontal: quantidade do bem de Giffen. Várias retas orçamentárias descendentes e aproximadamente para,,
caderno3 (md),02 — 🤪 TPS Economia 01 - Nidi/Jacqueline Bueno,77,IMAGEM 33,verso,TEXTO,sim,absorver no 📖 e cortar, [ilegível] ,,
caderno3 (md),02 — 🤪 TPS Economia 01 - Nidi/Jacqueline Bueno,77,IMAGEM 34,verso,TEXTO,sim,absorver no 📖 e cortar, [ilegível] ,,
caderno3 (md),02 — 🤪 TPS Economia 01 - Nidi/Jacqueline Bueno,78,IMAGEM 35,verso,GRÁFICO,sim,redesenho didático se passar no teste do quadro-negro; senão cortar," Descrição visual para reconstrução: Gráfico de bens substitutos perfeitos: eixo vertical quantidade de um bem e eixo horizontal quantidade do outro; várias curvas/linhas de indiferença retas, paralelas e negativamente i",,
caderno3 (md),02 — 🤪 TPS Economia 01 - Nidi/Jacqueline Bueno,78,IMAGEM 36,verso,TEXTO,sim,absorver no 📖 e cortar, [ilegível] ,,
caderno3 (md),02 — 🤪 TPS Economia 01 - Nidi/Jacqueline Bueno,78,IMAGEM 37,verso,TEXTO,sim,absorver no 📖 e cortar, [ilegível] ,,
caderno3 (md),02 — 🤪 TPS Economia 01 - Nidi/Jacqueline Bueno,82,IMAGEM 38,verso,TEXTO,sim,absorver no 📖 e cortar, [ilegível] ,,
caderno3 (md),02 — 🤪 TPS Economia 01 - Nidi/Jacqueline Bueno,83,IMAGEM 39,verso,TEXTO,sim,absorver no 📖 e cortar, [ilegível] ,,
caderno3 (md),02 — 🤪 TPS Economia 01 - Nidi/Jacqueline Bueno,83,IMAGEM 40,verso,TEXTO,sim,absorver no 📖 e cortar, [ilegível] ,,
caderno3 (md),02 — 🤪 TPS Economia 01 - Nidi/Jacqueline Bueno,84,IMAGEM 41,verso,TEXTO,sim,absorver no 📖 e cortar, [ilegível] ,,
caderno3 (md),02 — 🤪 TPS Economia 01 - Nidi/Jacqueline Bueno,84,IMAGEM 41,verso,TEXTO,sim,absorver no 📖 e cortar, [ilegível] ,,
caderno3 (md),02 — 🤪 TPS Economia 01 - Nidi/Jacqueline Bueno,84,IMAGEM 42,verso,TEXTO,sim,absorver no 📖 e cortar, [ilegível] ,,
caderno3 (md),02 — 🤪 TPS Economia 01 - Nidi/Jacqueline Bueno,85,IMAGEM 43,verso,TEXTO,sim,absorver no 📖 e cortar, Conceito Com Livre Comércio Em Autarquia FPP Define o limite do que se Permanece a mesma (a capacidade física não muda no (Produção) pode criar. curto prazo). FPC Coincide exatamente com a Gira para fora (expande-se) a ,,
caderno3 (md),02 — 🤪 TPS Economia 01 - Nidi/Jacqueline Bueno,85,IMAGEM 44,verso,TEXTO,sim,absorver no 📖 e cortar, [ilegível] ,,
caderno3 (md),02 — 🤪 TPS Economia 01 - Nidi/Jacqueline Bueno,85,IMAGEM 44,verso,TEXTO,sim,absorver no 📖 e cortar, [ilegível] ,,
caderno3 (md),02 — 🤪 TPS Economia 01 - Nidi/Jacqueline Bueno,85,IMAGEM 44,verso,TEXTO,sim,absorver no 📖 e cortar, [ilegível] ,,
caderno3 (md),02 — 🤪 TPS Economia 01 - Nidi/Jacqueline Bueno,87,IMAGEM 45,verso,TABELA,sim,absorver no 📖 (lista ou tabela ≥ 3 colunas), Período Características e Contexto Marco/Regime Cambial Predominantemente Câmbio Houve períodos de Padrão-Ouro (1906-1914 e 1927-1930) com o objetivo de conter a Até Flutuante / Padrão-Ouro (em apreciação da moeda e gar,,
caderno3 (md),02 — 🤪 TPS Economia 01 - Nidi/Jacqueline Bueno,87,IMAGEM 46,verso,TABELA,sim,absorver no 📖 (lista ou tabela ≥ 3 colunas), Sistema Característica 1889-1930 Flutuante/Padrao-ouro Instabilidade 1930-1953 Controles/Taxa oficial Restrição 1953-1961 Taxas múltiplas Leilões 1961-1968 Maxidesvalorizações Ajustes grandes e espaçados 1968-1979 Minid,,
caderno3 (md),02 — 🤪 TPS Economia 01 - Nidi/Jacqueline Bueno,88,IMAGEM 47,verso,TEXTO,sim,absorver no 📖 e cortar," Até 1966, a principal fonte de receita estadual, o imposto sobre vendas e consignações (transformado, pela reforma, em ICM, com maior grau de coordenação interestadual), incidia em cascata Com a nova legislação, diverso",,
caderno3 (md),02 — 🤪 TPS Economia 01 - Nidi/Jacqueline Bueno,89,IMAGEM 48,verso,TEXTO,sim,absorver no 📖 e cortar," [237 \| 238 \| HEB ITEM COM RECURSO [37 63 do 69 E c c Houve de fato um aumento absoluto (nominal) dos rendimentos em todas as faixas de renda durante o Milagre, que era dissolvido em termos reais pela inflação, o que c",,
caderno3 (md),03 — 🤪 TPS Economia 02 - Nidi/Jacqueline Bueno,97,IMAGEM 49,verso,TEXTO,sim,absorver no 📖 e cortar," Seção 3 capítulo 5 — A Ordem do Progresso — Estado Novo e a economia de Guerra 1937-1945 Missão Aranha 1939 - Abandonam-se estratégias de curto prazo, adotam-se soluções desenvolvimentistas de longo prazo, alinhadas aos",,
caderno3 (md),03 — 🤪 TPS Economia 02 - Nidi/Jacqueline Bueno,97,IMAGEM 50,verso,TEXTO,sim,absorver no 📖 e cortar, Ponto Analisado O que diz a assertiva Realidade Histórica (Correto) (Errado) Exportação de Reduziu-se ainda mais. Aumentou significativamente (chegando a Manufaturados ~20% da pauta). Motivo Integração com os EUA. Ocupa,,
caderno3 (md),03 — 🤪 TPS Economia 02 - Nidi/Jacqueline Bueno,98,IMAGEM 51,verso,TEXTO,sim,absorver no 📖 e cortar," BNDE (criado em 1952) A criação do BNDE foi justificada para a realização majoritariamente de projetos de infraestrutura, não só industriais NOTA: Os recursos do BM e do Eximbank recebidos foram muito inferiores ao prev",,
caderno3 (md),03 — 🤪 TPS Economia 02 - Nidi/Jacqueline Bueno,99,IMAGEM 52,verso,TEXTO,sim,absorver no 📖 e cortar," Com a liberalização financeira dos anos 1990, bancos e empresas brasileiras passaram a acessar diretamente o mercado internacional, emitindo bônus e outros títulos de dívida nos mercados de capitais internacionais Isso ",,
caderno3 (md),03 — 🤪 TPS Economia 02 - Nidi/Jacqueline Bueno,100,IMAGEM 53,verso,TABELA,sim,absorver no 📖 (lista ou tabela ≥ 3 colunas), Refinanciamento 1982-84 Aspecto Funding Loan 1898 Funding Loan 1914 Casa Rothschild Casa Rothschild Negociador principal FMI + bancos privados Valor £10 milhões £15 milhões US$ bilhões Nenhuma Instituições multilaterais,,
caderno3 (md),03 — 🤪 TPS Economia 02 - Nidi/Jacqueline Bueno,100,IMAGEM 54,verso,TEXTO,sim,absorver no 📖 e cortar," O Funding Loan de 1898 foi resultado da crise fiscal e cambial do governo da Primeira República Sua negociação se deu diretamente com banqueiros estrangeiros, em especial a Casa Rothschild Nos anos 1980, o Brasil negoci",,
caderno3 (md),03 — 🤪 TPS Economia 02 - Nidi/Jacqueline Bueno,100,IMAGEM 55,verso,TEXTO,sim,absorver no 📖 e cortar, Comparativo dos Funding Loans Brasileiros Característica Funding Loan de 1898 Funding Loan de 1914 Funding Loan de 1931 Governo / Campos Sales Wenceslau Brás (logo no Getúlio Vargas (Governo início da \| Guerra Mundial),,
caderno3 (md),03 — 🤪 TPS Economia 02 - Nidi/Jacqueline Bueno,100,IMAGEM 56,verso,TEXTO,sim,absorver no 📖 e cortar," Tabela comparativa dos Funding Loans Aspecto 1º Funding Loan (1898) 2º Funding Loan (1914) 3° Funding Loan (1931) Ano / Governo 1898, início do governo Campos Sales (1898-1902). 1914, fim do governo Hermes da Fonseca / ",,
caderno3 (md),03 — 🤪 TPS Economia 02 - Nidi/Jacqueline Bueno,100,IMAGEM 57,verso,TABELA,sim,absorver no 📖 (lista ou tabela ≥ 3 colunas)," Tabela Comparativa dos Funding Loans Brasileiros Aspecto 1º Funding Loan (1898) 2º Funding Loan (1914) 3º Funding Loan (1931) Crise financeira resultante do Encilhamento, inflação, Eclosão da Primeira Crise de 1929 caus",,
caderno3 (md),03 — 🤪 TPS Economia 02 - Nidi/Jacqueline Bueno,100,IMAGEM 58,verso,TABELA,sim,absorver no 📖 (lista ou tabela ≥ 3 colunas), Tabela Comparativa dos Funding Loans Brasileiros Característica 1º Funding Loan (1898) 2º Funding Loan (1914) 3º Funding Loan (1931) Ocorreu no governo de Wenceslau Negociado pelo presidente eleito. Realizado durante o ,,
caderno3 (md),03 — 🤪 TPS Economia 02 - Nidi/Jacqueline Bueno,100,IMAGEM 53,verso,TABELA,sim,absorver no 📖 (lista ou tabela ≥ 3 colunas), Refinanciamento 1982-84 Aspecto Funding Loan 1898 Funding Loan 1914 Casa Rothschild Casa Rothschild Negociador principal FMI + bancos privados Valor £10 milhões £15 milhões US$ bilhões Nenhuma Instituições multilaterais,,
caderno3 (md),03 — 🤪 TPS Economia 02 - Nidi/Jacqueline Bueno,101,IMAGEM 59,verso,TEXTO,sim,absorver no 📖 e cortar, As companhias brasileiras foram autorizadas a negociar suas ações no exterior via Recibos de Depósitos a partir de 1992 Anexo V à Resolução 1.289 do Banco Central do Brasil O primeiro programa aprovado foi um American D,,
caderno3 (md),03 — 🤪 TPS Economia 02 - Nidi/Jacqueline Bueno,102,IMAGEM 60,verso,TEXTO,sim,absorver no 📖 e cortar," Se você quer consumir um refrigerante do tipo cola, uma coca-cola, e chegando ao mercado você percebe que a marca que queria não está em estoque Primeiro você procura em outras marcas ou até outros refrigerantes antes d",,
caderno3 (md),03 — 🤪 TPS Economia 02 - Nidi/Jacqueline Bueno,102,IMAGEM 61,verso,GRÁFICO,sim,redesenho didático se passar no teste do quadro-negro; senão cortar," Descrição visual para reconstrução: Três gráficos lado a lado comparando Monopólio, Concorrência Imperfeita e Concorrência Perfeita. Eixo vertical P e horizontal q. Nos dois primeiros, demanda/RMe é descendente, RMg é m",,
caderno3 (md),03 — 🤪 TPS Economia 02 - Nidi/Jacqueline Bueno,102,IMAGEM 62,verso,TABELA,sim,absorver no 📖 (lista ou tabela ≥ 3 colunas), Síntese: A Progressão da Elasticidade Estrutura Inclinação da Demanda Individual Elasticidade Razão Monopólio Igual à do mercado Menor Sem substitutos Conc. Imperfeita Mais horizontal que mercado Intermediária Substitut,,
caderno3 (md),03 — 🤪 TPS Economia 02 - Nidi/Jacqueline Bueno,102,IMAGEM 63,verso,FÓRMULA,sim,transcrever como texto no 📖, les] > lem\| ,,
caderno3 (md),03 — 🤪 TPS Economia 02 - Nidi/Jacqueline Bueno,102,IMAGEM 64,verso,TABELA,sim,absorver no 📖 (lista ou tabela ≥ 3 colunas), Estrutura de Mercado Demanda de Mercado Demanda da Firma Coincidem (firma = Monopólio Coincidem mercado) Elasticidade maior (depende da reação dos Oligopólio Elasticidade moderada rivais) Concorrência Elasticidade moder,,
caderno3 (md),03 — 🤪 TPS Economia 02 - Nidi/Jacqueline Bueno,102,IMAGEM 65,verso,FÓRMULA,sim,transcrever como texto no 📖, empresa] > \|€mercado\| ,,
caderno3 (md),03 — 🤪 TPS Economia 02 - Nidi/Jacqueline Bueno,103,IMAGEM 66,verso,TEXTO,sim,absorver no 📖 e cortar," 221 Quando uma nova empresa entra em um mercado monopolisticamente competitivo buscando lucros positivos, a curva de demanda para cada uma das empresas estabelecidas se desloca para dentro, reduzindo o preço e a quantid",,
caderno3 (md),03 — 🤪 TPS Economia 02 - Nidi/Jacqueline Bueno,103,IMAGEM 67,verso,GRÁFICO,sim,redesenho didático se passar no teste do quadro-negro; senão cortar, Descrição visual para reconstrução: Gráficos de concorrência monopolística no curto/longo prazo. Eixo vertical preço/custo e horizontal quantidade. Curvas de demanda e receita marginal são descendentes; CMg é crescente ,,
caderno3 (md),03 — 🤪 TPS Economia 02 - Nidi/Jacqueline Bueno,103,IMAGEM 68,verso,GRÁFICO,sim,redesenho didático se passar no teste do quadro-negro; senão cortar, Descrição visual para reconstrução: Gráficos de concorrência monopolística no curto/longo prazo. Eixo vertical preço/custo e horizontal quantidade. Curvas de demanda e receita marginal são descendentes; CMg é crescente ,,
caderno3 (md),03 — 🤪 TPS Economia 02 - Nidi/Jacqueline Bueno,103,IMAGEM 69,verso,TEXTO,sim,absorver no 📖 e cortar, Fator Efeito da Entrada de Nova Empresa Curva de Demanda da Firma Estabelecida Desloca-se para a esquerda (diminui). Elasticidade da Demanda Aumenta (torna-se mais elástica/plana). Quantidade Vendida (Firma Estabelecida,,
caderno3 (md),03 — 🤪 TPS Economia 02 - Nidi/Jacqueline Bueno,104,IMAGEM 70,verso,TEXTO,sim,absorver no 📖 e cortar, Modelo da empresa dominante (p.472) Outros casos de oligopólio fora do tradicional Modelo da demanda quebrada — rigidez de preços Sinalização de preços e liderança Cartel ,,
caderno3 (md),03 — 🤪 TPS Economia 02 - Nidi/Jacqueline Bueno,104,IMAGEM 71,verso,FÓRMULA,sim,transcrever como texto no 📖, Destas = Dercrente — 8 franja ,,
caderno3 (md),03 — 🤪 TPS Economia 02 - Nidi/Jacqueline Bueno,104,IMAGEM 72,verso,FÓRMULA,sim,transcrever como texto no 📖, Quotal = Qlider + Oregons ,,
caderno3 (md),03 — 🤪 TPS Economia 02 - Nidi/Jacqueline Bueno,104,IMAGEM 73,verso,TEXTO,sim,absorver no 📖 e cortar, Modelo Variável de Tipo de Características Principais Resultado (Preço e Decisão Interação Qtd) Cournot Quantidade Simultânea As empresas decidem P e Q intermediários quanto produzir sem saber entre Monopólio e a decisã,,
caderno3 (md),03 — 🤪 TPS Economia 02 - Nidi/Jacqueline Bueno,104,IMAGEM 74,verso,TABELA,sim,absorver no 📖 (lista ou tabela ≥ 3 colunas), Comparação dos Modelos de Oligopólio Liderança Característica ‘Cournot Bertrand \| Stackelberg Cartel dePreço Variável Quantidade Preço Quantidade PreçolQuantidade estratégica Sequência de Simultânea Simultânea Sequenci,,
caderno3 (md),03 — 🤪 TPS Economia 02 - Nidi/Jacqueline Bueno,104,IMAGEM 75,verso,TEXTO,sim,absorver no 📖 e cortar, Tabela comparativa dos modelos de oligopólio Variável estratégica Resultado ico Modelo principal Natureza da interação Hipóteses centrais (preço/quantidade) Observações / exemplos. Cartel / conluio Quantidade ou preço C,,
caderno3 (md),03 — 🤪 TPS Economia 02 - Nidi/Jacqueline Bueno,105,IMAGEM 76,verso,TEXTO,sim,absorver no 📖 e cortar, p.473 seção 12.6 ,,
caderno3 (md),03 — 🤪 TPS Economia 02 - Nidi/Jacqueline Bueno,106,IMAGEM 77,verso,GRÁFICO,sim,redesenho didático se passar no teste do quadro-negro; senão cortar, Descrição visual para reconstrução: Fronteira de possibilidades de produção: eixo vertical 'Product A' e eixo horizontal 'Product B'. A fronteira é uma curva tracejada abaulada para fora ligando os interceptos dos eixos,,
caderno3 (md),03 — 🤪 TPS Economia 02 - Nidi/Jacqueline Bueno,106,IMAGEM 78,verso,TEXTO,sim,absorver no 📖 e cortar," Modelo / Teoria Autor Causa do Previsão / Conclusão Foco Principal Principal Comércio Mercantilismo Vários Acúmulo de Poder estatal e O comércio é um jogo de (séc. XVI-XVIII) (Colbert, metais protecionismo. soma zero (u",,
caderno3 (md),03 — 🤪 TPS Economia 02 - Nidi/Jacqueline Bueno,106,IMAGEM 79,verso,TEXTO,sim,absorver no 📖 e cortar, Base Teórica Pressupostos Implicações (o) Modelo Autor/Origem Principal Chave Principais Limitações Adam Smith Eficiência Países se Vantagem Livre comércio; Não explica comérc Absoluta absoluta em divisão do (1776) espe,,
caderno3 (md),03 — 🤪 TPS Economia 02 - Nidi/Jacqueline Bueno,106,IMAGEM 80,verso,TABELA,sim,absorver no 📖 (lista ou tabela ≥ 3 colunas), País Vinho (garrafas) Tecido (metros) Inglaterra 10 Portugal 12 ,,
caderno3 (md),03 — 🤪 TPS Economia 02 - Nidi/Jacqueline Bueno,106,IMAGEM 81,verso,TEXTO,sim,absorver no 📖 e cortar, internacional 5. Tabela comparativa — principais modelos de comé: Segue uma tabel resumo para você usar como flashcard mental comércio Fonte da vantagem / motivo do Estrutura básica Eitos distributivos internos Modelo /,,
caderno3 (md),03 — 🤪 TPS Economia 02 - Nidi/Jacqueline Bueno,106,IMAGEM 82,verso,TABELA,sim,absorver no 📖 (lista ou tabela ≥ 3 colunas), Comparação dos Principais Modelos de Comércio Internacional Modelo de Modelo Heckscher- Modelo Modelo Ricardiano Concorrência Aspecto Ohiin — Monopolistica Década de 1960 em 1817 Décadas de 1920-30 Décadas de 1970-80 El,,
caderno3 (md),03 — 🤪 TPS Economia 02 - Nidi/Jacqueline Bueno,108,IMAGEM 83,verso,FÓRMULA,sim,transcrever como texto no 📖, Pp ,,
caderno3 (md),03 — 🤪 TPS Economia 02 - Nidi/Jacqueline Bueno,108,IMAGEM 84,verso,TEXTO,sim,absorver no 📖 e cortar," Ela diz que a variação percentual da taxa de câmbio (AE) deve ser igual ao diferencial entre a inflação doméstica (7gom) e a inflação externa (Tez): Ta *Tdom— Teat . Se Tom > Text (inflação interna maior que a externa),",,
caderno3 (md),03 — 🤪 TPS Economia 02 - Nidi/Jacqueline Bueno,108,IMAGEM 85,verso,TEXTO,sim,absorver no 📖 e cortar," Suponha: . P = nivel de preços interno (Brasil) + P* = nível de preços externo (EUA) . E = taxa de câmbio nominal (R$/US$), definida como “quantos reais por dólar” A PPC absoluta diz: E= ",,
caderno3 (md),03 — 🤪 TPS Economia 02 - Nidi/Jacqueline Bueno,108,IMAGEM 86,verso,TEXTO,sim,absorver no 📖 e cortar, inflação doméstica inflação externa + AE/E = taxa de depreciação da moeda doméstica (variação percentual do câmbio R$/US$) A PPC relativa diz: AE = 21-1 Ou em palavras: A taxa de depreciação da moeda doméstica é igual (,,
caderno3 (md),03 — 🤪 TPS Economia 02 - Nidi/Jacqueline Bueno,108,IMAGEM 87,verso,FÓRMULA,sim,transcrever como texto no 📖, q=E- P ,,
caderno3 (md),03 — 🤪 TPS Economia 02 - Nidi/Jacqueline Bueno,108,IMAGEM 88,verso,TEXTO,sim,absorver no 📖 e cortar," Suponha: . Inflação no Brasil (7) = 10% ao ano . Inflação nos EUA (7r*) = 2% ao ano . Câmbio atual: Ey = , 00 R$/US$ Pela PPC relativa, a depreciação esperada do real é: = mm nº = 10% — 2% = 8% E Logo, o câmbio “de PPC""",,
caderno3 (md),03 — 🤪 TPS Economia 02 - Nidi/Jacqueline Bueno,108,IMAGEM 89,verso,TEXTO,sim,absorver no 📖 e cortar," Amarrando com a assertiva “Consoante a teoria da paridade do poder de compra, o país cuja taxa de inflação é mais elevada que a que prevalece nas demais nações enfrenta pressões para depreciar a moeda nacional.” Está em",,
caderno3 (md),03 — 🤪 TPS Economia 02 - Nidi/Jacqueline Bueno,109,IMAGEM 90,verso,TEXTO,sim,absorver no 📖 e cortar," Exemplo: Se um país é relativamente mais eficiente na prestação de um serviço, por exemplo, desenvolvimento de software, ele pode se especializar nesse serviço e importar outros, como serviços de tradução ou contabilida",,
caderno3 (md),03 — 🤪 TPS Economia 02 - Nidi/Jacqueline Bueno,109,IMAGEM 91,verso,TEXTO,sim,absorver no 📖 e cortar," De fato o comércio de serviços só se tornou relevante após a segunda guerra mundial E embora o modelo tenha sido formulado com foco na troca de bens tangíveis, especialmente agrícolas e manufaturados O seu princípio cen",,
caderno3 (md),03 — 🤪 TPS Economia 02 - Nidi/Jacqueline Bueno,110,IMAGEM 92,verso,TEXTO,sim,absorver no 📖 e cortar, No longo prazo há um efeito de compensação Imediato: Política protecionista reduz a evasão de moeda forte porque diminuem as importações Valoriza o câmbio nacional Mas também provoca aumento dos preços nacionais Produto,,
caderno3 (md),03 — 🤪 TPS Economia 02 - Nidi/Jacqueline Bueno,110,IMAGEM 93,verso,TEXTO,sim,absorver no 📖 e cortar, No Longo Prazo A melhora do câmbio aumenta o poder de compra dos importadores O efeito de valorização do câmbio pode ocorrer até o nível de anulação do efeito da tarifa E o efeito inflacionário pode ocorrer até desestim,,
caderno3 (md),03 — 🤪 TPS Economia 02 - Nidi/Jacqueline Bueno,110,IMAGEM 94,verso,TEXTO,sim,absorver no 📖 e cortar, 1. Conceitos básicos: taxa de câmbio real e saldo externo Vamos adotar a definição padrão em Economia Internacional: E-P* q= iP E: taxa de câmbio nominal (moeda doméstica por unidade de moeda estrangeira). P*: nível de ,,
caderno3 (md),03 — 🤪 TPS Economia 02 - Nidi/Jacqueline Bueno,111,IMAGEM 95,verso,DIAGRAMA,sim,redesenho didático se passar no teste do quadro-negro; senão cortar," Descrição visual para reconstrução: Diagrama de meios de pagamento: blocos coloridos de papel-moeda em poder do público e depósitos à vista são somados; ao lado aparece caixa em moeda nas sociedades depositárias, separa",,
caderno3 (md),03 — 🤪 TPS Economia 02 - Nidi/Jacqueline Bueno,115,IMAGEM 96,verso,TEXTO,sim,absorver no 📖 e cortar," Característica Milagre Econômico (68-73) II PND (74-79) Cenario Externo Expansão mundial, juros baixos Recessão, crise do petróleo Motor do Bens de consumo duráveis (carros, Bens de capital e insumos básicos Crescimento",,
caderno3 (md),03 — 🤪 TPS Economia 02 - Nidi/Jacqueline Bueno,119,IMAGEM 97,verso,TEXTO,sim,absorver no 📖 e cortar," Parte 1: Análise e Resolução da Assertiva Gabarito: CERTO (C) Para julgar a assertiva, precisamos calcular o volume de importações. O cenário descreve o Brasil como uma ""Pequena Economia Aberta"" (Price Taker), o que sig",,
caderno3 (md),03 — 🤪 TPS Economia 02 - Nidi/Jacqueline Bueno,119,IMAGEM 98,verso,TEXTO,sim,absorver no 📖 e cortar," 1. Por que o Brasil importa 16 milhões de sacas? Temos: e Preço mundial (Pw) da fibra vegetal: 9 dólares por saca e Demanda doméstica: Qp = 40 — 2P * Oferta doméstica: Qs = 3 P Quantidades em milhões de sacas, preço em ",,
caderno3 (md),03 — 🤪 TPS Economia 02 - Nidi/Jacqueline Bueno,119,IMAGEM 99,verso,TEXTO,sim,absorver no 📖 e cortar, d) Intuição econômica 1. Sem comércio (autarquia) Se quiséssemos ver o equilíbrio interno sem comércio: Qn =Qs > 40-2P = 2P 8 40 = 2P + 2p — P>P 40.3 15 . Preço de autarquia: 15 dólares * Quantidade: Q = 3 (15) = 10 mil,,
caderno3 (md),03 — 🤪 TPS Economia 02 - Nidi/Jacqueline Bueno,120,IMAGEM 100,verso,TEXTO,sim,absorver no 📖 e cortar," Análise da Assertiva 238 Dados do Problema * Preço mundial: $9/saca * Demandanacional:Q D=40-2P * Ofertanacional:Q_S = (2/3)P Verificação Passo a Passo 1. Situago com Tarifa de $9 Seo Brasil impõe uma tarifa de $9/saca,",,
caderno3 (md),03 — 🤪 TPS Economia 02 - Nidi/Jacqueline Bueno,120,IMAGEM 101,verso,TEXTO,sim,absorver no 📖 e cortar," Em uma economia fechada, a oferta interna iguala a demanda interna (Qs = Qn). Dados do problema: a Qn =40-2P + Qs=3P Igualando as equações: 2p-40-2P 3 Para eliminar a fração, multiplicamos tudo por 3: 2P=120-6P 2P+6P=12",,
caderno3 (md),03 — 🤪 TPS Economia 02 - Nidi/Jacqueline Bueno,120,IMAGEM 102,verso,TEXTO,sim,absorver no 📖 e cortar," Ela está CERTA. Vamos destrinchar com calma, porque aqui aparece um ponto clássico de tarifa proibitória que costuma pegar muita gente. 1. Relembrando o cenário básico . Preço mundial (Pw): 9 dólares a saca . Estrutura:",,
caderno3 (md),03 — 🤪 TPS Economia 02 - Nidi/Jacqueline Bueno,120,IMAGEM 103,verso,TEXTO,sim,absorver no 📖 e cortar," Então, sem comércio, o equilíbrio brasileiro seria: . Preço: 15 dólares . Quantidade: 10 milhões de sacas Guarda esse par (P4 = 15, Q4 = 10), ele é crucial. 3. O que acontece com um imposto de importação de 9 dólares? O",,
caderno3 (md),03 — 🤪 TPS Economia 02 - Nidi/Jacqueline Bueno,121,IMAGEM 104,verso,FÓRMULA,sim,transcrever como texto no 📖, QD=QS+QI\| 40-2P=(2/3)P+8 3x(32-2P)=2P 96-6P=2P 48-3P=P P=12 Item correto ,,
caderno3 (md),03 — 🤪 TPS Economia 02 - Nidi/Jacqueline Bueno,121,IMAGEM 105,verso,TEXTO,sim,absorver no 📖 e cortar," 1. Análise do Cenário de Livre Comércio (Status Quo) Antes de aplicarmos a quota, precisamos entender quanto o Brasil importava ao preço mundial de $9. Isso é essencial para confirmar se a quota de 8 milhões é, de fato,",,
caderno3 (md),03 — 🤪 TPS Economia 02 - Nidi/Jacqueline Bueno,121,IMAGEM 106,verso,TEXTO,sim,absorver no 📖 e cortar," 2. Cálculo do Novo Equilíbrio com a Quota Com a imposição da quota, a oferta total disponível no mercado interno passa a ser a soma da produção nacional (Qs) mais a quantidade fixa permitida pela quota (Q quota). O preç",,
caderno3 (md),03 — 🤪 TPS Economia 02 - Nidi/Jacqueline Bueno,121,IMAGEM 107,verso,TEXTO,sim,absorver no 📖 e cortar, Resumo dos Efeitos (a P = 12): . Produção Nacional: Sobe de 6 para 8 milhões (Qs = 2 x 12 = 8). Os produtores locais ganham. Consumo Nacional: Cai de 22 para 16 milhões (Qn = 40 — 2(12) = 16).0s consumidores perdem exce,,
caderno3 (md),03 — 🤪 TPS Economia 02 - Nidi/Jacqueline Bueno,121,IMAGEM 108,verso,TEXTO,sim,absorver no 📖 e cortar, Análise da Quota de Importação de 8 Milhões de Sacas Contextualizando o Problema Estamos diante de um modelo clássico de economia internacional: um país pequeno (Brasil) que é tomador de preços no mercado mundial de uma,,
caderno3 (md),03 — 🤪 TPS Economia 02 - Nidi/Jacqueline Bueno,121,IMAGEM 109,verso,TEXTO,sim,absorver no 📖 e cortar, Qn=Qs+8 40-2P =2P+8 Resolvendo para o Novo Preço 40-8= 5? +2P 32= 2P+6P 3 8P 32 = —_ 3 32x3 96 \| = =12 8 8 Passo 3: Verificação ComP=$12: * Demanda: QD =40-2(12) = 16milhões de sacas * Ofertanacional: QS = (2/3)(12) = ,,
caderno3 (md),03 — 🤪 TPS Economia 02 - Nidi/Jacqueline Bueno,121,IMAGEM 110,verso,TEXTO,sim,absorver no 📖 e cortar," 1. Relembrando o cenário básico Você tem: . Preço mundial: P = 9 délares/saca . Demanda doméstica: Qn = 40-2P Oferta doméstica: Qs= . Quantidades em milhões de sacas. ‘Sem nenhuma restrição ao comércio, como o Brasil é ",,
caderno3 (md),03 — 🤪 TPS Economia 02 - Nidi/Jacqueline Bueno,121,IMAGEM 111,verso,TEXTO,sim,absorver no 📖 e cortar," Portanto, o novo preço de equilíbrio doméstico é P 2 dólares/saca, exatamente como diz a assertiva. Vamos conferir as quantidades: . Demanda a 12: Qp(12) = 40 — 2-12 = 40 — 24 = 16 . Oferta doméstica a 12: 12=8 Qs(12) =",,
caderno3 (md),03 — 🤪 TPS Economia 02 - Nidi/Jacqueline Bueno,122,IMAGEM 112,verso,GRÁFICO,sim,redesenho didático se passar no teste do quadro-negro; senão cortar, Descrição visual para reconstrução: Oferta e demanda com restrição quantitativa/cota. Eixo vertical P e horizontal Q; oferta crescente e demanda decrescente se cruzam no equilíbrio. Linhas tracejadas marcam preços e qua,,
caderno3 (md),03 — 🤪 TPS Economia 02 - Nidi/Jacqueline Bueno,122,IMAGEM 113,verso,GRÁFICO,sim,redesenho didático se passar no teste do quadro-negro; senão cortar, Descrição visual para reconstrução: Oferta e demanda com restrição quantitativa/cota. Eixo vertical P e horizontal Q; oferta crescente e demanda decrescente se cruzam no equilíbrio. Linhas tracejadas marcam preços e qua,,
caderno3 (md),03 — 🤪 TPS Economia 02 - Nidi/Jacqueline Bueno,122,IMAGEM 114,verso,TEXTO,sim,absorver no 📖 e cortar," 2. Justificativa e Cálculo Para julgar o item, precisamos calcular o Excedente do Produtor (EP) em dois momentos e encontrar a diferença entre eles. Passo 1: Cenário de Livre Comércio (Situação Inicial) Sabemos que o pr",,
caderno3 (md),03 — 🤪 TPS Economia 02 - Nidi/Jacqueline Bueno,122,IMAGEM 115,verso,TEXTO,sim,absorver no 📖 e cortar," 3. Calcular o Novo Excedente do Produtor (E P;): Base x Altura EP, = 2 EP, = 8x12 96 = = = 48 milhões de dólares. 2 2 Passo 3: Comparação (Variação do Bem-Estar) A questão pergunta se a melhora de bem-estar (aumento do ",,
caderno3 (md),03 — 🤪 TPS Economia 02 - Nidi/Jacqueline Bueno,122,IMAGEM 116,verso,TEXTO,sim,absorver no 📖 e cortar," Contextualizando o Problema Esta questão trata de economia internacional e política comercial, especificamente sobre os efeitos de uma quota de importação sobre o bem-estar dos produtores domésticos. Vamos construir a a",,
caderno3 (md),03 — 🤪 TPS Economia 02 - Nidi/Jacqueline Bueno,122,IMAGEM 117,verso,TEXTO,sim,absorver no 📖 e cortar," 1. Relembrando o cenário básico (livre comércio) e Preço mundial: P,, = 9 dólares/saca e Demanda doméstica: Qp = 40 — 2P e Oferta doméstica: Qg = 2P e Quantidades em milhões de sacas Com livre comércio, o Brasil é “toma",,
caderno3 (md),03 — 🤪 TPS Economia 02 - Nidi/Jacqueline Bueno,122,IMAGEM 118,verso,TEXTO,sim,absorver no 📖 e cortar," Agora calculemos as quantidades: e Demanda a P = 12: QD 40 — 2.12 40 — 24 16 e Oferta doméstica a P = 12: 2 24 Qs =~ -122=— =8 3 3 e Importações = quota = 8, e de fato: Qp=Qs+M=>16=8+8 3. Excedente do produtor: livre co",,
caderno3 (md),03 — 🤪 TPS Economia 02 - Nidi/Jacqueline Bueno,122,IMAGEM 119,verso,TEXTO,sim,absorver no 📖 e cortar," 3.4. Variação do bem-estar dos produtores Ganho de bem-estar = aumento do excedente do produtor: EPrc 48 — 27 21 AEP = EPota Lembrando que as quantidades são em milhões de sacas, o valor está em milhões de dólares. Logo",,
caderno3 (md),04 — 🤪 TPS Economia 03 - Nidi/Jacqueline Bueno - Mosqueteiros,131,IMAGEM 120,verso,GRÁFICO,sim,redesenho didático se passar no teste do quadro-negro; senão cortar," Descrição visual para reconstrução: Mercado monetário: eixo vertical taxa de juros e horizontal quantidade de moeda. Curva de demanda por moeda é descendente; oferta monetária é vertical em OM1, com indicação de desloca",,
caderno3 (md),04 — 🤪 TPS Economia 03 - Nidi/Jacqueline Bueno - Mosqueteiros,131,IMAGEM 121,verso,FÓRMULA,sim,transcrever como texto no 📖, pt ,,
caderno3 (md),04 — 🤪 TPS Economia 03 - Nidi/Jacqueline Bueno - Mosqueteiros,131,IMAGEM 122,verso,GRÁFICO,sim,redesenho didático se passar no teste do quadro-negro; senão cortar, Descrição visual para reconstrução: Modelo DA–OA: eixo horizontal quantidade/produto e vertical nível de preços. Duas curvas de demanda agregada descendentes (uma deslocada) e duas curvas de oferta agregada crescentes (,,
caderno3 (md),04 — 🤪 TPS Economia 03 - Nidi/Jacqueline Bueno - Mosqueteiros,131,IMAGEM 123,verso,GRÁFICO,sim,redesenho didático se passar no teste do quadro-negro; senão cortar," Descrição visual para reconstrução: Modelo IS–LM: eixo horizontal renda/produto e vertical taxa de juros. Curvas IS são descendentes e LM ascendentes; versões cheias e tracejadas mostram deslocamentos, com diferentes po",,
caderno3 (md),04 — 🤪 TPS Economia 03 - Nidi/Jacqueline Bueno - Mosqueteiros,132,IMAGEM 124,verso,GRÁFICO,sim,redesenho didático se passar no teste do quadro-negro; senão cortar," Descrição visual para reconstrução: Anotação manuscrita sobre DA/OA e salário real. Há pequenos gráficos com eixos P/Y: curvas DA descendentes e OA crescentes, deslocamentos indicados por setas e anotações em cores; aba",,
caderno3 (md),04 — 🤪 TPS Economia 03 - Nidi/Jacqueline Bueno - Mosqueteiros,133,IMAGEM 125,verso,GRÁFICO,sim,redesenho didático se passar no teste do quadro-negro; senão cortar, Descrição visual para reconstrução: Efeito da redução dos gastos governamentais no modelo IS–LM. Eixo horizontal renda nacional (Y) e vertical taxa de juros (i). Uma curva LM crescente permanece fixa; duas curvas IS des,,
caderno3 (md),04 — 🤪 TPS Economia 03 - Nidi/Jacqueline Bueno - Mosqueteiros,135,IMAGEM 126,verso,GRÁFICO,sim,redesenho didático se passar no teste do quadro-negro; senão cortar, Descrição visual para reconstrução: Esboço manuscrito IS–LM: eixo vertical i e horizontal Y. Curva LM crescente e curva IS/MD descendente; setas/anotações indicam deslocamento da IS associado a aumento/redução dos juros,,
caderno3 (md),04 — 🤪 TPS Economia 03 - Nidi/Jacqueline Bueno - Mosqueteiros,135,IMAGEM 127,verso,TEXTO,sim,absorver no 📖 e cortar," Representação Formal No equilíbrio do mercado monetári = =L,¥,o) PP Onde o representa o grau de incerteza. Seo + —> L 1. Como É é constante, o ajuste para manter a igualdade deve vir de um aumento em é (que reduz a dema",,
caderno3 (md),04 — 🤪 TPS Economia 03 - Nidi/Jacqueline Bueno - Mosqueteiros,136,IMAGEM 128,verso,TEXTO,sim,absorver no 📖 e cortar, Por que a Assertiva está Errada Aspecto Oque a assertiva diz O que o efeito Pigou realmente é Variável-chave Salários nominais subindo Preços caindo 5 Direção Inflação Deflação Mecanismo Não especificado claramente Riqu,,
caderno3 (md),04 — 🤪 TPS Economia 03 - Nidi/Jacqueline Bueno - Mosqueteiros,137,IMAGEM 129,verso,TEXTO,sim,absorver no 📖 e cortar," Essa assertiva é um pilar fundamental da macroeconomia de economias abertas, especificamente dentro do modelo Mundell-Fleming. Para compreendê-la, precisamos analisar como a política fiscal impacta os preços internos e ",,
caderno3 (md),04 — 🤪 TPS Economia 03 - Nidi/Jacqueline Bueno - Mosqueteiros,137,IMAGEM 130,verso,TEXTO,sim,absorver no 📖 e cortar," Passo D: Inflagi e Apreci jo Real O aumento da oferta de moeda, somado ao aumento inicial dos gastos do governo, gera um excesso de demanda que pressiona o nível de preços doméstico (P 1). Como a taxa nominal (E) não po",,
caderno3 (md),04 — 🤪 TPS Economia 03 - Nidi/Jacqueline Bueno - Mosqueteiros,137,IMAGEM 131,verso,FÓRMULA,sim,transcrever como texto no 📖, Pr ext b=ex Fi Messi! ,,
caderno3 (md),04 — 🤪 TPS Economia 03 - Nidi/Jacqueline Bueno - Mosqueteiros,137,IMAGEM 131,verso,FÓRMULA,sim,transcrever como texto no 📖, Pr ext b=ex Fi Messi! ,,
caderno3 (md),04 — 🤪 TPS Economia 03 - Nidi/Jacqueline Bueno - Mosqueteiros,138,IMAGEM 132,verso,GRÁFICO,sim,redesenho didático se passar no teste do quadro-negro; senão cortar, Descrição visual para reconstrução: Curva de oferta. Eixo vertical preço (p) e horizontal quantidade (q). Reta/curva verde crescente liga um ponto A a um ponto B; linhas tracejadas projetam as coordenadas nos eixos. Ano,,
caderno3 (md),04 — 🤪 TPS Economia 03 - Nidi/Jacqueline Bueno - Mosqueteiros,138,IMAGEM 133,verso,GRÁFICO,sim,redesenho didático se passar no teste do quadro-negro; senão cortar," Descrição visual para reconstrução: Inclinação da oferta agregada em três horizontes. Três pequenos gráficos: no curto prazo com preços rígidos, OA aproximadamente horizontal; no curto prazo com preços flexíveis, OA pos",,
caderno3 (md),04 — 🤪 TPS Economia 03 - Nidi/Jacqueline Bueno - Mosqueteiros,139,IMAGEM 134,verso,TEXTO,sim,absorver no 📖 e cortar," A Lei de Okun é um dos pilares da macroeconomia moderna, descrevendo uma correlação empírica (baseada em observações de dados) entre a variação do Produto Interno Bruto (PIB) e a variação da taxa de desemprego. Abaixo, ",,
caderno3 (md),04 — 🤪 TPS Economia 03 - Nidi/Jacqueline Bueno - Mosqueteiros,141,IMAGEM 135,verso,TEXTO,sim,absorver no 📖 e cortar," c is $ 42855692 CEBRASPE (CESPE) - 2024 - Especialista em Regulação de Serviços de Transportes Terrestres (ANTT)/Econ... = Julgue o próximo item, tendo em vista os modelos macroeconômicos para economias abertas. Acurvdl",,
caderno3 (md),04 — 🤪 TPS Economia 03 - Nidi/Jacqueline Bueno - Mosqueteiros,141,IMAGEM 136,verso,TEXTO,sim,absorver no 📖 e cortar," Gabarito: ERRADO Pessoa, no modelo IS-LM, a curva IS representa os pontos de equilíbrio no mercado de bens: combinações de taxa de juros e renda nas quais a demanda agregada é igual à produção. * Em economias fechadas, ",,
caderno3 (md),04 — 🤪 TPS Economia 03 - Nidi/Jacqueline Bueno - Mosqueteiros,142,IMAGEM 137,verso,TABELA,sim,absorver no 📖 (lista ou tabela ≥ 3 colunas)," Direta: Aumenta a renda, aumenta Meio de Troca Transação Renda a demanda por moeda Direta: Aumenta a renda, aumenta Reserva de Valor (imprevistos futuros) Precaução Renda a demanda por moeda Reserva de Valor (investimen",,
caderno3 (md),04 — 🤪 TPS Economia 03 - Nidi/Jacqueline Bueno - Mosqueteiros,143,IMAGEM 138,verso,TEXTO,sim,absorver no 📖 e cortar," BASE MONETÁRIA . A base monetária é a soma do papel moeda em posse do poder público + encaixes. bancários. Dessa forma, podemos concluir que: PMC Encaixes BASE MONETARIA=PMPP+ CXencius + RESERVAS BANCÁRIAS E, por fim: B",,
caderno3 (md),04 — 🤪 TPS Economia 03 - Nidi/Jacqueline Bueno - Mosqueteiros,143,IMAGEM 139,verso,DIAGRAMA,sim,redesenho didático se passar no teste do quadro-negro; senão cortar," Descrição visual para reconstrução: Esquema de base monetária/meios de pagamento com caixas representando PMPP, depósitos à vista e encaixes/caixa bancário; setas mostram transferências de numerário entre público e banc",,
caderno3 (md),04 — 🤪 TPS Economia 03 - Nidi/Jacqueline Bueno - Mosqueteiros,144,IMAGEM 140,verso,TEXTO,sim,absorver no 📖 e cortar," Tabela Comparativa: Basileia I, Il e III Característica Basileia \| (1988) Basileia Il (2004) Basileia III (2010/2013) Foco Principal Risco de Crédito (calote). Gestão de Risco e Liquidez e Resiliência Transparência. (p",,
caderno3 (md),04 — 🤪 TPS Economia 03 - Nidi/Jacqueline Bueno - Mosqueteiros,144,IMAGEM 141,verso,TEXTO,sim,absorver no 📖 e cortar," Aspecto Basileia I (1988) Basileia II (2004) Basileia III (2010) Contexto Crise de dividas de paises em Crises financeiras dos anos Crise financeira global histórico desenvolvimento nos anos 80; 90 (México, Ásia, Rússia",,
caderno3 (md),04 — 🤪 TPS Economia 03 - Nidi/Jacqueline Bueno - Mosqueteiros,144,IMAGEM 142,verso,TEXTO,sim,absorver no 📖 e cortar," Pilar O que significa Analogia simples Pilar 1 - Capital mínimo Quanto de reserva o banco precisa ter ""Quanto dinheiro guardar no cofre"" Pilar 2 - Supervisão Banco Central fiscaliza se o banco está gerindo ""Inspeção de ",,
caderno3 (md),04 — 🤪 TPS Economia 03 - Nidi/Jacqueline Bueno - Mosqueteiros,144,IMAGEM 143,verso,TEXTO,sim,absorver no 📖 e cortar," Principais inovações: Inovação Oqueé Por que importa Capital de melhor Exigência de mais capital ""puro"" Antes, bancos incluíam itens duvidosos qualidade (ações ordinárias, lucros retidos) como ""capital"". Agora precisa s",,
caderno3 (md),04 — 🤪 TPS Economia 03 - Nidi/Jacqueline Bueno - Mosqueteiros,144,IMAGEM 144,verso,TABELA,sim,absorver no 📖 (lista ou tabela ≥ 3 colunas), Resumo visual da evolução BASILEIA I (1988) BASILEIA II (2004) BASILEIA III (2010+) \| v v v \| capital 8% \| \| 3 Pilares \| \| Capital reforçado \| \| + Colchões extras \| \| Risco de \| \| + Risco \| \| + Liquidez \|,,
caderno3 (md),04 — 🤪 TPS Economia 03 - Nidi/Jacqueline Bueno - Mosqueteiros,144,IMAGEM 145,verso,TEXTO,sim,absorver no 📖 e cortar," A ideia comum aos três “Basileias” é simples: banco precisa ter um “colchão/airbag” de capital próprio para absorver perdas e não quebrar (nem precisar de resgate), na proporção do risco que ele assume. O que muda é com",,
caderno3 (md),04 — 🤪 TPS Economia 03 - Nidi/Jacqueline Bueno - Mosqueteiros,144,IMAGEM 146,verso,TEXTO,sim,absorver no 📖 e cortar," Basileia ll (2010, com Basileia 1088) Basileia (2004) implementação gradual atá 2015) Anode Publicado em 1988, pós Publicado em 2004, para Publicado em 2010, como respost= crises bancárias nos anos atusizaro Icomavanços",,
caderno3 (md),04 — 🤪 TPS Economia 03 - Nidi/Jacqueline Bueno - Mosqueteiros,144,IMAGEM 147,verso,TEXTO,sim,absorver no 📖 e cortar, Resumo dos Três Acordos Acordo Foco Principal Inovação Chave Basileia \| Solvência e Risco de Instituiu o limite de capital de 8% (indice de Basileia). (1988) Crédito. Basileia Il Sensibilidade ao Risco Criou os 3 Pilar,,
caderno3 (md),04 — 🤪 TPS Economia 03 - Nidi/Jacqueline Bueno - Mosqueteiros,144,IMAGEM 148,verso,TEXTO,sim,absorver no 📖 e cortar," Detalhando o Contexto: A evolução do Risco O sistema financeiro percebeu que a falência de um banco sistêmico poderia derrubar a economia global (efeito dominó). Por isso, a lógica de capital é baseada na seguinte fórmu",,
caderno3 (md),04 — 🤪 TPS Economia 03 - Nidi/Jacqueline Bueno - Mosqueteiros,144,IMAGEM 149,verso,TEXTO,sim,absorver no 📖 e cortar, Síntese Comparativa Aspecto Basileia I (1988) Basileia II (2004) Basileia III (2010+) Inovação central Capital mínimo para risco Três pilares; risco Qualidade do capital; de crédito operacional liquidez Crédito Tipos de,,
caderno3 (md),04 — 🤪 TPS Economia 03 - Nidi/Jacqueline Bueno - Mosqueteiros,145,IMAGEM 150,verso,TEXTO,sim,absorver no 📖 e cortar," Elemento Status na Assertiva Necessidade para a Banca Diferença de Preço Presente Condição necessária, mas não suficiente. Ausente Dano (injury) Obrigatório para caracterização jurídica. Nexo Causal Ausente Obrigatório ",,
caderno3 (md),04 — 🤪 TPS Economia 03 - Nidi/Jacqueline Bueno - Mosqueteiros,146,IMAGEM 151,frente,TEXTO,sim,transcrever como texto," Em um modelo simplificado para representar o comportamento esperado do consumidor padrão, dois bens, X e Y, são consumidos em x unidades e y unidades, respectivamente. Esses bens são adquiridos no mercado competitivo ao",,
caderno3 (md),04 — 🤪 TPS Economia 03 - Nidi/Jacqueline Bueno - Mosqueteiros,146,IMAGEM 152,verso,FÓRMULA,sim,transcrever como texto no 📖," u(z,y) = ax + by ",,
caderno3 (md),04 — 🤪 TPS Economia 03 - Nidi/Jacqueline Bueno - Mosqueteiros,146,IMAGEM 153,verso,TEXTO,sim,absorver no 📖 e cortar," Demonstração Numérica Considere a função utilidade: u(z,y) = 32 +y Esta função representa bens perfeitamente substitutos onde o consumidor valoriza o bem X três vezes mais que o bem Y. Calculando: + u(20, 20) = 3(20) + ",,
caderno3 (md),04 — 🤪 TPS Economia 03 - Nidi/Jacqueline Bueno - Mosqueteiros,146,IMAGEM 154,verso,TEXTO,sim,absorver no 📖 e cortar," A parte inicial descreve o problema-padrão do consumidor na microeconomia neoclássica: ele escolhe quantidades (x, y) para maximizar sua utilidade u(zx, y) (a “satisfação” com o cesto) sujeito à restrição orçamentária p",,
caderno3 (md),04 — 🤪 TPS Economia 03 - Nidi/Jacqueline Bueno - Mosqueteiros,146,IMAGEM 155,verso,GRÁFICO,sim,redesenho didático se passar no teste do quadro-negro; senão cortar," Descrição visual para reconstrução: Painel 'Consumer Preferences' com três pequenos gráficos de curvas de indiferença, comparando formatos de preferências (linhas retas/curvas, ângulos em L e curvas convexas). Eixos rep",,
caderno3 (md),04 — 🤪 TPS Economia 03 - Nidi/Jacqueline Bueno - Mosqueteiros,146,IMAGEM 156,verso,TEXTO,sim,absorver no 📖 e cortar," 2. A Premissa da Monotonicidade Estrita A monotonicidade estrita i fica que ""mais é sempre melhor”. Em termos matemáticos: a Se aumentarmos a quantidade de um dos bens (sem reduzir a do outro), a utilidade obrigatoriame",,
caderno3 (md),04 — 🤪 TPS Economia 03 - Nidi/Jacqueline Bueno - Mosqueteiros,146,IMAGEM 157,verso,TEXTO,sim,absorver no 📖 e cortar," Para bens perfeitamente substitutos, a função utilidade tem a forma: uey=a-z+b-y com a,b > 0 e constante taxa marginal de substituição (TMS = -a/b). A questão nos pede para avaliar a veracidade da seguinte afirmação: “É",,
caderno3 (md),04 — 🤪 TPS Economia 03 - Nidi/Jacqueline Bueno - Mosqueteiros,147,IMAGEM 151,frente,TEXTO,sim,transcrever como texto," Em um modelo simplificado para representar o comportamento esperado do consumidor padrão, dois bens, X e Y, são consumidos em x unidades e y unidades, respectivamente. Esses bens são adquiridos no mercado competitivo ao",,
caderno3 (md),04 — 🤪 TPS Economia 03 - Nidi/Jacqueline Bueno - Mosqueteiros,147,IMAGEM 158,verso,TEXTO,sim,absorver no 📖 e cortar," 23 Adolfo Costa 22/12/2018 16:45, #75815 pontos. silenciar + bloquear CERTO. A função de utilidade apresentada, u(x, y) = ax + by (a=5; =2), é de bens substitutos perfeitos (a taxa marginal de substituição é constante),",,
caderno3 (md),04 — 🤪 TPS Economia 03 - Nidi/Jacqueline Bueno - Mosqueteiros,147,IMAGEM 159,verso,GRÁFICO,sim,redesenho didático se passar no teste do quadro-negro; senão cortar, Descrição visual para reconstrução: Curvas de indiferença/escolha do consumidor. Eixo horizontal representa quantidade do bem X e o vertical quantidade do bem Y. Curvas de indiferença são negativamente inclinadas e conv,,
caderno3 (md),04 — 🤪 TPS Economia 03 - Nidi/Jacqueline Bueno - Mosqueteiros,148,IMAGEM 151,frente,TEXTO,sim,transcrever como texto," Em um modelo simplificado para representar o comportamento esperado do consumidor padrão, dois bens, X e Y, são consumidos em x unidades e y unidades, respectivamente. Esses bens são adquiridos no mercado competitivo ao",,
caderno3 (md),04 — 🤪 TPS Economia 03 - Nidi/Jacqueline Bueno - Mosqueteiros,148,IMAGEM 160,verso,GRÁFICO,sim,redesenho didático se passar no teste do quadro-negro; senão cortar, Descrição visual para reconstrução: Curvas de indiferença/escolha do consumidor. Eixo horizontal representa quantidade do bem X e o vertical quantidade do bem Y. Curvas de indiferença são negativamente inclinadas e conv,,
caderno3 (md),04 — 🤪 TPS Economia 03 - Nidi/Jacqueline Bueno - Mosqueteiros,148,IMAGEM 161,verso,TEXTO,sim,absorver no 📖 e cortar," Sim — essa assertiva é verdadeira (no sentido de “pode-se garantir”), desde que ""estritamente monot6nicas” esteja sendo usado no sentido padrão em microeconomia: O que “preferências estritamente monotônicas” garante Pre",,
caderno3 (md),04 — 🤪 TPS Economia 03 - Nidi/Jacqueline Bueno - Mosqueteiros,148,IMAGEM 162,verso,TEXTO,sim,absorver no 📖 e cortar," Resposta: CERTO A assertiva é verdadeira. Se as preferências do consumidor forem estritamente monotônicas, pode-se garantir que u(20, 30) > u(20, 25). Contextualização Teórica Definição de Preferências Estritamente Mono",,
caderno3 (md),04 — 🤪 TPS Economia 03 - Nidi/Jacqueline Bueno - Mosqueteiros,148,IMAGEM 163,verso,TEXTO,sim,absorver no 📖 e cortar," Distinção Importante: Monotonicidade Estrita vs. Fraca Monotonicidade Fraca Exige apenas que mais de todos os bens seja preferido. Se apenas um bem aumenta, a e>zey=y => u(z',y') > u(z,y) Monotonicidade Estrita Garante ",,
caderno3 (md),04 — 🤪 TPS Economia 03 - Nidi/Jacqueline Bueno - Mosqueteiros,148,IMAGEM 164,verso,TEXTO,sim,absorver no 📖 e cortar, Preferências do consumidor: A>B significa que A é preferível a B. (Preferência forte) A>B significa que A é pelo menosttão boa quanto B. (P cia fraca) A-B significa que A e B são indiferentes. Monotonicidade Quando fala,,
caderno3 (md),05 — 🤪 TPS Economia 03.1 - Nidi/Jacqueline Bueno - Mosqueteiros,156,IMAGEM 165,verso,TEXTO,sim,absorver no 📖 e cortar," Certinho. O mercado de calçados se caracteriza como um caso de concorrência imperfeita, mais especificamente de concorrência monopolística. Nessa estrutura de mercado, há muitos produtores e consumidores, mas os produto",,
caderno3 (md),05 — 🤪 TPS Economia 03.1 - Nidi/Jacqueline Bueno - Mosqueteiros,156,IMAGEM 166,verso,DIAGRAMA,sim,redesenho didático se passar no teste do quadro-negro; senão cortar," Descrição visual para reconstrução: Fluxograma de estruturas de mercado: sequência de caixas parte de concorrência perfeita, passa por concorrência imperfeita e chega a monopólios; em cada caixa há características resum",,
caderno3 (md),05 — 🤪 TPS Economia 03.1 - Nidi/Jacqueline Bueno - Mosqueteiros,157,IMAGEM 167,verso,DIAGRAMA,sim,redesenho didático se passar no teste do quadro-negro; senão cortar," Descrição visual para reconstrução: Diagrama de barreiras à entrada/poder de monopólio. Um bloco central de poder de mercado se conecta a caixas com fontes de barreiras (controle de recursos/insumos, patentes/tecnologia",,
caderno3 (md),05 — 🤪 TPS Economia 03.1 - Nidi/Jacqueline Bueno - Mosqueteiros,157,IMAGEM 168,verso,TABELA,sim,absorver no 📖 (lista ou tabela ≥ 3 colunas), Monopólio ligopólio concorrência monopolisticalConcorréncia perfeita) Im [Muitos uitos Qtde ofertantes Tatguns biterenciados. Concorrência Produtos) serviços Piterenciados indiferente Imenos relacionada ao preço Homogên,,
caderno3 (md),05 — 🤪 TPS Economia 03.1 - Nidi/Jacqueline Bueno - Mosqueteiros,159,IMAGEM 169,verso,DIAGRAMA,sim,redesenho didático se passar no teste do quadro-negro; senão cortar," Descrição visual para reconstrução: Diagrama decisório sobre via pública/bem público: linhas com setas relacionam presença/ausência de pedágio e congestionamento a exclusão e rivalidade, concluindo se o serviço pode ou ",,
caderno3 (md),05 — 🤪 TPS Economia 03.1 - Nidi/Jacqueline Bueno - Mosqueteiros,160,IMAGEM 169,verso,DIAGRAMA,sim,redesenho didático se passar no teste do quadro-negro; senão cortar," Descrição visual para reconstrução: Diagrama decisório sobre via pública/bem público: linhas com setas relacionam presença/ausência de pedágio e congestionamento a exclusão e rivalidade, concluindo se o serviço pode ou ",,
caderno3 (md),05 — 🤪 TPS Economia 03.1 - Nidi/Jacqueline Bueno - Mosqueteiros,161,IMAGEM 170,frente,TEXTO,sim,transcrever como texto, quantidade ano bem final preço ($) (unidades) 10 2020 15 20 15 2021 10 25 15 2022 15 35 ,,
caderno3 (md),05 — 🤪 TPS Economia 03.1 - Nidi/Jacqueline Bueno - Mosqueteiros,161,IMAGEM 171,verso,FÓRMULA,sim,transcrever como texto no 📖, PIBn=(15*2)+(10*3)+(25*1) PIBn=30+30+25 PIBn=85 PIBr=(15*2)+(10*4)+(25*1) PIBr=30+40+25 PIBr=95 ,,
caderno3 (md),05 — 🤪 TPS Economia 03.1 - Nidi/Jacqueline Bueno - Mosqueteiros,161,IMAGEM 172,verso,FÓRMULA,sim,transcrever como texto no 📖," D=PIBn/PIBr D=85/95 D=0,8947 ",,
caderno3 (md),05 — 🤪 TPS Economia 03.1 - Nidi/Jacqueline Bueno - Mosqueteiros,161,IMAGEM 173,verso,TABELA,sim,absorver no 📖 (lista ou tabela ≥ 3 colunas), A B c D E F G ano Bem final quant. preço PIB nominal do preço real PIB real (base: nominal ano (quant. X (base: 2020) 2020) (quant. X preço nominal preço real) x 10 20 20 XY: EE 60 60 2020 Zz 20 20 20 Total anual 100 10,,
caderno3 (md),05 — 🤪 TPS Economia 03.1 - Nidi/Jacqueline Bueno - Mosqueteiros,161,IMAGEM 174,verso,FÓRMULA,sim,transcrever como texto no 📖, PIB Nominal Deflator Implícito do PIB = ( PIB Real ) x 100 ,,
caderno3 (md),05 — 🤪 TPS Economia 03.1 - Nidi/Jacqueline Bueno - Mosqueteiros,161,IMAGEM 175,verso,TEXTO,sim,absorver no 📖 e cortar," Gabarito: ERRADO Precisamos calcular o deflator implícito do PIB de 2021, utilizando os preços de 2020 como base. O deflator é um índice que mede o nível de preços dos bens e serviços produzidos na economia, comparando ",,
caderno3 (md),05 — 🤪 TPS Economia 03.1 - Nidi/Jacqueline Bueno - Mosqueteiros,162,IMAGEM 170,frente,TEXTO,sim,transcrever como texto, quantidade ano bem final preço ($) (unidades) 10 2020 15 20 15 2021 10 25 15 2022 15 35 ,,
caderno3 (md),05 — 🤪 TPS Economia 03.1 - Nidi/Jacqueline Bueno - Mosqueteiros,162,IMAGEM 173,verso,TABELA,sim,absorver no 📖 (lista ou tabela ≥ 3 colunas), A B c D E F G ano Bem final quant. preço PIB nominal do preço real PIB real (base: nominal ano (quant. X (base: 2020) 2020) (quant. X preço nominal preço real) x 10 20 20 XY: EE 60 60 2020 Zz 20 20 20 Total anual 100 10,,
caderno3 (md),05 — 🤪 TPS Economia 03.1 - Nidi/Jacqueline Bueno - Mosqueteiros,162,IMAGEM 176,verso,TEXTO,sim,absorver no 📖 e cortar, PIBR2021=(15*2)+(10*4)+(25*1) PIBR2021=30+40+25 PIBR2021=95 PIBR2022=(15*2)+(15*4)+(35*1) PIBR2022=30+60+35 PIBR2022=125 ,,
caderno3 (md),05 — 🤪 TPS Economia 03.1 - Nidi/Jacqueline Bueno - Mosqueteiros,162,IMAGEM 177,verso,TEXTO,sim,absorver no 📖 e cortar," (125/95)-1=0,3158 31,58% ",,
caderno3 (md),05 — 🤪 TPS Economia 03.1 - Nidi/Jacqueline Bueno - Mosqueteiros,162,IMAGEM 178,verso,TEXTO,sim,absorver no 📖 e cortar, PIBN21=(15*2)+(10*3)+(25*1) PIBN21=30+30+25 PIBN21=85 PIBN22=(15*3)+(15*5)+(35*2) PIBN22=45+75+70 = 190 ,,
caderno3 (md),05 — 🤪 TPS Economia 03.1 - Nidi/Jacqueline Bueno - Mosqueteiros,162,IMAGEM 179,verso,TEXTO,sim,absorver no 📖 e cortar," 190/85-1=1,2353 123,53% ",,
caderno3 (md),05 — 🤪 TPS Economia 03.1 - Nidi/Jacqueline Bueno - Mosqueteiros,163,IMAGEM 180,frente,TEXTO,sim,transcrever como texto, valor (bilhões transação de dólares) 5 importações de mercadoria exportações de mercadoria 15 recebimento de doações na forma de mercadorias empréstimos e tinanciamentos recebidos no 10 exterior investimento estrangeiro,,
caderno3 (md),05 — 🤪 TPS Economia 03.1 - Nidi/Jacqueline Bueno - Mosqueteiros,163,IMAGEM 181,verso,FÓRMULA,sim,transcrever como texto no 📖, PNB=PIB-RLEE PNB=PIB-(5-1) PNB=PIB-4 ,,
caderno3 (md),05 — 🤪 TPS Economia 03.1 - Nidi/Jacqueline Bueno - Mosqueteiros,163,IMAGEM 182,verso,TEXTO,sim,absorver no 📖 e cortar, Entram Não entram * Lucros recebidos * Exportações/Importações * Dividendos recebidos * Doações * Juros recebidos/pagos * Remessas pessoais * Salários recebidos/pagos * Empréstimos * Rendas de propriedade recebidas/paga,,
caderno3 (md),05 — 🤪 TPS Economia 03.1 - Nidi/Jacqueline Bueno - Mosqueteiros,163,IMAGEM 183,verso,TABELA,sim,absorver no 📖 (lista ou tabela ≥ 3 colunas), Renda Renda Conta Errose Transação Valor Balança Balança de Conta Capital comercial serviços. primária secundária Financeira Omissões importações de mercadoria 5 exportações de mercadoria 15 15 recebimento de doações na,,
caderno3 (md),05 — 🤪 TPS Economia 03.1 - Nidi/Jacqueline Bueno - Mosqueteiros,163,IMAGEM 184,verso,TEXTO,sim,absorver no 📖 e cortar," Gabarito: CERTO Pessoal, vamos começar diferenciando PIB e PNB: © O PIB (Produto Interno Bruto) mede o valor de todos os bens e serviços finais produzidos dentro do território do pais, independentemente da nacionalidade",,
caderno3 (md),05 — 🤪 TPS Economia 03.1 - Nidi/Jacqueline Bueno - Mosqueteiros,163,IMAGEM 185,verso,TABELA,sim,absorver no 📖 (lista ou tabela ≥ 3 colunas), Óticas do PIB Otica da Produção Otica da Despesa PIB=C+I+G+(X-M) Consumo Gastos do piece governo de minério E eo & Otica da Renda PIB = salários + juros + aluguéis + lucros Remuneração Ganhos Aluguel do trabalho de imóv,,
caderno3 (md),05 — 🤪 TPS Economia 03.1 - Nidi/Jacqueline Bueno - Mosqueteiros,163,IMAGEM 186,verso,TABELA,sim,absorver no 📖 (lista ou tabela ≥ 3 colunas), CERTO. Conta Transação Valor Contrapartida Balança comercial Ativos de reserva =-5 importações de mercadoria 15 Ativos de reserva = 15 Balança comercial exportações de mercadoria Renda secundária - Receitas recebimento ,,
caderno3 (md),05 — 🤪 TPS Economia 03.1 - Nidi/Jacqueline Bueno - Mosqueteiros,164,IMAGEM 180,frente,TEXTO,sim,transcrever como texto, valor (bilhões transação de dólares) 5 importações de mercadoria exportações de mercadoria 15 recebimento de doações na forma de mercadorias empréstimos e tinanciamentos recebidos no 10 exterior investimento estrangeiro,,
caderno3 (md),05 — 🤪 TPS Economia 03.1 - Nidi/Jacqueline Bueno - Mosqueteiros,164,IMAGEM 187,verso,TEXTO,sim,absorver no 📖 e cortar, VRI=-5+15+10-5-10 VRI=740+15 VRI=5 exportagdes de mercadoria importações de mercadoria Is recebimento de doações na forma de empréstimos ¢ financiamentos recebidos no URV 4 investimento estrangeiro direto recebido do ex,,
caderno3 (md),05 — 🤪 TPS Economia 03.1 - Nidi/Jacqueline Bueno - Mosqueteiros,164,IMAGEM 188,verso,TEXTO,sim,absorver no 📖 e cortar," Gabarito: ERRADO Pessoal, precisamos encontrar a variação das reservas internacionais, com base nas transações apresentadas com o exterior. O que da questão é saber diferenciar os componentes que alteram as reservas daq",,
caderno3 (md),05 — 🤪 TPS Economia 03.1 - Nidi/Jacqueline Bueno - Mosqueteiros,164,IMAGEM 189,verso,TABELA,sim,absorver no 📖 (lista ou tabela ≥ 3 colunas), Transação Valor Balança Balança de Renda Renda Conta Conta Capital Em “comercial ES primária. secundi Financeira es importações de mercadoria exportações de mercadoria. 15 15 recebimento de doações na forma de mercadori,,
caderno3 (md),05 — 🤪 TPS Economia 03.1 - Nidi/Jacqueline Bueno - Mosqueteiros,164,IMAGEM 190,verso,TABELA,sim,absorver no 📖 (lista ou tabela ≥ 3 colunas), ERRADO. Balança comercial importações de mercadoria Ativos de reserva =- 5 Balança comercial exportações de mercadoria 15 Ativos de reserva = 15 recebimento de doações na forma de Renda secundária - Receitas importações,,
caderno3 (md),05 — 🤪 TPS Economia 03.1 - Nidi/Jacqueline Bueno - Mosqueteiros,164,IMAGEM 191,verso,TABELA,sim,absorver no 📖 (lista ou tabela ≥ 3 colunas), [ilegível] ,,
caderno3 (md),05 — 🤪 TPS Economia 03.1 - Nidi/Jacqueline Bueno - Mosqueteiros,165,IMAGEM 192,verso,TEXTO,sim,absorver no 📖 e cortar," PUPP = 06 PuPP = Qgov> ov ale O D-Qn0v"" we PUPPT DV = OED Woov - a) PUPP + 08DV OD + OA"" ",,
caderno3 (md),05 — 🤪 TPS Economia 03.1 - Nidi/Jacqueline Bueno - Mosqueteiros,165,IMAGEM 193,verso,FÓRMULA,sim,transcrever como texto no 📖," — PMPP DV = 0,6 ",,
caderno3 (md),05 — 🤪 TPS Economia 03.1 - Nidi/Jacqueline Bueno - Mosqueteiros,165,IMAGEM 194,verso,FÓRMULA,sim,transcrever como texto no 📖," r=—_=0,2 DV ",,
caderno3 (md),05 — 🤪 TPS Economia 03.1 - Nidi/Jacqueline Bueno - Mosqueteiros,165,IMAGEM 195,verso,FÓRMULA,sim,transcrever como texto no 📖, M = PMPP + DV ,,
caderno3 (md),05 — 🤪 TPS Economia 03.1 - Nidi/Jacqueline Bueno - Mosqueteiros,165,IMAGEM 196,verso,FÓRMULA,sim,transcrever como texto no 📖," B=PMPP+R Queremos encontrar o multiplicador (m), tal que M = m x B. Portanto: m= 5 Substituindo as equações de cima: _ PMPP + DV PMPP+R ",,
caderno3 (md),05 — 🤪 TPS Economia 03.1 - Nidi/Jacqueline Bueno - Mosqueteiros,165,IMAGEM 197,verso,TEXTO,sim,absorver no 📖 e cortar," Agora, o ""pulo do gato"" algébrico. Vamos dividir todos os termos por DV para usar as razões dadas na questão (c e 7) PMPP Ev + By m= PMP PP +h Substituindo pelos simbolos ce r m= c+1 c+r Calculando com os seus dados: . ",,
caderno3 (md),05 — 🤪 TPS Economia 03.1 - Nidi/Jacqueline Bueno - Mosqueteiros,165,IMAGEM 198,verso,TEXTO,sim,absorver no 📖 e cortar," 4. Interpretação e Contexto Econômico O resultado 2 nos diz que, nessa economia hipotética, cada R$ 1,00 de Base Monetária injetado pelo Banco Central se transforma em R$ 2,00 de Meios de Pagamento (M;). ue O que J joga",,
caderno3 (md),05 — 🤪 TPS Economia 03.1 - Nidi/Jacqueline Bueno - Mosqueteiros,165,IMAGEM 199,verso,TEXTO,sim,absorver no 📖 e cortar, Razão Fórmula Oque representa c PMPP/DV Preferência do público por reter moeda física vs. deixar no banco r R/DV Proporção que os bancos mantêm como reserva (compulsória + voluntária) ,,
caderno3 (md),05 — 🤪 TPS Economia 03.1 - Nidi/Jacqueline Bueno - Mosqueteiros,165,IMAGEM 200,verso,TEXTO,sim,absorver no 📖 e cortar," 3. Derivação do Multiplicador O multiplicador monetário (m) relaciona a base monetária aos meios de pagamento: M1=mxB Para derivá-lo, partimos das definições: M1_ PMPP+DV m= B PMPP +R Dividindo numerador e denominador p",,
caderno3 (md),05 — 🤪 TPS Economia 03.1 - Nidi/Jacqueline Bueno - Mosqueteiros,165,IMAGEM 201,verso,TEXTO,sim,absorver no 📖 e cortar," Casos Limite (para intuição) Cenário Parâmetros Multiplicador Interpretação Máxima c=0,r50 m>o Ninguém retém moeda física, bancos multiplicação emprestam tudo Sem multiplicação c>o m>l1 Todos guardam dinheiro ""debaixo d",,
caderno3 (md),05 — 🤪 TPS Economia 03.1 - Nidi/Jacqueline Bueno - Mosqueteiros,165,IMAGEM 202,verso,TEXTO,sim,absorver no 📖 e cortar, 1) O que é o multiplicador monetário O multiplicador monetário (m) mede quantas unidades de moeda (M) a economia consegue sustentar para cada unidade de base monetária (B). . Oferta de moeda (M) (no conceito mais simple,,
caderno3 (md),05 — 🤪 TPS Economia 03.1 - Nidi/Jacqueline Bueno - Mosqueteiros,166,IMAGEM 203,verso,FÓRMULA,sim,transcrever como texto no 📖, B = PMPP+4R ,,
caderno3 (md),05 — 🤪 TPS Economia 03.1 - Nidi/Jacqueline Bueno - Mosqueteiros,166,IMAGEM 204,verso,FÓRMULA,sim,transcrever como texto no 📖, M1 = PMPP+ DV ,,
caderno3 (md),05 — 🤪 TPS Economia 03.1 - Nidi/Jacqueline Bueno - Mosqueteiros,168,IMAGEM 205,verso,FÓRMULA,sim,transcrever como texto no 📖, BaseMonetéria(M0) = PapelMoeda + Reservas Bancárias ,,
caderno3 (md),05 — 🤪 TPS Economia 03.1 - Nidi/Jacqueline Bueno - Mosqueteiros,168,IMAGEM 206,verso,FÓRMULA,sim,transcrever como texto no 📖, Reservas Bancárias = Reservas Compulsórias + Reservas Voluntárias ,,
caderno3 (md),05 — 🤪 TPS Economia 03.1 - Nidi/Jacqueline Bueno - Mosqueteiros,169,IMAGEM 207,verso,TEXTO,sim,absorver no 📖 e cortar, Gabarito: ERRADO A base monetária (ou moeda de alta potência) inclui o numerário em poder do público e os depósitos dos bancos comerciais no banco central. É diretamente influenciada pelas operações de política monetári,,
caderno3 (md),05 — 🤪 TPS Economia 03.1 - Nidi/Jacqueline Bueno - Mosqueteiros,170,IMAGEM 208,verso,GRÁFICO,sim,redesenho didático se passar no teste do quadro-negro; senão cortar, Descrição visual para reconstrução: Quatro pequenos gráficos comparando taxa de câmbio fixa e flexível no modelo IS–LM/BP. Eixos mostram juros/câmbio e renda; curvas IS descendentes e LM ascendentes se deslocam. Setas e,,
caderno3 (md),05 — 🤪 TPS Economia 03.1 - Nidi/Jacqueline Bueno - Mosqueteiros,171,IMAGEM 209,verso,TEXTO,sim,absorver no 📖 e cortar," Gabarito: ERRADO Pessoal, o item aborda o conceito de senhoriagem — a receita que o governo obtém ao financiar seu déficit por meio da emissão de moeda — e sua relação com a inflação e o crescimento da base monetária. E",,
caderno3 (md),05 — 🤪 TPS Economia 03.1 - Nidi/Jacqueline Bueno - Mosqueteiros,171,IMAGEM 210,verso,GRÁFICO,sim,redesenho didático se passar no teste do quadro-negro; senão cortar," Descrição visual para reconstrução: Curva de Laffer desenhada à mão. Eixo horizontal é a alíquota/taxa π; eixo vertical é a receita do imposto. A curva tem formato de U invertido, partindo de receita baixa, atingindo má",,
caderno3 (md),05 — 🤪 TPS Economia 03.1 - Nidi/Jacqueline Bueno - Mosqueteiros,172,IMAGEM 211,verso,TEXTO,sim,absorver no 📖 e cortar," ema e Y= G + cll y+. +6. J=5 (Co + Te +6,) Gm AY es! Abo — 14 re o 0<C<I\| AY Ay t) 2 cl ait 4 Jee(i=t)> +t 1-c(l=t) J-t > c(I-t) AG, lee 0—>c<\| ",,
caderno3 (md),05 — 🤪 TPS Economia 03.1 - Nidi/Jacqueline Bueno - Mosqueteiros,172,IMAGEM 212,verso,TEXTO,sim,absorver no 📖 e cortar," 05 de Maio de 2024 as 15:48 Mr. CR O multiplicador Keynesiano é dado por 1/1-c. Em que c é a parte da renda que vai para o consumo. Perceba que quanto maior for c, menor será o denominador e maior será o multiplicador. ",,
caderno3 (md),05 — 🤪 TPS Economia 03.1 - Nidi/Jacqueline Bueno - Mosqueteiros,172,IMAGEM 213,verso,TEXTO,sim,absorver no 📖 e cortar," © Certo. Explicação: No modelo keynesiano simples, o impacto de um aumento dos gastos do governo (G) sobre o produto (Y) é determinado pelo multiplicador keynesiano, dado por: il k= l-c onde c é a propensão marginal a c",,
caderno3 (md),05 — 🤪 TPS Economia 03.1 - Nidi/Jacqueline Bueno - Mosqueteiros,173,IMAGEM 214,verso,GRÁFICO,sim,redesenho didático se passar no teste do quadro-negro; senão cortar," Descrição visual para reconstrução: Dois diagramas IS–LM. Em cada painel, eixo vertical taxa de juros e horizontal renda. IS é descendente e LM ascendente; curvas com apóstrofo mostram deslocamentos. Linhas tracejadas p",,
caderno3 (md),05 — 🤪 TPS Economia 03.1 - Nidi/Jacqueline Bueno - Mosqueteiros,173,IMAGEM 215,verso,TEXTO,sim,absorver no 📖 e cortar, 3. Justificativa Matemática (Fórmulas e Cálculos) Vamos provar isso usando a álgebra do modelo IS-LM. As equações básicas (simplificadas) são: 1 Curvals:Y = C(Y —T)+I(r)+G + Função Investimento: I = I —b-r . Onde b é a ,,
caderno3 (md),05 — 🤪 TPS Economia 03.1 - Nidi/Jacqueline Bueno - Mosqueteiros,173,IMAGEM 216,verso,TEXTO,sim,absorver no 📖 e cortar, Demonstração Matemática Multiplicador da Política Fiscal no IS-LM O multiplicador fiscal no modelo IS-LM completo é: 1 AY _ AG 1-c(1—#) + 5 Onde: . c= propensão marginal a consumir t =alíquota tributária b= sensibilidad,,
caderno3 (md),05 — 🤪 TPS Economia 03.1 - Nidi/Jacqueline Bueno - Mosqueteiros,173,IMAGEM 217,verso,GRÁFICO,sim,redesenho didático se passar no teste do quadro-negro; senão cortar," Descrição visual para reconstrução: Comparação da eficácia da política fiscal com LM menos inclinada e LM mais inclinada. Em dois painéis, IS desloca-se para a direita (IS0→IS1); LM é relativamente plana no primeiro e í",,
caderno3 (md),05 — 🤪 TPS Economia 03.1 - Nidi/Jacqueline Bueno - Mosqueteiros,174,IMAGEM 218,verso,DIAGRAMA,sim,redesenho didático se passar no teste do quadro-negro; senão cortar," Descrição visual para reconstrução: Diagrama-resumo de política macroeconômica/IS–LM, com caixas e pequenos gráficos conectados por setas. Organiza efeitos de políticas fiscal e monetária conforme inclinação/posição das",,
caderno3 (md),05 — 🤪 TPS Economia 03.1 - Nidi/Jacqueline Bueno - Mosqueteiros,174,IMAGEM 219,verso,GRÁFICO,sim,redesenho didático se passar no teste do quadro-negro; senão cortar," Descrição visual para reconstrução: Quatro pequenos gráficos sobre eficácia das políticas no modelo IS–LM, comparando LM horizontal/vertical/íngreme e deslocamentos de IS ou LM. Eixos são taxa de juros e renda; setas/ró",,
caderno3 (md),05 — 🤪 TPS Economia 03.1 - Nidi/Jacqueline Bueno - Mosqueteiros,174,IMAGEM 220,verso,TABELA,sim,absorver no 📖 (lista ou tabela ≥ 3 colunas), inl QUADRO RESUMO: EFICÁCIA DAS POLÍTICAS NA LM Inclinação da LM Elasticidade-Juros Eficácia Política Eficácia Política Fiscal Monetária ALTA \| + PLANA ‘> MUITO XXX INEFICAZ EFICAZ VERTICAL (+) BAIXA XXX INEFICAZ MUITO,,
caderno3 (md),05 — 🤪 TPS Economia 03.1 - Nidi/Jacqueline Bueno - Mosqueteiros,175,IMAGEM 221,verso,TEXTO,sim,absorver no 📖 e cortar," Exemplificando o teorema de coase A ideia original desenvolvida por Coase foi demonstrada com um exemplo de duas fazendas. A fazenda ""A"" cria gado, e o gado geralmente invade os campos da fazenda vizinha, a fazenda “B”,",,
caderno3 (md),05 — 🤪 TPS Economia 03.1 - Nidi/Jacqueline Bueno - Mosqueteiros,176,IMAGEM 222,verso,GRÁFICO,sim,redesenho didático se passar no teste do quadro-negro; senão cortar, Descrição visual para reconstrução: Gráfico de monopólio/regulação. Eixo vertical custo/preço por unidade e horizontal quantidade. Demanda é descendente; receita marginal é mais inclinada; curvas de custo médio e custo ,,
caderno3 (md),05 — 🤪 TPS Economia 03.1 - Nidi/Jacqueline Bueno - Mosqueteiros,176,IMAGEM 223,verso,GRÁFICO,sim,redesenho didático se passar no teste do quadro-negro; senão cortar, Descrição visual para reconstrução: Gráfico de monopólio/regulação. Eixo vertical custo/preço por unidade e horizontal quantidade. Demanda é descendente; receita marginal é mais inclinada; curvas de custo médio e custo ,,
caderno3 (md),05 — 🤪 TPS Economia 03.1 - Nidi/Jacqueline Bueno - Mosqueteiros,176,IMAGEM 224,verso,TEXTO,sim,absorver no 📖 e cortar," Por isso, dizemos que p=CMg é a solução ideal, ou melhor opção, mas ela nem sempre será possível, porque em alguns casos, ao igualar preço e custo marginal, o monopolista acaba arcando com um custo médio superior ao seu",,
caderno3 (md),05 — 🤪 TPS Economia 03.1 - Nidi/Jacqueline Bueno - Mosqueteiros,176,IMAGEM 225,verso,TEXTO,sim,absorver no 📖 e cortar," Porfim, temos a situação na qual o governo fixação do preço no ponto de contato entre as curvas de demanda e de custo médio, ao preço Pa Dessa forma, o monopolista obtem lucro econômico zero - remunerando seus fatores d",,
caderno3 (md),05 — 🤪 TPS Economia 03.1 - Nidi/Jacqueline Bueno - Mosqueteiros,176,IMAGEM 226,verso,TEXTO,sim,absorver no 📖 e cortar," Essa assertiva está ERRADA. Abaixo, apresento a explicação detalhada, a análise econômica, as fórmulas envolvidas e a correção da frase. 1. O Veredito: Por que está errada? A afirmação é falsa porque, em um Monopólio Na",,
caderno3 (md),05 — 🤪 TPS Economia 03.1 - Nidi/Jacqueline Bueno - Mosqueteiros,176,IMAGEM 227,verso,TEXTO,sim,absorver no 📖 e cortar," 3. Explicando os Cálculos e Fórmulas Vamos traduzir o “economés"" para a matemática básica da firma. A. As Variáveis . P: Preço do serviço. . Q: Quantidade de serviços prestados. CT: Custo Total (CustoFixo + CustoVariáve",,
caderno3 (md),05 — 🤪 TPS Economia 03.1 - Nidi/Jacqueline Bueno - Mosqueteiros,176,IMAGEM 228,verso,TEXTO,sim,absorver no 📖 e cortar, 5. Comparativo: Estruturas de Mercado Aqui está uma tabela didática para você visualizar onde o Monopólio Natural se encaixa em relação aos outros modelos. Característica Concorrência Concorrência Oligopólio Monopólio P,,
caderno3 (md),05 — 🤪 TPS Economia 03.1 - Nidi/Jacqueline Bueno - Mosqueteiros,176,IMAGEM 229,verso,TEXTO,sim,absorver no 📖 e cortar, Os Custos Relevantes Conceito Fórmula Significado CT=CF+CV Soma dos custos fixos e variáveis Custo Total (CT) Custo Fixo (CF) Constante Não varia com a produção (ex: rede elétrica instalada) Custo Variável (CV) CV(Q) Va,,
caderno3 (md),05 — 🤪 TPS Economia 03.1 - Nidi/Jacqueline Bueno - Mosqueteiros,176,IMAGEM 230,verso,GRÁFICO,sim,redesenho didático se passar no teste do quadro-negro; senão cortar," Descrição visual para reconstrução: Painel econômico com curvas de mercado/custos e pontos de equilíbrio. Eixos são preço/custo e quantidade; curvas de demanda/receita e custos se cruzam, com linhas tracejadas e anotaçõ",,
caderno3 (md),05 — 🤪 TPS Economia 03.1 - Nidi/Jacqueline Bueno - Mosqueteiros,176,IMAGEM 231,verso,TEXTO,sim,absorver no 📖 e cortar, Tabela Comparativa: Estruturas de Mercado Característica Concorrência Concorrência Monopólio Monopólio Oligopólio Perfeita Natural Monopolística Nº de firmas Muitas Uma Uma Poucas Muitas Barreiras à Nenhuma Altas Muito ,,
caderno3 (md),05 — 🤪 TPS Economia 03.1 - Nidi/Jacqueline Bueno - Mosqueteiros,176,IMAGEM 232,verso,TEXTO,sim,absorver no 📖 e cortar," Reescrita Correta da Assertiva Versão corrigida: ""Na regulação de um monopólio natural relativo à prestação de um serviço público, a eficiência alocativa teórica (first best) seria obtida por meio da fixação do preço em",,
caderno3 (md),05 — 🤪 TPS Economia 03.1 - Nidi/Jacqueline Bueno - Mosqueteiros,176,IMAGEM 233,verso,TEXTO,sim,absorver no 📖 e cortar, Tabela comparando estruturas de mercado (incl do monopólio natural) Barreiras à Regra de decisão Relação típica entre Estrutura Nº de firmas Produto entrada (essencial) preços e custos Eficiência (em geral) Observação-c,,
caderno3 (md),05 — 🤪 TPS Economia 03.1 - Nidi/Jacqueline Bueno - Mosqueteiros,176,IMAGEM 234,verso,TEXTO,sim,absorver no 📖 e cortar," Tabela Comparando Estruturas de Mercado Abaixo, uma tabela comparando o monopólio natural com outras estruturas de mercado principais. Foquei em aspectos relevantes: número de firmas, barreiras, preço vs. MC, eficiência",,
caderno3 (md),05 — 🤪 TPS Economia 03.1 - Nidi/Jacqueline Bueno - Mosqueteiros,176,IMAGEM 235,verso,TEXTO,sim,absorver no 📖 e cortar," ee ee eee A afirmação de que regular um monopólio natural apenas fixando seu preço ao custo marginal é errada porque essa regra, embora eficiente na teoria, gera prejuizos inevitáveis para a empresa, tornando-a inviável",,
caderno3 (md),05 — 🤪 TPS Economia 03.1 - Nidi/Jacqueline Bueno - Mosqueteiros,176,IMAGEM 236,verso,TEXTO,sim,absorver no 📖 e cortar," Q Comparação com Outras Estruturas de Mercado Cada estrutura de mercado apresenta uma lógica diferente para a formação de preços. A tabela “abaixo resume as características principais e a relação entre preço e custo, qu",,
caderno3 (md),05 — 🤪 TPS Economia 03.1 - Nidi/Jacqueline Bueno - Mosqueteiros,177,IMAGEM 237,verso,TEXTO,sim,absorver no 📖 e cortar, Síntese Comparativa das Teorias Aspecto Interesse Público Captura Competição entre Grupos Motivação do Bem-estar social Interesses do setor Maximização de apoio político regulador regulado Beneficiário Sociedade Produto,,
caderno3 (md),05 — 🤪 TPS Economia 03.1 - Nidi/Jacqueline Bueno - Mosqueteiros,177,IMAGEM 238,verso,TEXTO,sim,absorver no 📖 e cortar, 6) Tabela-relâmpago: teorias de regulação Teoria “Regulação é. Motor principal Previsão típica Interesse público correção de falhas de bem-estar social (normativo) regras pró-eficiência/consumidor mercado Captura (Stigl,,
caderno3 (md),05 — 🤪 TPS Economia 03.1 - Nidi/Jacqueline Bueno - Mosqueteiros,177,IMAGEM 239,verso,TEXTO,sim,absorver no 📖 e cortar," Cenário O que a Teoria do O que a Teoria dos Grupos de Interesse diz Interesse Público diz Licenças Protege o Cria uma barreira de entrada para diminuir a oferta consumidor de Profissionais (ex: de profissionais, manten",,
caderno3 (md),05 — 🤪 TPS Economia 03.1 - Nidi/Jacqueline Bueno - Mosqueteiros,180,IMAGEM 240,verso,TEXTO,sim,absorver no 📖 e cortar," Conceito O que significa Por que é vital para a CEPAL Elasticidade-Renda Se a renda mundial Explica por que a Periferia cresce mais lentamente da Demanda (Lei de sobe 10%, a demanda que o Centro se depender apenas de ex",,
caderno3 (md),05 — 🤪 TPS Economia 03.1 - Nidi/Jacqueline Bueno - Mosqueteiros,185,IMAGEM 241,verso,TEXTO,sim,absorver no 📖 e cortar," Gabarito: ERRADO Os planos econômicos anteriores ao Real buscaram controlar a hiperinflação com medidas heterodoxas, ou seja, intervenções diretas na economia que iam além dos mecanismos tradicionais da política econômi",,
caderno3 (md),05 — 🤪 TPS Economia 03.1 - Nidi/Jacqueline Bueno - Mosqueteiros,186,IMAGEM 242,verso,TABELA,sim,absorver no 📖 (lista ou tabela ≥ 3 colunas), Fator Teoria Econômica Padrão (Maioria Caso Brasileiro (Anos 90) dos Países) Receita Cai drasticamente devido à inflação Mantém-se estável devido à indexação total Tributária (Efeito Tanzi). (UFIR) e prazos curtos. Gast,,
caderno3 (md),05 — 🤪 TPS Economia 03.1 - Nidi/Jacqueline Bueno - Mosqueteiros,187,IMAGEM 243,verso,TEXTO,sim,absorver no 📖 e cortar," METAS DO PLANO DE METAS ENERGIA (metas de 1 a 5): Energia elétrica, nuclear, carvão, produção e refino de petróleo TRANSPORTES (metas de 2 a 12): Reativar estradas de ferro, estradas de rodagem, portos, barragens, marin",,
caderno3 (md),05 — 🤪 TPS Economia 03.1 - Nidi/Jacqueline Bueno - Mosqueteiros,187,IMAGEM 244,verso,TEXTO,sim,absorver no 📖 e cortar," A alternativa correta é C - certo. O Plano de Metas foi uma iniciativa... Autor: Vanessa Campos, Monitor do Qconcursos Alternativa correta é C - certo. O Plano de Metas foi uma iniciativa do governo de Juscelino Kubitsc",,
caderno3 (md),06 — 🤪 TPS Economia 03.2 - Nidi/Jacqueline Bueno - Mosqueteiros,195,IMAGEM 245,verso,TEXTO,sim,absorver no 📖 e cortar," A incidência sobre produtores e consumidores está diretamente relacionada a elasticidade das curvas. Certamente reduzirá a quantidade vendida e comprada, é um desincentivo para ambos. Condições: 1. Imposto é a diferença",,
caderno3 (md),06 — 🤪 TPS Economia 03.2 - Nidi/Jacqueline Bueno - Mosqueteiros,195,IMAGEM 246,verso,GRÁFICO,sim,redesenho didático se passar no teste do quadro-negro; senão cortar, Descrição visual para reconstrução: Incidência de imposto em oferta e demanda. Eixo vertical P e horizontal Q. Demanda é descendente e oferta crescente; o imposto cria uma cunha vertical entre preço pago pelo consumidor,,
caderno3 (md),06 — 🤪 TPS Economia 03.2 - Nidi/Jacqueline Bueno - Mosqueteiros,195,IMAGEM 247,verso,GRÁFICO,sim,redesenho didático se passar no teste do quadro-negro; senão cortar, Descrição visual para reconstrução: Incidência de imposto em oferta e demanda. Eixo vertical P e horizontal Q. Demanda é descendente e oferta crescente; o imposto cria uma cunha vertical entre preço pago pelo consumidor,,
caderno3 (md),06 — 🤪 TPS Economia 03.2 - Nidi/Jacqueline Bueno - Mosqueteiros,195,IMAGEM 248,verso,GRÁFICO,sim,redesenho didático se passar no teste do quadro-negro; senão cortar, Descrição visual para reconstrução: Incidência de imposto em oferta e demanda. Eixo vertical P e horizontal Q. Demanda é descendente e oferta crescente; o imposto cria uma cunha vertical entre preço pago pelo consumidor,,
caderno3 (md),06 — 🤪 TPS Economia 03.2 - Nidi/Jacqueline Bueno - Mosqueteiros,195,IMAGEM 249,verso,GRÁFICO,sim,redesenho didático se passar no teste do quadro-negro; senão cortar, Descrição visual para reconstrução: Incidência de imposto em oferta e demanda. Eixo vertical P e horizontal Q. Demanda é descendente e oferta crescente; o imposto cria uma cunha vertical entre preço pago pelo consumidor,,
caderno3 (md),06 — 🤪 TPS Economia 03.2 - Nidi/Jacqueline Bueno - Mosqueteiros,196,IMAGEM 250,verso,TEXTO,sim,absorver no 📖 e cortar," Um aumento no imposto sobre o consumo de um bem cuja demanda e oferta tenham elasticidades unitárias incidirá apenas sobre o bem-estar do consumidor, pois as firmas conseguem repassar o tributo totalmente no novo preço ",,
caderno3 (md),06 — 🤪 TPS Economia 03.2 - Nidi/Jacqueline Bueno - Mosqueteiros,196,IMAGEM 251,verso,GRÁFICO,sim,redesenho didático se passar no teste do quadro-negro; senão cortar, Descrição visual para reconstrução: Incidência de imposto em oferta e demanda. Eixo vertical P e horizontal Q. Demanda é descendente e oferta crescente; o imposto cria uma cunha vertical entre preço pago pelo consumidor,,
caderno3 (md),06 — 🤪 TPS Economia 03.2 - Nidi/Jacqueline Bueno - Mosqueteiros,196,IMAGEM 252,verso,GRÁFICO,sim,redesenho didático se passar no teste do quadro-negro; senão cortar, Descrição visual para reconstrução: Incidência de imposto em oferta e demanda. Eixo vertical P e horizontal Q. Demanda é descendente e oferta crescente; o imposto cria uma cunha vertical entre preço pago pelo consumidor,,
caderno3 (md),06 — 🤪 TPS Economia 03.2 - Nidi/Jacqueline Bueno - Mosqueteiros,197,IMAGEM 253,verso,TEXTO,sim,absorver no 📖 e cortar," 3. Um imposto sobre o consumo de produtos viciantes tem redução pequena no bem-estar dos consumidores, uma vez que a demanda desses produtos é altamente elástica. ",,
caderno3 (md),06 — 🤪 TPS Economia 03.2 - Nidi/Jacqueline Bueno - Mosqueteiros,197,IMAGEM 254,verso,GRÁFICO,sim,redesenho didático se passar no teste do quadro-negro; senão cortar, Descrição visual para reconstrução: Incidência de imposto em oferta e demanda. Eixo vertical P e horizontal Q. Demanda é descendente e oferta crescente; o imposto cria uma cunha vertical entre preço pago pelo consumidor,,
caderno3 (md),06 — 🤪 TPS Economia 03.2 - Nidi/Jacqueline Bueno - Mosqueteiros,198,IMAGEM 255,verso,GRÁFICO,sim,redesenho didático se passar no teste do quadro-negro; senão cortar, Descrição visual para reconstrução: Incidência de imposto em oferta e demanda. Eixo vertical P e horizontal Q. Demanda é descendente e oferta crescente; o imposto cria uma cunha vertical entre preço pago pelo consumidor,,
caderno3 (md),06 — 🤪 TPS Economia 03.2 - Nidi/Jacqueline Bueno - Mosqueteiros,198,IMAGEM 256,verso,GRÁFICO,sim,redesenho didático se passar no teste do quadro-negro; senão cortar, Descrição visual para reconstrução: Incidência de imposto em oferta e demanda. Eixo vertical P e horizontal Q. Demanda é descendente e oferta crescente; o imposto cria uma cunha vertical entre preço pago pelo consumidor,,
caderno3 (md),06 — 🤪 TPS Economia 03.2 - Nidi/Jacqueline Bueno - Mosqueteiros,199,IMAGEM 257,verso,TEXTO,sim,absorver no 📖 e cortar," . A imposição de preço máximo necessariamente conduz à perda de bem-estar e ao desabastecimento, independente da estrutura de mercado prevalecente. ",,
caderno3 (md),06 — 🤪 TPS Economia 03.2 - Nidi/Jacqueline Bueno - Mosqueteiros,199,IMAGEM 258,verso,GRÁFICO,sim,redesenho didático se passar no teste do quadro-negro; senão cortar, Descrição visual para reconstrução: Gráfico de monopólio. Eixo vertical preço/custo e horizontal quantidade. Demanda/RMe é descendente; receita marginal (RMg) fica abaixo/é mais inclinada; CMg é crescente e CMe pode apa,,
caderno3 (md),06 — 🤪 TPS Economia 03.2 - Nidi/Jacqueline Bueno - Mosqueteiros,199,IMAGEM 259,verso,TEXTO,sim,absorver no 📖 e cortar, 3. Resumo Comparativo Cenário Resultado na Resultado no Ação: Preço Máximo (efetivo) Quantidade Bem-Estar Concorrência Preço fixado abaixo do Cai Cai (Peso Perfeita (Desabastecimento) Morto equilibrio aumenta) Monopólio,,
caderno3 (md),06 — 🤪 TPS Economia 03.2 - Nidi/Jacqueline Bueno - Mosqueteiros,200,IMAGEM 260,verso,TEXTO,sim,absorver no 📖 e cortar," “Em condições de monopólio, a imposição de um imposto sobre os lucros irá acarretar aumento do preço e queda da quantidade produzida pela firma monopolista. ",,
caderno3 (md),06 — 🤪 TPS Economia 03.2 - Nidi/Jacqueline Bueno - Mosqueteiros,200,IMAGEM 261,verso,GRÁFICO,sim,redesenho didático se passar no teste do quadro-negro; senão cortar, Descrição visual para reconstrução: Gráfico de monopólio. Eixo vertical preço/custo e horizontal quantidade. Demanda/RMe é descendente; receita marginal (RMg) fica abaixo/é mais inclinada; CMg é crescente e CMe pode apa,,
caderno3 (md),06 — 🤪 TPS Economia 03.2 - Nidi/Jacqueline Bueno - Mosqueteiros,200,IMAGEM 262,verso,FÓRMULA,sim,transcrever como texto no 📖, a 2 (U-Bão ,,
caderno3 (md),06 — 🤪 TPS Economia 03.2 - Nidi/Jacqueline Bueno - Mosqueteiros,201,IMAGEM 263,verso,GRÁFICO,sim,redesenho didático se passar no teste do quadro-negro; senão cortar, Descrição visual para reconstrução: Gráfico de comércio exterior com tarifa/tributo. Eixo vertical preço e horizontal quantidade. Oferta doméstica é crescente e demanda doméstica decrescente; linhas horizontais/tracejad,,
caderno3 (md),06 — 🤪 TPS Economia 03.2 - Nidi/Jacqueline Bueno - Mosqueteiros,201,IMAGEM 264,verso,GRÁFICO,sim,redesenho didático se passar no teste do quadro-negro; senão cortar, Descrição visual para reconstrução: Gráfico de comércio exterior com tarifa/tributo. Eixo vertical preço e horizontal quantidade. Oferta doméstica é crescente e demanda doméstica decrescente; linhas horizontais/tracejad,,
caderno3 (md),06 — 🤪 TPS Economia 03.2 - Nidi/Jacqueline Bueno - Mosqueteiros,201,IMAGEM 265,verso,GRÁFICO,sim,redesenho didático se passar no teste do quadro-negro; senão cortar, Descrição visual para reconstrução: Gráfico de comércio exterior com tarifa/tributo. Eixo vertical preço e horizontal quantidade. Oferta doméstica é crescente e demanda doméstica decrescente; linhas horizontais/tracejad,,
caderno3 (md),06 — 🤪 TPS Economia 03.2 - Nidi/Jacqueline Bueno - Mosqueteiros,201,IMAGEM 266,verso,TEXTO,sim,absorver no 📖 e cortar, Sem a tarifa Os produtores perdem C para os consumidores Os consumidores recuperam E e G por causa do aumento da maior quantidade de bens que têm acesso ,,
caderno3 (md),06 — 🤪 TPS Economia 03.2 - Nidi/Jacqueline Bueno - Mosqueteiros,202,IMAGEM 267,verso,TEXTO,sim,absorver no 📖 e cortar, Imposição de Imposto sobre Margem de Lucro e Equilíbrio de Primeira Ordem A Assertiva A afirmação está correta e representa um resultado clássico da microeconomia. Um imposto sobre o lucro (não sobre a receita ou sobre ,,
caderno3 (md),06 — 🤪 TPS Economia 03.2 - Nidi/Jacqueline Bueno - Mosqueteiros,202,IMAGEM 268,verso,TEXTO,sim,absorver no 📖 e cortar," Validade em Diferentes Estruturas de Mercado Estrutura Por que a CPO permanece inalterada Concorrência Perfeita P = Cmg continua válido; o imposto reduz o lucro econômico (ou aumenta o prejuízo), mas não muda a quantida",,
caderno3 (md),06 — 🤪 TPS Economia 03.2 - Nidi/Jacqueline Bueno - Mosqueteiros,203,IMAGEM 269,frente,TEXTO,sim,transcrever como texto, BALANÇO DE PAGAMENTOS (EM US$ BILHÕES) Exportações 120 Importações 110 Donativos recebidos de ONGS sediadas no exterior 18 Investimentos para ampliação de empreendimento industrial Reinvestimento de lucros de uma multin,,
caderno3 (md),06 — 🤪 TPS Economia 03.2 - Nidi/Jacqueline Bueno - Mosqueteiros,203,IMAGEM 270,verso,TABELA,sim,absorver no 📖 (lista ou tabela ≥ 3 colunas), LANÇAMENTOS EM VERMELHO E CONTRAPARTIDA EM ROXO Balanço de Pagamentos. PARTIDAS DOBRADAS: TODA PARTIDA (VERMELHO) GERA UMA CONTRAPARTIDA MONETÁRIA (RO) xo) BALANÇO DE PAGAMENTOS (EM US$ BILHÕES) E Corta franca Vamos = 7,,
caderno3 (md),06 — 🤪 TPS Economia 03.2 - Nidi/Jacqueline Bueno - Mosqueteiros,203,IMAGEM 271,verso,TEXTO,sim,absorver no 📖 e cortar, 1. O balanço de serviços apresentou saldo negativo de USS 43 bilhões. Saldo: -13 -9 -6 = -28 ,,
caderno3 (md),06 — 🤪 TPS Economia 03.2 - Nidi/Jacqueline Bueno - Mosqueteiros,203,IMAGEM 272,verso,TEXTO,sim,absorver no 📖 e cortar," Conta Subcontas Transações Correntes Bens, Serviços, Renda Primária, Renda Secundária Conta Capital Transferências de capital Conta Financeira IED, Carteira, Derivativos, Outros Investimentos, Reservas A separação entre",,
caderno3 (md),06 — 🤪 TPS Economia 03.2 - Nidi/Jacqueline Bueno - Mosqueteiros,203,IMAGEM 273,verso,TEXTO,sim,absorver no 📖 e cortar," Saldo de Servikes = —(13+9+6) Saldo de Servikes = —28 bilhões Fato: O déficit real na conta de serviços é de US$ 28 bilhões, e não de US$ 43 bilhões. ",,
caderno3 (md),06 — 🤪 TPS Economia 03.2 - Nidi/Jacqueline Bueno - Mosqueteiros,203,IMAGEM 274,verso,TEXTO,sim,absorver no 📖 e cortar, 2. Diagnóstico do Erro (Por que chegaram a 43?) O valor de 43 bilhões foi obtido incorretamente ao somar o saldo de serviços (28) com a Remessa de lucros por filiais de empresas estrangeiras (15). 28 (Servites) + 15 (Lu,,
caderno3 (md),06 — 🤪 TPS Economia 03.2 - Nidi/Jacqueline Bueno - Mosqueteiros,204,IMAGEM 269,frente,TEXTO,sim,transcrever como texto, BALANÇO DE PAGAMENTOS (EM US$ BILHÕES) Exportações 120 Importações 110 Donativos recebidos de ONGS sediadas no exterior 18 Investimentos para ampliação de empreendimento industrial Reinvestimento de lucros de uma multin,,
caderno3 (md),06 — 🤪 TPS Economia 03.2 - Nidi/Jacqueline Bueno - Mosqueteiros,204,IMAGEM 270,verso,TABELA,sim,absorver no 📖 (lista ou tabela ≥ 3 colunas), LANÇAMENTOS EM VERMELHO E CONTRAPARTIDA EM ROXO Balanço de Pagamentos. PARTIDAS DOBRADAS: TODA PARTIDA (VERMELHO) GERA UMA CONTRAPARTIDA MONETÁRIA (RO) xo) BALANÇO DE PAGAMENTOS (EM US$ BILHÕES) E Corta franca Vamos = 7,,
caderno3 (md),06 — 🤪 TPS Economia 03.2 - Nidi/Jacqueline Bueno - Mosqueteiros,204,IMAGEM 275,verso,TEXTO,sim,absorver no 📖 e cortar, BP —BK —BF = Variação do Saldo de Reservas ,,
caderno3 (md),06 — 🤪 TPS Economia 03.2 - Nidi/Jacqueline Bueno - Mosqueteiros,204,IMAGEM 276,verso,TEXTO,sim,absorver no 📖 e cortar, BP Global (Deficitário) + Variakéo de Reservas (Crédito) = 0 ,,
caderno3 (md),06 — 🤪 TPS Economia 03.2 - Nidi/Jacqueline Bueno - Mosqueteiros,204,IMAGEM 277,verso,TEXTO,sim,absorver no 📖 e cortar, Conta Saldo -50 Transações Correntes +2 Conta Capital +30 Conta Financeira (autônoma) Saldo antes de reservas 18 +18 Variação de Reservas Saldo Final do BP O sinal positivo na variação de reservas indica redução do esto,,
caderno3 (md),06 — 🤪 TPS Economia 03.2 - Nidi/Jacqueline Bueno - Mosqueteiros,205,IMAGEM 269,frente,TEXTO,sim,transcrever como texto, BALANÇO DE PAGAMENTOS (EM US$ BILHÕES) Exportações 120 Importações 110 Donativos recebidos de ONGS sediadas no exterior 18 Investimentos para ampliação de empreendimento industrial Reinvestimento de lucros de uma multin,,
caderno3 (md),06 — 🤪 TPS Economia 03.2 - Nidi/Jacqueline Bueno - Mosqueteiros,205,IMAGEM 270,verso,TABELA,sim,absorver no 📖 (lista ou tabela ≥ 3 colunas), LANÇAMENTOS EM VERMELHO E CONTRAPARTIDA EM ROXO Balanço de Pagamentos. PARTIDAS DOBRADAS: TODA PARTIDA (VERMELHO) GERA UMA CONTRAPARTIDA MONETÁRIA (RO) xo) BALANÇO DE PAGAMENTOS (EM US$ BILHÕES) E Corta franca Vamos = 7,,
caderno3 (md),06 — 🤪 TPS Economia 03.2 - Nidi/Jacqueline Bueno - Mosqueteiros,205,IMAGEM 278,verso,TEXTO,sim,absorver no 📖 e cortar," Aquisição no mercado secundári trata-se de revenda de um ativo já existente, foi um aumento de capital no IPO Reinvestimento de lucros: capital produzido por essa economia sendo aplicado em investimento (FBKF) ",,
caderno3 (md),06 — 🤪 TPS Economia 03.2 - Nidi/Jacqueline Bueno - Mosqueteiros,205,IMAGEM 279,verso,TEXTO,sim,absorver no 📖 e cortar, Classificação no Balanço de Pagamentos Essa distinção conceitual reflete-se na própria estrutura do BP: Operação Classificação Efeito sobre estoque de capital Investimento para ampliação de IED - modalidade Aumenta (rec,,
caderno3 (md),06 — 🤪 TPS Economia 03.2 - Nidi/Jacqueline Bueno - Mosqueteiros,206,IMAGEM 269,frente,TEXTO,sim,transcrever como texto, BALANÇO DE PAGAMENTOS (EM US$ BILHÕES) Exportações 120 Importações 110 Donativos recebidos de ONGS sediadas no exterior 18 Investimentos para ampliação de empreendimento industrial Reinvestimento de lucros de uma multin,,
caderno3 (md),06 — 🤪 TPS Economia 03.2 - Nidi/Jacqueline Bueno - Mosqueteiros,206,IMAGEM 270,verso,TABELA,sim,absorver no 📖 (lista ou tabela ≥ 3 colunas), LANÇAMENTOS EM VERMELHO E CONTRAPARTIDA EM ROXO Balanço de Pagamentos. PARTIDAS DOBRADAS: TODA PARTIDA (VERMELHO) GERA UMA CONTRAPARTIDA MONETÁRIA (RO) xo) BALANÇO DE PAGAMENTOS (EM US$ BILHÕES) E Corta franca Vamos = 7,,
caderno3 (md),06 — 🤪 TPS Economia 03.2 - Nidi/Jacqueline Bueno - Mosqueteiros,206,IMAGEM 280,verso,TEXTO,sim,absorver no 📖 e cortar," Na metodologia BPM, os conceitos das contas financeira e de capital eram diferentes de hoje (BPM6) Hoje, a conta capital refere-se aos ativos não-financeiros e não-produzidos e as transferências de capital, enquanto a c",,
caderno3 (md),06 — 🤪 TPS Economia 03.2 - Nidi/Jacqueline Bueno - Mosqueteiros,206,IMAGEM 281,verso,TEXTO,sim,absorver no 📖 e cortar," Capital autônomo: refere-se ao fluxo de capitais de iniciativa dos agentes econômicos baseados nas suas decisões de investimento e financiamento Ex: carteira, IDE, empréstimos e financiamentos voluntários dos agentes Ca",,
caderno3 (md),06 — 🤪 TPS Economia 03.2 - Nidi/Jacqueline Bueno - Mosqueteiros,206,IMAGEM 282,verso,TEXTO,sim,absorver no 📖 e cortar, Interpretação provável da banca (2014): Item Valor Classificação BPM5 Investimentos para ampliação industrial 18 IED (autônomo) Aplicação de estrangeiros em ações (mercado secundário) il Carteira (aut6nomo) Total de Cap,,
caderno3 (md),06 — 🤪 TPS Economia 03.2 - Nidi/Jacqueline Bueno - Mosqueteiros,206,IMAGEM 283,verso,TEXTO,sim,absorver no 📖 e cortar," Metodologia BPM6 (Atual) — Resposta: US$ 54 bilhões O BPM6, adotado pelo Brasil em 2015, reorganizou completamente a estrutura: Todos os itens abaixo são Conta Financeira Autônoma: Item Valor Subconta BPM6 Investimentos",,
caderno3 (md),06 — 🤪 TPS Economia 03.2 - Nidi/Jacqueline Bueno - Mosqueteiros,206,IMAGEM 284,verso,TEXTO,sim,absorver no 📖 e cortar, Estrutura BPMS (pré-2015) BALANÇO DE PAGAMENTOS [e Transações Correntes \| [o Balança Comercial \| t Balança de Serviços \| t Balança de Rendas L- Transferências Unilaterais \| \| [e Conta Capital e Financeira (frequent,,
caderno3 (md),06 — 🤪 TPS Economia 03.2 - Nidi/Jacqueline Bueno - Mosqueteiros,206,IMAGEM 285,verso,TEXTO,sim,absorver no 📖 e cortar," Principais Mudanças Conceituais BPMS BPM6 Aspecto Incluía fluxos financeiros Conta Capital Apenas ativos não-financeiros não-produzidos e transferências de capital Conta Financeira Parte da ""Conta Capital e Conta separa",,
caderno3 (md),06 — 🤪 TPS Economia 03.2 - Nidi/Jacqueline Bueno - Mosqueteiros,206,IMAGEM 286,verso,TEXTO,sim,absorver no 📖 e cortar," 4. A Reescrita Correta (Comparada) Se você tivesse que responder essa questão hoje, com a mentalidade BPM6 e foco econômico, a resposta seria muito diferente. Item Tratamento “Banca Tratamento Moderno / Antiga/Caixa"" (R",,
caderno3 (md),06 — 🤪 TPS Economia 03.2 - Nidi/Jacqueline Bueno - Mosqueteiros,206,IMAGEM 287,verso,TEXTO,sim,absorver no 📖 e cortar, Saldo = (18 +10 + 11422) —7 Saldo = 61 —7 Saldo de Capitais Autônomos = +54 bilhões ,,
caderno3 (md),06 — 🤪 TPS Economia 03.2 - Nidi/Jacqueline Bueno - Mosqueteiros,206,IMAGEM 288,verso,TEXTO,sim,absorver no 📖 e cortar," Identificação dos Itens na Tabela Analisando os dados fornecidos, os componentes da Conta Financeira Autônoma são: Kem Natureza Sinal Valor (US$ bi) 18 IED - entrada +18 Investimentos para ampliação de empreendimento in",,
caderno3 (md),06 — 🤪 TPS Economia 03.2 - Nidi/Jacqueline Bueno - Mosqueteiros,207,IMAGEM 289,verso,TEXTO,sim,absorver no 📖 e cortar," Resultado Primário (acima da linha): Refere-se à diferença entre receitas e gastos correntes Basicamente, arrecadação e o gasto direto Resultado Nominal (abaixo da linha): Obtido quando acrescentamos ao resultado primár",,
caderno3 (md),06 — 🤪 TPS Economia 03.2 - Nidi/Jacqueline Bueno - Mosqueteiros,207,IMAGEM 290,verso,TEXTO,sim,absorver no 📖 e cortar, A relação entre os conceitos A definição canônica parte do déficit nominal (também chamado de Necessidade de Financiamento do Setor Público - NFSP no conceito nominal): Déficit Nominal = Déficit Primário + Juros Nominai,,
caderno3 (md),06 — 🤪 TPS Economia 03.2 - Nidi/Jacqueline Bueno - Mosqueteiros,207,IMAGEM 291,verso,TEXTO,sim,absorver no 📖 e cortar," 1. A Equação Fundamental A assertiva descreve uma subtração simples, mas poderosa. Em termos matemáticos formais, a relação é expressa da seguinte maneira: Déficit Primário = Déficit Nominal — Pagamento de Juros Nominai",,
caderno3 (md),06 — 🤪 TPS Economia 03.2 - Nidi/Jacqueline Bueno - Mosqueteiros,207,IMAGEM 292,verso,TEXTO,sim,absorver no 📖 e cortar," Resumo Comparativo Conceito Fórmula O que mede? Quem controla mais? Simplificada Primário Receitas - Despesas O esforço fiscal atual Ministério da (sem juros) (“o cinto apertado""). Fazenda / Orçamento Nominal Primário -",,
caderno3 (md),06 — 🤪 TPS Economia 03.2 - Nidi/Jacqueline Bueno - Mosqueteiros,208,IMAGEM 293,verso,TEXTO,sim,absorver no 📖 e cortar," Resultado Nominal = Resultado Positivo — Despesas Financeiras = O O resultado deste ano não aumentou o estoque da dívida, já que o resultado nominal é zero mas também não há margem para reduzir a dívida acumulada dos an",,
caderno3 (md),06 — 🤪 TPS Economia 03.2 - Nidi/Jacqueline Bueno - Mosqueteiros,208,IMAGEM 294,verso,TEXTO,sim,absorver no 📖 e cortar," A Equação Fundamental da Dinâmica da Dívida A evolução do estoque da dívida pública ao longo do tempo pode ser expressa pela seguinte identidade: Di=Da+(G —-T)+i-Dea Onde: D, = estoque da dívida no período atual D;-4 = ",,
caderno3 (md),06 — 🤪 TPS Economia 03.2 - Nidi/Jacqueline Bueno - Mosqueteiros,208,IMAGEM 295,verso,TEXTO,sim,absorver no 📖 e cortar," Extensão: A Relação Dívida/PIB Na prática, os economistas trabalham mais frequentemente com a razão dívida/PIB (d = D/Y), cuja dinâmica é dada por: Ad = —sp+ (r—g)- da Onde g é a taxa de crescimento real do PIB e sp é o",,
caderno3 (md),06 — 🤪 TPS Economia 03.2 - Nidi/Jacqueline Bueno - Mosqueteiros,208,IMAGEM 296,verso,TEXTO,sim,absorver no 📖 e cortar," A assertiva está correta e é, basicamente, uma forma de escrever a condição de estabilidade da dívida pública em termos reais. 1) Tradução da frase para “linguagem de contas públicas” . Estoque de dívida pública real co",,
caderno3 (md),06 — 🤪 TPS Economia 03.2 - Nidi/Jacqueline Bueno - Mosqueteiros,208,IMAGEM 297,verso,TEXTO,sim,absorver no 📖 e cortar," 5) Pegadinhas e limites da assertiva (onde o examinador costuma explorar) A frase, do jeito que está, fala de estoque real constante. Isso é diferente de: (a) Divida/PIB constante Para divida/PIB ficar constante, não ba",,
caderno3 (md),06 — 🤪 TPS Economia 03.2 - Nidi/Jacqueline Bueno - Mosqueteiros,208,IMAGEM 298,verso,TEXTO,sim,absorver no 📖 e cortar," Essa assertiva é correta e descreve o princípio fundamental da Dinâmica da Divida Pública sob a ótica da restrição orçamentária do governo. Para que o estoque da dívida não cresça em termos reais (ou seja, descontada a ",,
caderno3 (md),06 — 🤪 TPS Economia 03.2 - Nidi/Jacqueline Bueno - Mosqueteiros,208,IMAGEM 299,verso,TEXTO,sim,absorver no 📖 e cortar," 2. Contextualização dos Conceitos Para entender a profundidade dessa frase, é necessário desmembrar os termos econômicos utilizados: A. O que é ""Estoque em Termos Re: Falar em “termos reais” significa que estamos ignora",,
caderno3 (md),06 — 🤪 TPS Economia 03.2 - Nidi/Jacqueline Bueno - Mosqueteiros,208,IMAGEM 300,verso,TEXTO,sim,absorver no 📖 e cortar," 4. Nuance Importante: Divida Absoluta vs. Divida/PIB A assertiva fala sobre o estoque total da dívida. No entanto, na análise macroeconômica, é mais comum olharmos para a razão Divida/PIB. Existe uma diferença crucial a",,
caderno3 (md),06 — 🤪 TPS Economia 03.2 - Nidi/Jacqueline Bueno - Mosqueteiros,209,IMAGEM 301,verso,TEXTO,sim,absorver no 📖 e cortar, 3. De acordo corre gprineípivuia eiididaremeraiRnearaianaa inafigratmento do déficit orçamentário corrente do governo promove uma elevação do nível de atividade econômica. ,,
caderno3 (md),06 — 🤪 TPS Economia 03.2 - Nidi/Jacqueline Bueno - Mosqueteiros,210,IMAGEM 302,verso,TEXTO,sim,absorver no 📖 e cortar," Se o consumo permanece inalterado, a demanda agregada e o produto da economia não se alteram ",,
caderno3 (md),06 — 🤪 TPS Economia 03.2 - Nidi/Jacqueline Bueno - Mosqueteiros,211,IMAGEM 303,verso,TEXTO,sim,absorver no 📖 e cortar, 1. A criação do Fundo de Participação dos Estados e Municípios pela reforma tributária do Governo Castello Branco representou um elemento importante na estratégia geral de descentralização tributárBgorreu no âmbito das ,,
caderno3 (md),06 — 🤪 TPS Economia 03.2 - Nidi/Jacqueline Bueno - Mosqueteiros,212,IMAGEM 304,verso,TABELA,sim,absorver no 📖 (lista ou tabela ≥ 3 colunas)," Arrecadação via bancária Aumento dos impostos sobre a renda de PFs Criação dos impostos sobre valor adicionado >> IPI, ICM, ISS (relativa importância no montante arrecadado) Aumento das tarifas públicas > aumento do fin",,
caderno3 (md),06 — 🤪 TPS Economia 03.2 - Nidi/Jacqueline Bueno - Mosqueteiros,213,IMAGEM 305,verso,TEXTO,sim,absorver no 📖 e cortar," Antes da criação das ORTNs o Tesouro financiava os seus déficits, sobretudo, através de emissão monetária Em contrapartida, com a ORTN, os títulos passam a pagar a inflação acrescida de algum juro real (ainda que pequen",,
caderno3 (md),06 — 🤪 TPS Economia 03.2 - Nidi/Jacqueline Bueno - Mosqueteiros,214,IMAGEM 306,verso,TEXTO,sim,absorver no 📖 e cortar," Uma das medidas saneadoras do programa fiscal do Governo Castello Branco foi a criação do Banco Central, em 1964, com ° encerramento do Orçamento Monetário, gte-ate-entde cobria-os-custos com-eréditos subsidiados. ",,
caderno3 (md),06 — 🤪 TPS Economia 03.2 - Nidi/Jacqueline Bueno - Mosqueteiros,214,IMAGEM 307,verso,TEXTO,sim,absorver no 📖 e cortar," O Orçamento Monetário surgiu junto com o Bacen, em 1964 Principal função: dimensionar as metas de expansão monetária, propostas pelo Conselho Monetário Nacional Funcionava como um exercício de previsão do balanço consol",,
caderno3 (md),06 — 🤪 TPS Economia 03.2 - Nidi/Jacqueline Bueno - Mosqueteiros,216,IMAGEM 308,verso,TEXTO,sim,absorver no 📖 e cortar," Graças à rápida recuperação das exportações depois da desvalorização cambial de 1999, o governo brasileiro só precisou recorrer ao FMI para cobrir necessidades de financiamento externo em 1999. ",,
caderno3 (md),06 — 🤪 TPS Economia 03.2 - Nidi/Jacqueline Bueno - Mosqueteiros,217,IMAGEM 309,verso,TEXTO,sim,absorver no 📖 e cortar," A Lei de Responsabilidade Fiscal, aprovada no final da década de 1980, impôs limite para as despesas com pessoal de estados e municípios, mas não incluía nessa restrição a União, o-que-viria-ocorrerno -Governo-de Fernan",,
caderno3 (md),06 — 🤪 TPS Economia 03.2 - Nidi/Jacqueline Bueno - Mosqueteiros,217,IMAGEM 310,verso,TEXTO,sim,absorver no 📖 e cortar," 1. Análise dos Erros Para compreender a gravidade das incorreções, vamos dissecar a frase original ponto a ponto: Trecho da Assertiva Veredito Explicação Fática ""aprovada no final da ERRADO A LRF (Lei Complementar nº 10",,
caderno3 (md),06 — 🤪 TPS Economia 03.2 - Nidi/Jacqueline Bueno - Mosqueteiros,217,IMAGEM 311,verso,TABELA,sim,absorver no 📖 (lista ou tabela ≥ 3 colunas), Ente Federativo Limite Global (% da RCL) União 50% Estados 60% Municipios 60% ,,
caderno3 (md),06 — 🤪 TPS Economia 03.2 - Nidi/Jacqueline Bueno - Mosqueteiros,218,IMAGEM 312,verso,TEXTO,sim,absorver no 📖 e cortar," A Lei fixa limites para despesas com pessoal e para dívida pública, determinando que sejam criadas metas para controlar receitas e despesas Adicionalmente, nenhum governante pode criar uma nova despesa continuada (por m",,
caderno3 (md),06 — 🤪 TPS Economia 03.2 - Nidi/Jacqueline Bueno - Mosqueteiros,220,IMAGEM 313,verso,TEXTO,sim,absorver no 📖 e cortar, (K/L)a > (K/L)p ,,
caderno3 (md),06 — 🤪 TPS Economia 03.2 - Nidi/Jacqueline Bueno - Mosqueteiros,220,IMAGEM 314,verso,TEXTO,sim,absorver no 📖 e cortar, Resumo Visual Conceito Definição Impacto no Comércio Dotação O que o país tem (Recursos). Determina a Vantagem Comparativa. Intensidade O que o produto precisa (Tecnologia). Determina o perfil de especialização. Resulta,,
caderno3 (md),06 — 🤪 TPS Economia 03.2 - Nidi/Jacqueline Bueno - Mosqueteiros,222,IMAGEM 315,verso,TEXTO,sim,absorver no 📖 e cortar," 1. Suponha que a produção de soja no Brasil seja intensiva em mão de obra e que o país imponha uma barreira tarifaria sofre a soja americana, segundo o Teorema Stolper-Samuelson, a renda do fator trabalho no Brasil se r",,
caderno3 (md),06 — 🤪 TPS Economia 03.2 - Nidi/Jacqueline Bueno - Mosqueteiros,222,IMAGEM 316,verso,TEXTO,sim,absorver no 📖 e cortar," A barreira tarifária atua como barreira protecionista Protege o setor de produção nacional de soja contra a importação Se a demanda permanece estável, a demanda pelo produto cresce internamente Os produtores nacionais, ",,
caderno3 (md),06 — 🤪 TPS Economia 03.2 - Nidi/Jacqueline Bueno - Mosqueteiros,222,IMAGEM 317,verso,TEXTO,sim,absorver no 📖 e cortar, Elemento Na Assertiva Pelo Teorema (Correção Na Realidade Brasileira Original Lógica) Fator Intensivo Trabalho (Hipótese) Trabalho Terra / Capital Choque Tarifa (Preço 1) Tarifa (Preço 1) Tarifa (Preço 1) Resultado Redu,,
caderno3 (md),07 — 🤪 TPS Economia 04 - Nidi/Jacqueline Bueno,230,IMAGEM 318,verso,TEXTO,sim,absorver no 📖 e cortar," Discriminação de 1º grau - Prática de cobrança do preço de reserva de cada consumidor (mais facilmente praticada por prestadores de serviços especializados, pode ser perfeita ou imperfeita) Discriminação de 2º grau - Pr",,
caderno3 (md),07 — 🤪 TPS Economia 04 - Nidi/Jacqueline Bueno,231,IMAGEM 319,verso,TEXTO,sim,absorver no 📖 e cortar," Elasticidade-preço da demanda: mede o quão sensível a quantidade demandada de um bem é em relação a mudanças no preço Demanda mais elástica significa que consumidores reagem mais fortemente a mudanças de preço. Ou seja,",,
caderno3 (md),07 — 🤪 TPS Economia 04 - Nidi/Jacqueline Bueno,232,IMAGEM 320,verso,GRÁFICO,sim,redesenho didático se passar no teste do quadro-negro; senão cortar, Descrição visual para reconstrução: Gráfico de monopólio. Eixo vertical preço/custo e horizontal quantidade. Demanda/RMe é descendente; receita marginal (RMg) fica abaixo/é mais inclinada; CMg é crescente e CMe pode apa,,
caderno3 (md),07 — 🤪 TPS Economia 04 - Nidi/Jacqueline Bueno,232,IMAGEM 321,verso,GRÁFICO,sim,redesenho didático se passar no teste do quadro-negro; senão cortar, Descrição visual para reconstrução: Gráfico de monopólio. Eixo vertical preço/custo e horizontal quantidade. Demanda/RMe é descendente; receita marginal (RMg) fica abaixo/é mais inclinada; CMg é crescente e CMe pode apa,,
caderno3 (md),07 — 🤪 TPS Economia 04 - Nidi/Jacqueline Bueno,236,IMAGEM 322,verso,TEXTO,sim,absorver no 📖 e cortar," 3. Com exceção da “relação entre bens substitutos, a taxa marginal de substituição entre dois bens é geralmente expressa por uma taxa constante ao longo da curva de indiferença. ",,
caderno3 (md),07 — 🤪 TPS Economia 04 - Nidi/Jacqueline Bueno,236,IMAGEM 323,verso,GRÁFICO,sim,redesenho didático se passar no teste do quadro-negro; senão cortar, Descrição visual para reconstrução: Curvas de indiferença/escolha do consumidor. Eixo horizontal representa quantidade do bem X e o vertical quantidade do bem Y. Curvas de indiferença são negativamente inclinadas e conv,,
caderno3 (md),07 — 🤪 TPS Economia 04 - Nidi/Jacqueline Bueno,236,IMAGEM 324,verso,GRÁFICO,sim,redesenho didático se passar no teste do quadro-negro; senão cortar," Descrição visual para reconstrução: Gráfico de bens substitutos perfeitos: eixo vertical quantidade de um bem e eixo horizontal quantidade do outro; várias curvas/linhas de indiferença retas, paralelas e negativamente i",,
caderno3 (md),07 — 🤪 TPS Economia 04 - Nidi/Jacqueline Bueno,237,IMAGEM 325,verso,GRÁFICO,sim,redesenho didático se passar no teste do quadro-negro; senão cortar, Descrição visual para reconstrução: Curvas de indiferença/escolha do consumidor. Eixo horizontal representa quantidade do bem X e o vertical quantidade do bem Y. Curvas de indiferença são negativamente inclinadas e conv,,
caderno3 (md),07 — 🤪 TPS Economia 04 - Nidi/Jacqueline Bueno,238,IMAGEM 326,verso,TEXTO,sim,absorver no 📖 e cortar," Maneiras de contabili r importações e exportações: Conceito FOB (Free on Board) representa o valor de embarque da mercadoria Conceito CIF (Cost, Insurance and Freight) inclui o valor de embarque, os fretes e seguros rel",,
caderno3 (md),07 — 🤪 TPS Economia 04 - Nidi/Jacqueline Bueno,239,IMAGEM 326,verso,TEXTO,sim,absorver no 📖 e cortar," Maneiras de contabili r importações e exportações: Conceito FOB (Free on Board) representa o valor de embarque da mercadoria Conceito CIF (Cost, Insurance and Freight) inclui o valor de embarque, os fretes e seguros rel",,
caderno3 (md),07 — 🤪 TPS Economia 04 - Nidi/Jacqueline Bueno,239,IMAGEM 327,verso,TEXTO,sim,absorver no 📖 e cortar, Prestador do serviço Tratamentono SCN Não residente Registrado como importação de serviços de transporte/seguro Residente Registrado como produção doméstica de serviços (não é importação) ,,
caderno3 (md),07 — 🤪 TPS Economia 04 - Nidi/Jacqueline Bueno,242,IMAGEM 328,verso,TEXTO,sim,absorver no 📖 e cortar," 1. O conceito de formação bruta de capital fixo inclui não apenas os investimentos em máquinas e equipamentos, mas também os investimentos em imóveis e a variação dos estoques tanto de produtos acabados quanto intermedi",,
caderno3 (md),07 — 🤪 TPS Economia 04 - Nidi/Jacqueline Bueno,242,IMAGEM 329,verso,TEXTO,sim,absorver no 📖 e cortar, FBKF + A Estoques = Investimentos Formação Bruta de Capital Fixo não inclui os estoques ,,
caderno3 (md),07 — 🤪 TPS Economia 04 - Nidi/Jacqueline Bueno,242,IMAGEM 330,verso,TEXTO,sim,absorver no 📖 e cortar," O Erro Central A assertiva está errada porque inclui indevidamente a variação de estoques no conceito de Formação Bruta de Capital Fixo (FBCF). A variação de estoques é um componente separado do investimento agregado, n",,
caderno3 (md),07 — 🤪 TPS Economia 04 - Nidi/Jacqueline Bueno,242,IMAGEM 331,verso,TEXTO,sim,absorver no 📖 e cortar, Caracterização da Variação de Estoques Oque são estoques Bens mantidos pelas empresas que ainda não foram vendidos ou utilizados: a Produtos acabados aguardando venda a Produtos em elaboração (workin progress) a Matéria,,
caderno3 (md),07 — 🤪 TPS Economia 04 - Nidi/Jacqueline Bueno,243,IMAGEM 332,verso,TEXTO,sim,absorver no 📖 e cortar," 2. A acumulação de capital é sempre positiva, pois a depreciação de = um ativo fixo não pode ser maior que o valor do próprio ativo fixo. Se a depreciação do capital existente supera a reposição do capital, a acumulação",,
caderno3 (md),07 — 🤪 TPS Economia 04 - Nidi/Jacqueline Bueno,243,IMAGEM 333,verso,TEXTO,sim,absorver no 📖 e cortar, Acumulação Líquida = Formação Bruta de Capital Fixo — Consumo de Capital Fixo (Depreciação) ,,
caderno3 (md),07 — 🤪 TPS Economia 04 - Nidi/Jacqueline Bueno,243,IMAGEM 334,verso,TEXTO,sim,absorver no 📖 e cortar, Resumo para Fixação Conceito Definição. Pode ser negativo? Estoque de Capital (K) Valor total das maquinas/prédios. Não (o valor é > 0). Depreciação (D) Desgaste natural do estoque. Não (é um valor absoluto de perde). I,,
caderno3 (md),07 — 🤪 TPS Economia 04 - Nidi/Jacqueline Bueno,244,IMAGEM 335,verso,TEXTO,sim,absorver no 📖 e cortar, —— -— —— o PNB = PIB + RRE — REE PNB = PIB — RLEE Renda liquida enviada (ou enviada) \| Mas as importações não impactam essa diferença —_— —— ——_ —_I 3. O produto nacional bruto é obtido pelo somatório do produto intern,,
caderno3 (md),07 — 🤪 TPS Economia 04 - Nidi/Jacqueline Bueno,244,IMAGEM 336,verso,TEXTO,sim,absorver no 📖 e cortar, lil Resumo da Correção ASPECTO ASSERTIVA INCORRETA FORMULAÇÃO CORRETA Formula PNB IB + Renda do Exterior - PNB 18 + Renda Líquida do Exterior (RLE) Importações Renda do Exterior “Renda recebida do exterior” Soma da Rend,,
caderno3 (md),07 — 🤪 TPS Economia 04 - Nidi/Jacqueline Bueno,244,IMAGEM 337,verso,DIAGRAMA,sim,redesenho didático se passar no teste do quadro-negro; senão cortar," Descrição visual para reconstrução: Diagrama de contas nacionais/renda: caixas conectadas por setas mostram relações entre produto/renda, renda interna/nacional e componentes como remuneração, renda líquida enviada/rece",,
caderno3 (md),07 — 🤪 TPS Economia 04 - Nidi/Jacqueline Bueno,244,IMAGEM 338,verso,TEXTO,sim,absorver no 📖 e cortar, € 5. Contexto e Importância dos Conceitos Entender a distinção entre PIB e RNB é crucial para diferentes análises econômicas: INDICADOR PRINCIPAL USO EXEMPLO DE APLICAÇÃO PIB Analisar a atividade econômica e o Comparar ,,
caderno3 (md),07 — 🤪 TPS Economia 04 - Nidi/Jacqueline Bueno,244,IMAGEM 339,verso,TEXTO,sim,absorver no 📖 e cortar, Quadro Comparativo: PIB vs. PNB Característica Produto Interno Bruto (PIB) Produto Nacional Bruto (PNB) Foco Território (Onde se produz?) Nacionalidade (Quem produz?) Critório Geográfico Propriedade dos fatores. Compone,,
caderno3 (md),07 — 🤪 TPS Economia 04 - Nidi/Jacqueline Bueno,244,IMAGEM 340,verso,TEXTO,sim,absorver no 📖 e cortar," RLEE = Renda Enviada ao Exterior — Renda Recebida do Exterior A Relação Correta A fórmula que conecta PIBePNBé: PNB = PIB-RLEE On, de forma equivalente: PNB = PIB + Renda Recebida do Exterior — Renda Enviada ao Ezterior",,
caderno3 (md),07 — 🤪 TPS Economia 04 - Nidi/Jacqueline Bueno,245,IMAGEM 341,verso,TEXTO,sim,absorver no 📖 e cortar, Esta assertiva toca em um dos pontos que mais gera confusão em provas de macroeconomia e contabilidade nacional: a distinção entre o saldo em transações correntes e o balanço de pagamentos como um todo. Para entender po,,
caderno3 (md),07 — 🤪 TPS Economia 04 - Nidi/Jacqueline Bueno,245,IMAGEM 342,verso,TEXTO,sim,absorver no 📖 e cortar," 1. Contextualização: A Ótica da Despesa no PIB Para entender a afirmativa, é necessário stué-la dentro das identidades macroeconémicas fundamentals. Na Contabilidade Nacional, o Produto Interno Bruto (PB) pode se calado",,
caderno3 (md),07 — 🤪 TPS Economia 04 - Nidi/Jacqueline Bueno,245,IMAGEM 343,verso,TEXTO,sim,absorver no 📖 e cortar," 4, Fatos e Exemplos Práticos Para lustrar, vamos imaginar dois cenários para o país XC: Cenário A: Financiamento via Dívida O país importa $100 milhões @ mais do que exporta (Poupança Externa = $100 mi) Para pagar isso,",,
caderno3 (md),07 — 🤪 TPS Economia 04 - Nidi/Jacqueline Bueno,245,IMAGEM 344,verso,TEXTO,sim,absorver no 📖 e cortar, Valor Bruto de Produção Consumo Intermediário Produto Interno Bruto Remuneração paga por Residentes aos Empregados R e NR Rendimento Misto Bruto Excedente Operacional Bruto Rendimento Misto Bruto Remuneração paga aos Em,,
caderno3 (md),07 — 🤪 TPS Economia 04 - Nidi/Jacqueline Bueno,245,IMAGEM 345,verso,TEXTO,sim,absorver no 📖 e cortar," Essa assertiva está incorreta. Contextualização A poupança externa representa os recursos que um país absorve do resto do mundo para financiar seus investimentos domésticos. Conceltualmente, ela corresponde ao déficit e",,
caderno3 (md),07 — 🤪 TPS Economia 04 - Nidi/Jacqueline Bueno,246,IMAGEM 346,verso,TEXTO,sim,absorver no 📖 e cortar," O efeito negativo no balanço de pagamentos brasileiro que se seguiu à crise mexicana do final da década de 1990 contribuiu para que o governo adotasse iniciativas liberalizantes, como no setor automotivo, em acordo com ",,
caderno3 (md),07 — 🤪 TPS Economia 04 - Nidi/Jacqueline Bueno,247,IMAGEM 347,verso,TEXTO,sim,absorver no 📖 e cortar," 2. Na década de 1990, a abertura comercial acompanhada de valorização cambial ocasionou reestruturação produtiva, com maior diversificação dos setores de alta intensidade de tecnologia e capital, e menor diversificação ",,
caderno3 (md),07 — 🤪 TPS Economia 04 - Nidi/Jacqueline Bueno,247,IMAGEM 348,verso,TEXTO,sim,absorver no 📖 e cortar," 3. Fatos e Informações Adicionais Para embasar a correção, considere os seguintes pontos econômicos observados no período: Fator Oquea O que realmente aconteceu assertiva diz. Setores de Alta Maior Perda de elos nas cad",,
caderno3 (md),07 — 🤪 TPS Economia 04 - Nidi/Jacqueline Bueno,248,IMAGEM 349,verso,TEXTO,sim,absorver no 📖 e cortar, — Também ocorreu o contrário: as importações tornaram-se inferiores as exportações nos segmentos de bens de consumo e bens intermediários simples \| e as exportações tornaram-se inferiores às importações nos segmentos d,,
caderno3 (md),07 — 🤪 TPS Economia 04 - Nidi/Jacqueline Bueno,248,IMAGEM 350,verso,TEXTO,sim,absorver no 📖 e cortar, Evidências Empíricas 1. Explosão das Importações de Bens de Capital Os dados do período são inequivocos. As importações de bens de capita saltaram dramaticamente: Ano Importações de Bens de Capital (US$ milhões) 190 ass,,
caderno3 (md),07 — 🤪 TPS Economia 04 - Nidi/Jacqueline Bueno,248,IMAGEM 351,verso,TEXTO,sim,absorver no 📖 e cortar, 3. Comparativo: A Assertiva vs. A Realidade A tabela abaixo organiza as trocas comerciais da época para facilitar a visualização do erro: Categoria de O que a assertiva A Realidade dos anos 90 Produto de Bens de Consumo,,
caderno3 (md),07 — 🤪 TPS Economia 04 - Nidi/Jacqueline Bueno,249,IMAGEM 352,verso,TEXTO,sim,absorver no 📖 e cortar," O que ocorreu de fato foi uma redução significativa dos investimentos em infraestrutura de \| energia elétrica, a ponto de gerar estrangulamentos que vieram a desembocar nos apagões elétricos de 2001 \| ———— — 4. Em rel",,
caderno3 (md),07 — 🤪 TPS Economia 04 - Nidi/Jacqueline Bueno,249,IMAGEM 353,verso,TEXTO,sim,absorver no 📖 e cortar, Análise da Assertiva A assertiva comete dois erros graves e interconectados: afirma que os investimentosem energia elétrica aumentaram significativamente nos anos 1990 e que esses investimentos superaram os estrangulame,,
caderno3 (md),07 — 🤪 TPS Economia 04 - Nidi/Jacqueline Bueno,249,IMAGEM 354,verso,TEXTO,sim,absorver no 📖 e cortar, Consequências da Crise Energética O racionamento de 2001 teve impactos severos: a Dois trimestres consecutivos de queda do PIB em termos dessazonalizados a Interrupção abrupta da recuperação econômica que vinha se conso,,
caderno3 (md),07 — 🤪 TPS Economia 04 - Nidi/Jacqueline Bueno,250,IMAGEM 355,verso,TEXTO,sim,absorver no 📖 e cortar," 3. Lista: Todas as vezes que o Bra: suspendeu pagamentos Historicamente, o Brasil recorreu à suspensão de pagamentos (seja via Funding Loan negociado ou moratória unilateral) em momentos de grave crise de liquidez inter",,
caderno3 (md),07 — 🤪 TPS Economia 04 - Nidi/Jacqueline Bueno,252,IMAGEM 356,verso,TEXTO,sim,absorver no 📖 e cortar, — oer — — O superávit comercial proporcionou resultados favoráveis em transações correntes Foram fatores que contribuíram para o resultado positivo da balança comercial: 1 O encerramento do ciclo monetário recessivo nos,,
caderno3 (md),07 — 🤪 TPS Economia 04 - Nidi/Jacqueline Bueno,252,IMAGEM 357,verso,TEXTO,sim,absorver no 📖 e cortar," Erro 2:""A balança comercial e os serviços depuseram contra a geração de superávit nas transações correntes” Realidade histórica: A balança comercial fol precisamente o componente que viabilizou o ajuste externo em 1983,",,
caderno3 (md),07 — 🤪 TPS Economia 04 - Nidi/Jacqueline Bueno,253,IMAGEM 358,verso,TEXTO,sim,absorver no 📖 e cortar," O Plano Cruzado não gerou recessão, embora tenha contribuído para a deterioração do resultado comercial e da capacidade brasileira de gerar dólares Inicialmente o plano provocou crescimento econômico e aumento do consum",,
caderno3 (md),07 — 🤪 TPS Economia 04 - Nidi/Jacqueline Bueno,255,IMAGEM 359,verso,TEXTO,sim,absorver no 📖 e cortar, 2. O processo decisório de uma firma entre verticalizar a produção em mais de um país ou subcontratar terceiros é mais conveniente em setores cujos processos de produção são contínuos. A decisão pela subcontratação depe,,
caderno3 (md),07 — 🤪 TPS Economia 04 - Nidi/Jacqueline Bueno,255,IMAGEM 360,verso,TEXTO,sim,absorver no 📖 e cortar, Resumo para seus estudos (Flashcard / Anki) Para ajudar na sua revisão: Conceito Explicação Simplificada. Relação com a Assertiva Processo Etapas separáveis ( Facilita a fragmentação!subcontratação Discreto internacion:,,
caderno3 (md),07 — 🤪 TPS Economia 04 - Nidi/Jacqueline Bueno,255,IMAGEM 361,verso,TEXTO,sim,absorver no 📖 e cortar," Fatores Determinantes da Decisão A assertiva também simplifica ao mencionar apenas ""qualidade do serviço"" e ""barreiras à operação”. A literatura aponta fatores mais abrangentes: Fator Influência na Decisão Espectficidad",,
caderno3 (md),07 — 🤪 TPS Economia 04 - Nidi/Jacqueline Bueno,256,IMAGEM 362,verso,TEXTO,sim,absorver no 📖 e cortar," Estratégias de internacionalização: = Multinacionais, IDE e Terceirização Subsidiária ou afiliada de multinacional: quando a empresa no território possui 10% ou mais do seu capital constituído por investimento de empres",,
caderno3 (md),07 — 🤪 TPS Economia 04 - Nidi/Jacqueline Bueno,256,IMAGEM 363,verso,TEXTO,sim,absorver no 📖 e cortar," Estratégias de internacionalização: S Multinacionais, IDE e Terceirização 1.IDE Horizontal ocorre quando a filial reproduz o processo completo de produção da matriz 2.IDE Vertical ocorre quando a matriz quebra a cadeia ",,
caderno3 (md),07 — 🤪 TPS Economia 04 - Nidi/Jacqueline Bueno,256,IMAGEM 364,verso,TEXTO,sim,absorver no 📖 e cortar," Estratégias de internacionalização: = Multinacionais, IDE e Terceirização Quando ocorre IDE horizontal? Se os custos do comércio são consideráveis Mas existe um mercado externo com alta demanda É mais barato levar todo ",,
caderno3 (md),07 — 🤪 TPS Economia 04 - Nidi/Jacqueline Bueno,256,IMAGEM 365,verso,TEXTO,sim,absorver no 📖 e cortar," Estratégias de internacionalização: = Multinacionais, IDE e Terceirização Outra solução! TERCEIRIZAÇÃO ESTRANGEIRA Alternativa ao IDEv para contratar uma empresa independente para realizar parte do processo produtivo no",,
caderno3 (md),07 — 🤪 TPS Economia 04 - Nidi/Jacqueline Bueno,256,IMAGEM 366,verso,TEXTO,sim,absorver no 📖 e cortar, Integração Vertical VERSUS Terceirização Decisão que envolve análise de custos e incentivos Alto investimento nos vários tipos de Economia de investimento inicial processos produtivos Total controle sobre a produção de ,,
caderno3 (md),07 — 🤪 TPS Economia 04 - Nidi/Jacqueline Bueno,256,IMAGEM 367,verso,TEXTO,sim,absorver no 📖 e cortar, til Resumo Estratégico: Caminhos e Conceitos para a Internacionalização Estratégia Definição Objetivo Principal Nivel de Controle/Risco Exemplos Práticos “Venda de produtos do pais de origem para Exportação 7 Acesso ini,,
caderno3 (md),07 — 🤪 TPS Economia 04 - Nidi/Jacqueline Bueno,256,IMAGEM 368,verso,TEXTO,sim,absorver no 📖 e cortar, © Processos Contínuos vs. Discretos na Produção Internacional Esses modelos influenciam decisões sobre onde localizar fábricas e como gerenciar a cadeia de suprimentos global. Característica Processo de Manufatura Discr,,
caderno3 (md),08 — 🤪 TPS Economia 05 - Nidi/Jacqueline Bueno,266,IMAGEM 369,verso,GRÁFICO,sim,redesenho didático se passar no teste do quadro-negro; senão cortar, Descrição visual para reconstrução: Gráfico de benefício/custo marginal externo/privado para duas pessoas. Eixos mostram quantidade de bem público e benefício marginal/preço. Curvas decrescentes individuais (Pessoa 1 e ,,
caderno3 (md),08 — 🤪 TPS Economia 05 - Nidi/Jacqueline Bueno,266,IMAGEM 370,verso,TEXTO,sim,absorver no 📖 e cortar, A Regra de Samuelson (1954) O economista Paul Samuelson formalizou isso de maneira elegante: O ponto eficiente de produção de um bem público é aquele em que a soma dos benefícios marginais de todos os usuários é igual a,,
caderno3 (md),08 — 🤪 TPS Economia 05 - Nidi/Jacqueline Bueno,267,IMAGEM 371,verso,TEXTO,sim,absorver no 📖 e cortar," O estabelecimento de tributos (impostos, taxas, contribuições) é uma forma de forçar a contribuição de todos, reduzindo a dependência de contribuições voluntárias. Problemas Evasão ou caronista fiscal (sonegação, falta ",,
caderno3 (md),08 — 🤪 TPS Economia 05 - Nidi/Jacqueline Bueno,268,IMAGEM 372,verso,TEXTO,sim,absorver no 📖 e cortar," A imposição de um limite ignora os custos distintos para reduzir. Algumas podem conseguir reduzir emissões a um custo baixo, enquanto outras enfrentariam custos elevados para cumprir o mesmo padrão. Com a taxa, cada emp",,
caderno3 (md),08 — 🤪 TPS Economia 05 - Nidi/Jacqueline Bueno,269,IMAGEM 373,verso,TEXTO,sim,absorver no 📖 e cortar, Exemplos: Preço do alumínio e cobre e o uso das sucatas Produção de novas embalagens de plástico e cartonada (Tetra Pak) e a utilização de reciclagem de velhas embalagens ,,
caderno3 (md),08 — 🤪 TPS Economia 05 - Nidi/Jacqueline Bueno,270,IMAGEM 374,verso,GRÁFICO,sim,redesenho didático se passar no teste do quadro-negro; senão cortar, Descrição visual para reconstrução: Curvas de indiferença/escolha do consumidor. Eixo horizontal representa quantidade do bem X e o vertical quantidade do bem Y. Curvas de indiferença são negativamente inclinadas e conv,,
caderno3 (md),08 — 🤪 TPS Economia 05 - Nidi/Jacqueline Bueno,270,IMAGEM 375,verso,GRÁFICO,sim,redesenho didático se passar no teste do quadro-negro; senão cortar, Descrição visual para reconstrução: Curvas de indiferença/escolha do consumidor. Eixo horizontal representa quantidade do bem X e o vertical quantidade do bem Y. Curvas de indiferença são negativamente inclinadas e conv,,
caderno3 (md),08 — 🤪 TPS Economia 05 - Nidi/Jacqueline Bueno,271,IMAGEM 376,verso,GRÁFICO,sim,redesenho didático se passar no teste do quadro-negro; senão cortar," Descrição visual para reconstrução: Gráfico de excedente do consumidor/produtor e intervenções de preço. Eixo vertical P e horizontal Q. Demanda é descendente, oferta crescente; o equilíbrio está no cruzamento. Áreas tr",,
caderno3 (md),08 — 🤪 TPS Economia 05 - Nidi/Jacqueline Bueno,272,IMAGEM 377,verso,TEXTO,sim,absorver no 📖 e cortar, Elasticidade preço da demanda = 1 Ou proporcional: isoelástico Redução do preço provocou um aumento da demanda menos do que proporcional Elasticidade preço da demanda > 1 rN Mais do que proporcional: Elástico Variação d,,
caderno3 (md),08 — 🤪 TPS Economia 05 - Nidi/Jacqueline Bueno,272,IMAGEM 378,verso,TEXTO,sim,absorver no 📖 e cortar," PaoQao + PcoQco = Ro 20 + 80 = 100 Se fosse perfeitamente inelástica (AQ, = 0) não haveria qualquer variação na compra de arroz Pas Qai + ProQca = Ro 15 + 85 = 100 Mas ela é apenas inelástica (0 < AQ, < 1) PaoQao < PaiQ",,
caderno3 (md),08 — 🤪 TPS Economia 05 - Nidi/Jacqueline Bueno,273,IMAGEM 379,verso,TEXTO,sim,absorver no 📖 e cortar," Redução de consumo quando a renda aumenta BENS INFERIORES Redução de consumo quando o preço aumenta BENS NORMAIS OU SUPERIORES No caso dos bens inferiores, quando o preço aumenta, esperamos que o consumo também aumente ",,
caderno3 (md),08 — 🤪 TPS Economia 05 - Nidi/Jacqueline Bueno,274,IMAGEM 380,verso,TEXTO,sim,absorver no 📖 e cortar, Tanto Keynes como White defenderam uma proposta de câmbio fixo ajustável (adjustable peg) A diferença estava na proposta de compensação das trocas internacionais: Keynes propôs a criação de uma moeda internacional (banc,,
caderno3 (md),08 — 🤪 TPS Economia 05 - Nidi/Jacqueline Bueno,274,IMAGEM 381,verso,TEXTO,sim,absorver no 📖 e cortar," 1. Na Conferência de Bretton Woods, Keynes, como representante do Reino Unido, teve papel ativo e central na construção de uma governança financeira global. Nessa conferência, Keynes sugeriu um regime de taxas de câmbio",,
caderno3 (md),08 — 🤪 TPS Economia 05 - Nidi/Jacqueline Bueno,276,IMAGEM 382,verso,TEXTO,sim,absorver no 📖 e cortar, A rigidez nominal de preços (salários e outros) de fato existe na interpretação keynesiana e se deve a existência dos contratos Mas o que importa de fato para determinar o volume de emprego não é a variação dos salários,,
caderno3 (md),08 — 🤪 TPS Economia 05 - Nidi/Jacqueline Bueno,277,IMAGEM 383,verso,FÓRMULA,sim,transcrever como texto no 📖, PIB=Y=DA=C+G+I+X-M ,,
caderno3 (md),08 — 🤪 TPS Economia 05 - Nidi/Jacqueline Bueno,278,IMAGEM 384,verso,FÓRMULA,sim,transcrever como texto no 📖," PNB = PIB — RLEE RLEE = RE — RR RLLE= Renda Líquida Enviada ao Exterior RR = Renda Recebida do Exterior RE = Renda Enviada ao Exterior No caso brasileiro RE > RR, então RLLE é geralmente um valor positivo Somos um país ",,
caderno3 (md),08 — 🤪 TPS Economia 05 - Nidi/Jacqueline Bueno,279,IMAGEM 385,verso,FÓRMULA,sim,transcrever como texto no 📖, APIBp = APIBy — A Nível de Preços A Nível de Preços > 0 = inflação > APIBp < APIBy A Nível de Preços < O = deflação > APIBp > APIBy ,,
caderno3 (md),08 — 🤪 TPS Economia 05 - Nidi/Jacqueline Bueno,280,IMAGEM 386,verso,FÓRMULA,sim,transcrever como texto no 📖, Investimento = FBKF + A Estoques ,,
caderno3 (md),08 — 🤪 TPS Economia 05 - Nidi/Jacqueline Bueno,280,IMAGEM 387,verso,TEXTO,sim,absorver no 📖 e cortar, ©. Quadro Comparativo: O que É e o que NÃO É Investimento nas Contas Nacionais Situação É investimento (FBC)? Justificativa ad) Ativo fixo usado repetidamente na produção Empresa compra máquina nova @ sim web.bndes.gov.,,
caderno3 (md),08 — 🤪 TPS Economia 05 - Nidi/Jacqueline Bueno,280,IMAGEM 388,verso,FÓRMULA,sim,transcrever como texto no 📖, PIB=C+I+G+(X-M) ,,
caderno3 (md),08 — 🤪 TPS Economia 05 - Nidi/Jacqueline Bueno,280,IMAGEM 389,verso,TEXTO,sim,absorver no 📖 e cortar, Resumo Comparativo para o CACD Variável Definição Rápida Exemplo no Exame Consumo (C) Destruição de utilidade para satisfazer Compra de um curso de francês. necessidades. Investimento (I) Adição ao estoque de capital Co,,
caderno3 (md),08 — 🤪 TPS Economia 05 - Nidi/Jacqueline Bueno,280,IMAGEM 390,verso,TEXTO,sim,absorver no 📖 e cortar," 6. Agregados derivados relevantes Agregado Fórmula O que mede PNB (Produto PIB + Renda recebida do exterior — Produção dos residentes nacionais, Nacional Bruto) Renda enviada ao exterior independentemente do território ",,
caderno3 (md),08 — 🤪 TPS Economia 05 - Nidi/Jacqueline Bueno,280,IMAGEM 391,verso,TEXTO,sim,absorver no 📖 e cortar, Gasto que “aumenta capacidade futura” Classificação real nas Por quê não entra como investimento Contas Nacionais (teoricamente) Gastos com educação (pública Consumo das Famílias Capital humano não é ativo fixo produzid,,
caderno3 (md),08 — 🤪 TPS Economia 05 - Nidi/Jacqueline Bueno,280,IMAGEM 392,verso,TEXTO,sim,absorver no 📖 e cortar, PIB = C Familias + C Governo + FBCF + Variação de Estoques + (X — M) Participação típica no PIB Variável (Brasil 2020- Caracterização Exemplos concretos Observações 2025) Despesa de ~60-65% Gastos das familias em Alimen,,
caderno3 (md),08 — 🤪 TPS Economia 05 - Nidi/Jacqueline Bueno,280,IMAGEM 393,verso,TEXTO,sim,absorver no 📖 e cortar," Análise da Assertiva sobre Investimento nas Contas Nat nai >< Por que a assertiva está ERRADA “Para fins de registro nas Contas Nacionais, o investimento é qualquer gasto em bem ou serviço final que aumente a capacidade",,
caderno3 (md),08 — 🤪 TPS Economia 05 - Nidi/Jacqueline Bueno,281,IMAGEM 394,verso,TEXTO,sim,absorver no 📖 e cortar," O produto a preços de mercado inclui o valor dos impostos indiretos compensados dos subsídios, e o produto a custo de fatores não considera esse valor adicional. “Quando se quer ter uma ideia do resultado do esforço de ",,
caderno3 (md),08 — 🤪 TPS Economia 05 - Nidi/Jacqueline Bueno,284,IMAGEM 395,verso,TEXTO,sim,absorver no 📖 e cortar," Na “teoria dos choques adversos”, o cenário internacional foi o fator central que incentivou os surtos industriais que ocorreram no país antes do Brasil passar pelo processo de industrialização na década de 1930. Choque",,
caderno3 (md),08 — 🤪 TPS Economia 05 - Nidi/Jacqueline Bueno,285,IMAGEM 396,verso,TEXTO,sim,absorver no 📖 e cortar," O problema é o “deliberada” Furtado classifica a expansão industrial como um subproduto inconsciente da defesa do café, especialmente no início dos anos 1930 PSI se consolida ao longo da década de 1930 ",,
caderno3 (md),08 — 🤪 TPS Economia 05 - Nidi/Jacqueline Bueno,287,IMAGEM 397,verso,TEXTO,sim,absorver no 📖 e cortar," A mudança de estratégia, em 1984, não impediu a corrosão do poder de compra, pelo contrário, intensificava a inércia inflacionária, na medida em que os ajustes de salários eram repassados para os preços dos produtos (af",,
caderno3 (md),08 — 🤪 TPS Economia 05 - Nidi/Jacqueline Bueno,290,IMAGEM 398,verso,TABELA,sim,absorver no 📖 (lista ou tabela ≥ 3 colunas)," 1. A estrutura do balanço de pagamentos permite compreender o movimento internacional de capitais. Nesse movimento, a conta de serviços registra os pagamentos (e os recebimentos) de serviços da dívida externa (juros) e ",,
caderno3 (md),08 — 🤪 TPS Economia 05 - Nidi/Jacqueline Bueno,291,IMAGEM 399,verso,TEXTO,sim,absorver no 📖 e cortar," De acordo com o BPM 6, o parâmetro para saber se Segundo o manual do FMI, configura-se um investimento determinada aquisi ão de ações num investimento transfronteira deve ser registrada como investimento direto direto s",,
caderno3 (md),08 — 🤪 TPS Economia 05 - Nidi/Jacqueline Bueno,291,IMAGEM 400,verso,TEXTO,sim,absorver no 📖 e cortar," Obedecendo às recomendações do BPM 6, os investimentos A primeira diz respeito às entradas e às saídas de recursos diretos aparecem em duas contas distintas, a Conta 3.1, Investimento Direto no Exterior (IDE), que é uma",,
caderno3 (md),08 — 🤪 TPS Economia 05 - Nidi/Jacqueline Bueno,292,IMAGEM 401,verso,TEXTO,sim,absorver no 📖 e cortar," 3. Embora sejam determinantes expressivos do desempenho econômico dos países, as tendências, flutuações e composição dos fluxos internacionais de capitais têm baixíssimo impacto nas diretrizes ou escolhas de política ec",,
caderno3 (md),09 — 🤪 TPS Economia 06 - Nidi/Jacqueline Bueno,301,IMAGEM 402,verso,DIAGRAMA,sim,redesenho didático se passar no teste do quadro-negro; senão cortar," Descrição visual para reconstrução: Matriz/diagrama de classificação de bens por rivalidade no consumo e exclusão. Quadrantes distinguem bens privados, bens de clube, recursos comuns e bens públicos, com exemplos em cad",,
caderno3 (md),09 — 🤪 TPS Economia 06 - Nidi/Jacqueline Bueno,301,IMAGEM 403,verso,TEXTO,sim,absorver no 📖 e cortar," 4. Contextualização e Exemplos Reais Abaixo, alguns exemplos clássicos onde a ausência de intervenção estatal resultaria em escassez: Exemplo Por que é um Bem Público? O que aconteceria sem o Estado? Defesa Protege todo",,
caderno3 (md),09 — 🤪 TPS Economia 06 - Nidi/Jacqueline Bueno,302,IMAGEM 404,verso,TABELA,sim,absorver no 📖 (lista ou tabela ≥ 3 colunas), Rival in consumption? Yes No Private Goods Club Goods Yes * Fire protection º Ice-cream gones * Cable TV * Clothing . e Congested toll roads Uncongested toll roads Excludable? Common Resources Public Goods No e Fish in ,,
caderno3 (md),09 — 🤪 TPS Economia 06 - Nidi/Jacqueline Bueno,303,IMAGEM 405,verso,TABELA,sim,absorver no 📖 (lista ou tabela ≥ 3 colunas), Rival in consumption? Yes No Não-excludente Private Goods Club Goods Não há barreira ao acesso do bem Yes . Ice-cream cones * Fire protection * Cable TV * Clothing Mas é Rival * Congested toll roads * Uncongested toll r,,
caderno3 (md),09 — 🤪 TPS Economia 06 - Nidi/Jacqueline Bueno,303,IMAGEM 406,verso,TEXTO,sim,absorver no 📖 e cortar," 1. Contextualização: A Classificação do Serviço de Saúde Na ciência econômica, os bens e serviços são classificados com base em dois critérios: Excludibilidade (é possível impedir alguém de consumir?) e Rivalidade (o co",,
caderno3 (md),09 — 🤪 TPS Economia 06 - Nidi/Jacqueline Bueno,304,IMAGEM 407,verso,TEXTO,sim,absorver no 📖 e cortar, RMe >) RM Um mercado em monopólio natural ocorre quando uma única empresa consegue atender à demanda a um custo menor do que qualquer combinação de duas ou mais empresas nas. oe Py \|- Isso acontece devido a economias d,,
caderno3 (md),09 — 🤪 TPS Economia 06 - Nidi/Jacqueline Bueno,304,IMAGEM 408,verso,GRÁFICO,sim,redesenho didático se passar no teste do quadro-negro; senão cortar, Descrição visual para reconstrução: Gráfico de monopólio. Eixo vertical preço/custo e horizontal quantidade. Demanda/RMe é descendente; receita marginal (RMg) fica abaixo/é mais inclinada; CMg é crescente e CMe pode apa,,
caderno3 (md),09 — 🤪 TPS Economia 06 - Nidi/Jacqueline Bueno,305,IMAGEM 409,verso,TEXTO,sim,absorver no 📖 e cortar, Exemplo Prático de Soma Horizontal Considere um mercado hipotético de calçados com apenas duas empresas: Preço (R$) Qtd. EmpresaA td. Empresa B Oferta do Mercado (A+B) 50 0 o 10 100 25 15 40 150 40 75 ,,
caderno3 (md),09 — 🤪 TPS Economia 06 - Nidi/Jacqueline Bueno,305,IMAGEM 410,verso,GRÁFICO,sim,redesenho didático se passar no teste do quadro-negro; senão cortar, Descrição visual para reconstrução: Soma horizontal das curvas de oferta das firmas para formar a oferta de mercado. Eixo vertical P e horizontal Q. Várias curvas individuais crescentes são deslocadas horizontalmente; p,,
caderno3 (md),09 — 🤪 TPS Economia 06 - Nidi/Jacqueline Bueno,305,IMAGEM 411,verso,FÓRMULA,sim,transcrever como texto no 📖, Q(P) = a) ,,
caderno3 (md),09 — 🤪 TPS Economia 06 - Nidi/Jacqueline Bueno,306,IMAGEM 412,verso,TEXTO,sim,absorver no 📖 e cortar, Poucas competidoras = oligopólio Empresas em oligopólio estão sempre buscando um Formas de operação: Concorrencial ou Conluio (proibido) equilíbrio de Nash — fazer o melhor que podem com base no comportamento das concor,,
caderno3 (md),09 — 🤪 TPS Economia 06 - Nidi/Jacqueline Bueno,306,IMAGEM 413,verso,TEXTO,sim,absorver no 📖 e cortar, A distinção fundamental: tácito versus explícito Acordo Explícito (Cartel) Coordenação Tácita (Sinalização) Comunicação direta entre competidores Sem comunicação direta Contratos ou reuniões secretas Observação pública ,,
caderno3 (md),09 — 🤪 TPS Economia 06 - Nidi/Jacqueline Bueno,307,IMAGEM 414,verso,TEXTO,sim,absorver no 📖 e cortar," 3. Em um mercado oligopolista em que ocorra um equilíbrio de Cournot, é possível que as empresas obtenham um lucro maior do que em uma estrutura de cartel. ",,
caderno3 (md),09 — 🤪 TPS Economia 06 - Nidi/Jacqueline Bueno,307,IMAGEM 415,verso,GRÁFICO,sim,redesenho didático se passar no teste do quadro-negro; senão cortar, Descrição visual para reconstrução: Equilíbrio de Cournot em funções de reação. Eixo horizontal Q2 e vertical Q1. Duas curvas/retas de reação descendentes se cruzam no equilíbrio de Cournot; pontos alternativos e linhas,,
caderno3 (md),09 — 🤪 TPS Economia 06 - Nidi/Jacqueline Bueno,307,IMAGEM 416,verso,TEXTO,sim,absorver no 📖 e cortar, Quadro Comparativo Cournot Cartel (homogêneo) Variável Quantidade Quantidade Quantidade/Preço Simultâneo Sequencial Coordenado Preçode Pm>P>CMg P=CMg P_m>P>CMg P=P_monopélio Quantidade total Qm<Q<Qe Q=Q competitivo Qm<Q,,
caderno3 (md),09 — 🤪 TPS Economia 06 - Nidi/Jacqueline Bueno,307,IMAGEM 417,verso,TEXTO,sim,absorver no 📖 e cortar, Tabela Comparativa (Resumo) Modelo Lucro Total Variável Principal Preço Final Cartel Cooperação Máximo (Nível de Monopólio) Mais Alto Stackelberg Quantidade (Sequencial) Intermediário Baixo Cournot Quantidade (Simultâne,,
caderno3 (md),09 — 🤪 TPS Economia 06 - Nidi/Jacqueline Bueno,307,IMAGEM 418,verso,TEXTO,sim,absorver no 📖 e cortar, Tipos clássicos de duopólio (comparação com exemplos) Variável Hipótese- Resultado típico Modelo estratégica chave (Preço/quantidade/lucro) Exemplo intuitivo O) Fournot Quantidade Cada um P abaixo do cartel: Q Indústria,,
caderno3 (md),09 — 🤪 TPS Economia 06 - Nidi/Jacqueline Bueno,308,IMAGEM 419,verso,TEXTO,sim,absorver no 📖 e cortar," 4. O modelo de competição monopolística está entre os dois modelos extremos: concorrência perfeita e monopólio. Isso porque os produtos são heterogêneos, mas são substitutos próximos; cada empresa tem o monopólio da sua",,
caderno3 (md),09 — 🤪 TPS Economia 06 - Nidi/Jacqueline Bueno,308,IMAGEM 420,verso,GRÁFICO,sim,redesenho didático se passar no teste do quadro-negro; senão cortar," Descrição visual para reconstrução: Curvas de custo e receita para estruturas de mercado. Eixo vertical P/custo e horizontal q. Aparecem CMg, CMe, demanda/RMe e RMg; as curvas se cruzam em diferentes pontos conforme con",,
caderno3 (md),09 — 🤪 TPS Economia 06 - Nidi/Jacqueline Bueno,308,IMAGEM 421,verso,GRÁFICO,sim,redesenho didático se passar no teste do quadro-negro; senão cortar," Descrição visual para reconstrução: Curvas de custo e receita para estruturas de mercado. Eixo vertical P/custo e horizontal q. Aparecem CMg, CMe, demanda/RMe e RMg; as curvas se cruzam em diferentes pontos conforme con",,
caderno3 (md),09 — 🤪 TPS Economia 06 - Nidi/Jacqueline Bueno,308,IMAGEM 422,verso,GRÁFICO,sim,redesenho didático se passar no teste do quadro-negro; senão cortar," Descrição visual para reconstrução: Curvas de custo e receita para estruturas de mercado. Eixo vertical P/custo e horizontal q. Aparecem CMg, CMe, demanda/RMe e RMg; as curvas se cruzam em diferentes pontos conforme con",,
caderno3 (md),09 — 🤪 TPS Economia 06 - Nidi/Jacqueline Bueno,308,IMAGEM 423,verso,GRÁFICO,sim,redesenho didático se passar no teste do quadro-negro; senão cortar," Descrição visual para reconstrução: Curvas de custo e receita para estruturas de mercado. Eixo vertical P/custo e horizontal q. Aparecem CMg, CMe, demanda/RMe e RMg; as curvas se cruzam em diferentes pontos conforme con",,
caderno3 (md),09 — 🤪 TPS Economia 06 - Nidi/Jacqueline Bueno,308,IMAGEM 424,verso,GRÁFICO,sim,redesenho didático se passar no teste do quadro-negro; senão cortar," Descrição visual para reconstrução: Curvas de custo e receita para estruturas de mercado. Eixo vertical P/custo e horizontal q. Aparecem CMg, CMe, demanda/RMe e RMg; as curvas se cruzam em diferentes pontos conforme con",,
caderno3 (md),09 — 🤪 TPS Economia 06 - Nidi/Jacqueline Bueno,308,IMAGEM 425,verso,TEXTO,sim,absorver no 📖 e cortar," Exemplos Empíricos Substitutos Próximos Restaurantes Localização, cardápio, ambiente Outros restaurantes similares Vestuário Marca, estilo, qualidade. Outras marcas de roupa “Autor, gênero, abordagem Outros livros do gê",,
caderno3 (md),09 — 🤪 TPS Economia 06 - Nidi/Jacqueline Bueno,308,IMAGEM 421,verso,GRÁFICO,sim,redesenho didático se passar no teste do quadro-negro; senão cortar," Descrição visual para reconstrução: Curvas de custo e receita para estruturas de mercado. Eixo vertical P/custo e horizontal q. Aparecem CMg, CMe, demanda/RMe e RMg; as curvas se cruzam em diferentes pontos conforme con",,
caderno3 (md),09 — 🤪 TPS Economia 06 - Nidi/Jacqueline Bueno,308,IMAGEM 422,verso,GRÁFICO,sim,redesenho didático se passar no teste do quadro-negro; senão cortar," Descrição visual para reconstrução: Curvas de custo e receita para estruturas de mercado. Eixo vertical P/custo e horizontal q. Aparecem CMg, CMe, demanda/RMe e RMg; as curvas se cruzam em diferentes pontos conforme con",,
caderno3 (md),09 — 🤪 TPS Economia 06 - Nidi/Jacqueline Bueno,308,IMAGEM 426,verso,TEXTO,sim,absorver no 📖 e cortar, Competição Monopolística: Análise Completa com os Gráficos Identificação dos Quatro Gráficos A imagem apresenta os quatro modelos de mercado fundamentais da microeconomia: Posição Modelo Característica-chave Superior Co,,
caderno3 (md),09 — 🤪 TPS Economia 06 - Nidi/Jacqueline Bueno,308,IMAGEM 427,verso,TEXTO,sim,absorver no 📖 e cortar, Interpretação: A firma opera no ponto de máxima eficiência produtiva. Lucro econômico é zero — não há incentivo para entrada ou saída de firmas. 2 Concorrência Perfeita — Curto Prazo com Lucro (inferior esquerdo) Caract,,
caderno3 (md),09 — 🤪 TPS Economia 06 - Nidi/Jacqueline Bueno,308,IMAGEM 428,verso,TEXTO,sim,absorver no 📖 e cortar, 4. Monopólio (inferior direito) Características visuais: Demanda inclinada (único vendedor) RMg abaixo da demanda Area sombreada representa lucro supranormal permanente Grande distância entre P* e CMg Condição de equilí,,
caderno3 (md),09 — 🤪 TPS Economia 06 - Nidi/Jacqueline Bueno,308,IMAGEM 429,verso,TEXTO,sim,absorver no 📖 e cortar, Quadro Comparativo Completo Aspecto Conc. Perfeita Comp. Monopolística Monopólio Curva de demanda Horizontal Inclinada (elástica) Inclinada (menos elástica) Poder de mercado Nenhum Total Condição de equilíbrio P=CMg RMg,,
caderno3 (md),09 — 🤪 TPS Economia 06 - Nidi/Jacqueline Bueno,308,IMAGEM 430,verso,GRÁFICO,sim,redesenho didático se passar no teste do quadro-negro; senão cortar," Descrição visual para reconstrução: Curvas de custo e receita para estruturas de mercado. Eixo vertical P/custo e horizontal q. Aparecem CMg, CMe, demanda/RMe e RMg; as curvas se cruzam em diferentes pontos conforme con",,
caderno3 (md),09 — 🤪 TPS Economia 06 - Nidi/Jacqueline Bueno,308,IMAGEM 431,verso,TEXTO,sim,absorver no 📖 e cortar," Concorrência RA + o Caracteristi Perfeita Competição Monopolistica Monopólio Número de firmas Infinitas Muitas Uma Diferenciação de Homogêneos Heterogêneos (diferenciados por marca, Único (sem produtos qualidade, etc.) ",,
caderno3 (md),09 — 🤪 TPS Economia 06 - Nidi/Jacqueline Bueno,308,IMAGEM 430,verso,GRÁFICO,sim,redesenho didático se passar no teste do quadro-negro; senão cortar," Descrição visual para reconstrução: Curvas de custo e receita para estruturas de mercado. Eixo vertical P/custo e horizontal q. Aparecem CMg, CMe, demanda/RMe e RMg; as curvas se cruzam em diferentes pontos conforme con",,
caderno3 (md),09 — 🤪 TPS Economia 06 - Nidi/Jacqueline Bueno,309,IMAGEM 432,verso,TABELA,sim,absorver no 📖 (lista ou tabela ≥ 3 colunas), Contas Econômicas Integradas Grupo A Conta de Bens e Serviços Grupo C Conta de Operações Correntes com o Resto do Conta 0. Conta de Bens e Serviços (conta resumo) Mundo Conta de Operações Correntes [Grao cons ae rosie R,,
caderno3 (md),09 — 🤪 TPS Economia 06 - Nidi/Jacqueline Bueno,309,IMAGEM 433,verso,TEXTO,sim,absorver no 📖 e cortar, Recursos Usos (Origem) Operação ou Saldo (Destinação) 7.200 Valor Bruto da Produção (VBP) 660 Impostos Líquidos de Subsídios sobre produtos e importações (110) Impostos de Importação (550) Impostos sobre demais produtos,,
caderno3 (md),09 — 🤪 TPS Economia 06 - Nidi/Jacqueline Bueno,309,IMAGEM 434,verso,TEXTO,sim,absorver no 📖 e cortar, Recursos Operação ou Saldo Usos (Origem) (Destinação) 4.440 Produto Interno Bruto (PIB) Remuneração dos Empregados Residentes e Não Residentes 2.216 Residentes (2.190) Não Residentes (26) 694 Impostos Líquidos de Subsíd,,
caderno3 (md),09 — 🤪 TPS Economia 06 - Nidi/Jacqueline Bueno,309,IMAGEM 435,verso,TEXTO,sim,absorver no 📖 e cortar," 3. Principais Conceitos de Contabilidade Nacional Para dominar a macroeconomia e a contabilidade nacional, é essencial distinguir estes conceitos: Conceito Definição Produto Interno Bruto (PIB) Valor total de todos os b",,
caderno3 (md),09 — 🤪 TPS Economia 06 - Nidi/Jacqueline Bueno,309,IMAGEM 436,verso,TEXTO,sim,absorver no 📖 e cortar," Produto Interno Bruto (PIB) Soma do valor de todos os bens e serviços finais produzidos em um território durante um período, medido pelas óticas de produção, despesa ou renda. Representa a riqueza gerada internamente. P",,
caderno3 (md),09 — 🤪 TPS Economia 06 - Nidi/Jacqueline Bueno,310,IMAGEM 437,verso,TEXTO,sim,absorver no 📖 e cortar, Formas de definir o produto e o uso da renda (Y) Dornbusch (p.31) C+S=C+I Renda (Y) = Consumo + Poupança Y=C+S S= Produto (Y) = Consumos + Investimentos Y=C+l ,,
caderno3 (md),09 — 🤪 TPS Economia 06 - Nidi/Jacqueline Bueno,311,IMAGEM 438,verso,TEXTO,sim,absorver no 📖 e cortar," Produto = Renda Produto Interno = Renda Interna # Produto Nacional = Renda Nacional \| Nacional = tudo aquilo que é produzido por um fator de produção de origem nacional, estando ou não dentro das fronteiras nacionais I",,
caderno3 (md),09 — 🤪 TPS Economia 06 - Nidi/Jacqueline Bueno,312,IMAGEM 439,verso,TEXTO,sim,absorver no 📖 e cortar, \| = investimento nacional I=S Sp = poupança nacional privada \| = Sp + SG + SE SG = poupança nacional pública SE = poupança externa ,,
caderno3 (md),09 — 🤪 TPS Economia 06 - Nidi/Jacqueline Bueno,312,IMAGEM 440,verso,TABELA,sim,absorver no 📖 (lista ou tabela ≥ 3 colunas), Recursos Usos (Origem) Operação ou Saldo (Destinação) 4.134 Renda Nacional Disponível Bruta (RDB) Despesas com Consumo Final 3.912 Poupança Bruta (SD) 222 ,,
caderno3 (md),09 — 🤪 TPS Economia 06 - Nidi/Jacqueline Bueno,312,IMAGEM 441,verso,TABELA,sim,absorver no 📖 (lista ou tabela ≥ 3 colunas), Recursos Usos Operação ou Saldo (Origem) (Destinação) 222 Poupança Bruta (SD) Formação Bruta de Capital Fixo 516 30 Variação de Estoques 0 Aquisições líquidas de cessões de ativos não financeiros não produzidos 100 Tran,,
caderno3 (md),09 — 🤪 TPS Economia 06 - Nidi/Jacqueline Bueno,314,IMAGEM 442,verso,FÓRMULA,sim,transcrever como texto no 📖, i=r+7 i = juros nominais r = juros reais 7 = inflação ,,
caderno3 (md),09 — 🤪 TPS Economia 06 - Nidi/Jacqueline Bueno,315,IMAGEM 443,verso,FÓRMULA,sim,transcrever como texto no 📖," Y=C+HI+G+(X-M) C=C+c(TR-TA)+cY Y = Produto Interno Bruto J=] — bi C = Consumo das Famílias I = Investimento das Empresas X—M=NX G = Gastos Públicos X = Exportações M Importações NX = f (Y,Ye,R) ",,
caderno3 (md),09 — 🤪 TPS Economia 06 - Nidi/Jacqueline Bueno,317,IMAGEM 444,verso,TEXTO,sim,absorver no 📖 e cortar," Recursos estavam associados aos projetos da Comissão Mista Brasil-Estados Unidos, estabelecida no início da década de 1950 A administração dos recursos que se esperava receber de instituições financeiras internacionais ",,
caderno3 (md),09 — 🤪 TPS Economia 06 - Nidi/Jacqueline Bueno,318,IMAGEM 445,verso,TEXTO,sim,absorver no 📖 e cortar," 2. O Plano de Metas caracterizou-se por estipular objetivos de crescimento para setores-chave da economia, vinculando-os de antemão a fontes e volume de recursos necessários para sua execução, que contribuiu para o cres",,
caderno3 (md),09 — 🤪 TPS Economia 06 - Nidi/Jacqueline Bueno,318,IMAGEM 446,verso,TEXTO,sim,absorver no 📖 e cortar, Um dos maiores problemas do Plano de Metas (1956-1961) foi justamente não trazer a vinculação de antemão das fontes e volume de recursos necessários para sua execução A captação de recursos foi realizada de maneira flex,,
caderno3 (md),09 — 🤪 TPS Economia 06 - Nidi/Jacqueline Bueno,319,IMAGEM 447,verso,TEXTO,sim,absorver no 📖 e cortar, Não são críticas consensuais a respeito da política comercial Há quem defenda que houve a busca de novos mercados para produtos brasileiros manufaturados Foi um dos momentos de inversão inclusive da participação dos set,,
caderno3 (md),09 — 🤪 TPS Economia 06 - Nidi/Jacqueline Bueno,320,IMAGEM 448,verso,TEXTO,sim,absorver no 📖 e cortar, Não houve tal preservação As empresas estatais sofreram cortes de capital substantivos ,,
caderno3 (md),09 — 🤪 TPS Economia 06 - Nidi/Jacqueline Bueno,320,IMAGEM 449,verso,TEXTO,sim,absorver no 📖 e cortar," O acordo com o Fundo Monetário Internacional (FMI) levou a restrições fiscais que afetaram os investimentos públicos, incluindo os das estatais. A moratória do México em 1982 desencadeou uma crise da dívida externa na A",,
caderno3 (md),09 — 🤪 TPS Economia 06 - Nidi/Jacqueline Bueno,321,IMAGEM 450,verso,TEXTO,sim,absorver no 📖 e cortar, Houve na verdade instabilidade da participação relativa do café e do algodão Acabaram perdendo espaço ,,
caderno3 (md),09 — 🤪 TPS Economia 06 - Nidi/Jacqueline Bueno,322,IMAGEM 451,verso,TEXTO,sim,absorver no 📖 e cortar," Apesar do foco no desenvolvimento industrial, a agricultura brasileira continuou crescendo, especialmente com a modernização e diversificação, incluindo culturas como algodão, arroz e milho Há a ideia de que a agricultu",,
caderno3 (md),09 — 🤪 TPS Economia 06 - Nidi/Jacqueline Bueno,323,IMAGEM 452,verso,TEXTO,sim,absorver no 📖 e cortar," Houve de fato expansão da renda do setor primário Que atenuou a recessão da primeira metade da década de 1980 Essa expansão prolongou após a recuperação partir de 1984 e mostrou a força, o dinamismo e a competitividade ",,
caderno3 (md),09 — 🤪 TPS Economia 06 - Nidi/Jacqueline Bueno,324,IMAGEM 453,verso,TEXTO,sim,absorver no 📖 e cortar," A Rodada Uruguai do GATT (1986-1994) foi um marco na liberalização do comércio global e resultou na criação da Organização Mundial do Comércio (OMC) em 1995. O Brasil, como membro do GATT (Acordo Geral sobre Tarifas e C",,
caderno3 (md),09 — 🤪 TPS Economia 06 - Nidi/Jacqueline Bueno,325,IMAGEM 454,verso,TEXTO,sim,absorver no 📖 e cortar," 1. A imposição de tarifas de importação e exportação alteram os preços relativos dos produtos comercializados internacionalmente, no entanto, elas não alteraram o excedente dos consumidores, dado que esses ajustam suas ",,
caderno3 (md),09 — 🤪 TPS Economia 06 - Nidi/Jacqueline Bueno,325,IMAGEM 455,verso,GRÁFICO,sim,redesenho didático se passar no teste do quadro-negro; senão cortar, Descrição visual para reconstrução: Gráfico de comércio exterior com tarifa/tributo. Eixo vertical preço e horizontal quantidade. Oferta doméstica é crescente e demanda doméstica decrescente; linhas horizontais/tracejad,,
caderno3 (md),09 — 🤪 TPS Economia 06 - Nidi/Jacqueline Bueno,325,IMAGEM 456,verso,GRÁFICO,sim,redesenho didático se passar no teste do quadro-negro; senão cortar, Descrição visual para reconstrução: Gráfico de comércio exterior com tarifa/tributo. Eixo vertical preço e horizontal quantidade. Oferta doméstica é crescente e demanda doméstica decrescente; linhas horizontais/tracejad,,
caderno3 (md),09 — 🤪 TPS Economia 06 - Nidi/Jacqueline Bueno,325,IMAGEM 457,verso,GRÁFICO,sim,redesenho didático se passar no teste do quadro-negro; senão cortar, Descrição visual para reconstrução: Gráfico de comércio exterior com tarifa/tributo. Eixo vertical preço e horizontal quantidade. Oferta doméstica é crescente e demanda doméstica decrescente; linhas horizontais/tracejad,,
caderno3 (md),09 — 🤪 TPS Economia 06 - Nidi/Jacqueline Bueno,325,IMAGEM 458,verso,TEXTO,sim,absorver no 📖 e cortar, Variação do bem-estar dos consumidores -B-C-D Variação do bem-estar dos produtores +A+C Variação do bem-estar público +D+E ,,
caderno3 (md),09 — 🤪 TPS Economia 06 - Nidi/Jacqueline Bueno,325,IMAGEM 459,verso,GRÁFICO,sim,redesenho didático se passar no teste do quadro-negro; senão cortar, Descrição visual para reconstrução: Gráfico de comércio exterior com tarifa/tributo. Eixo vertical preço e horizontal quantidade. Oferta doméstica é crescente e demanda doméstica decrescente; linhas horizontais/tracejad,,
caderno3 (md),09 — 🤪 TPS Economia 06 - Nidi/Jacqueline Bueno,325,IMAGEM 460,verso,TEXTO,sim,absorver no 📖 e cortar, Os Efeitos Reais das Tarifas A análise clássica de bem-estar de uma tarifa demonstra redistribuição entre agentes: Agente Efeito Consumidores domésticos. Perdem excedente (pagam preços mais altos) Produtores domésticos ,,
caderno3 (md),09 — 🤪 TPS Economia 06 - Nidi/Jacqueline Bueno,326,IMAGEM 461,verso,TEXTO,sim,absorver no 📖 e cortar," Quadro Comparativo: Efeitos da Tarifa Efeito Descrição Impacto Efeito Consumo O preço interno sobe, reduzindo a demanda dos Negativo (Perda de consumidores nacionais. bem-estar) Efeito Produção O preço maior incentiva o",,
caderno3 (md),09 — 🤪 TPS Economia 06 - Nidi/Jacqueline Bueno,326,IMAGEM 462,verso,TEXTO,sim,absorver no 📖 e cortar, Análise Comparativa dos Efeitos Econômicos Efeitos sobre Preços Domésticos Tipode Tarifa Comportamento do Preço Doméstico Específica Aumenta em valor absoluto fixo; proteção % maior quando preço mundial cai Advalorem “A,,
caderno3 (md),09 — 🤪 TPS Economia 06 - Nidi/Jacqueline Bueno,326,IMAGEM 463,verso,TEXTO,sim,absorver no 📖 e cortar, Método de Exemplos Cálculo Efeitos Econômicos Tipo de Tarifa Vantagens Desvantagens de Impacto Ad Valorem Percentual Ajusta-se Susceti Aumenta preços. Na guerra automaticamente internos comercial E! do valor (ex: subava,,
caderno3 (md),09 — 🤪 TPS Economia 06 - Nidi/Jacqueline Bueno,327,IMAGEM 464,verso,TEXTO,sim,absorver no 📖 e cortar, O Destino da Renda da Quota Existem três cenários principais para o que acontece com o dinheiro que seria a arrecadação: Cenário Destino da Renda Impacto na Economia Nacional Licenças Gratuitas O lucro vai para as empre,,
caderno3 (md),09 — 🤪 TPS Economia 06 - Nidi/Jacqueline Bueno,328,IMAGEM 465,verso,TEXTO,sim,absorver no 📖 e cortar," 4. Apesar de as quotas imporem um limite ao número de unidades que podem sem importadas, elas não afetam os preços do produto comercializado, já que a taxa de câmbio se ajusta para compensar qualquer efeito sobre os pre",,
caderno3 (md),10 — 🤪 TPS Economia 07 - Nidi/Jacqueline Bueno,336,IMAGEM 466,verso,GRÁFICO,sim,redesenho didático se passar no teste do quadro-negro; senão cortar," Descrição visual para reconstrução: Gráfico de excedente do consumidor/produtor e intervenções de preço. Eixo vertical P e horizontal Q. Demanda é descendente, oferta crescente; o equilíbrio está no cruzamento. Áreas tr",,
caderno3 (md),10 — 🤪 TPS Economia 07 - Nidi/Jacqueline Bueno,337,IMAGEM 467,verso,GRÁFICO,sim,redesenho didático se passar no teste do quadro-negro; senão cortar," Descrição visual para reconstrução: Gráfico de excedente do consumidor/produtor e intervenções de preço. Eixo vertical P e horizontal Q. Demanda é descendente, oferta crescente; o equilíbrio está no cruzamento. Áreas tr",,
caderno3 (md),10 — 🤪 TPS Economia 07 - Nidi/Jacqueline Bueno,337,IMAGEM 468,verso,GRÁFICO,sim,redesenho didático se passar no teste do quadro-negro; senão cortar," Descrição visual para reconstrução: Gráfico de excedente do consumidor/produtor e intervenções de preço. Eixo vertical P e horizontal Q. Demanda é descendente, oferta crescente; o equilíbrio está no cruzamento. Áreas tr",,
caderno3 (md),10 — 🤪 TPS Economia 07 - Nidi/Jacqueline Bueno,337,IMAGEM 469,verso,GRÁFICO,sim,redesenho didático se passar no teste do quadro-negro; senão cortar," Descrição visual para reconstrução: Gráfico de excedente do consumidor/produtor e intervenções de preço. Eixo vertical P e horizontal Q. Demanda é descendente, oferta crescente; o equilíbrio está no cruzamento. Áreas tr",,
caderno3 (md),10 — 🤪 TPS Economia 07 - Nidi/Jacqueline Bueno,338,IMAGEM 470,verso,GRÁFICO,sim,redesenho didático se passar no teste do quadro-negro; senão cortar," Descrição visual para reconstrução: Gráfico de excedente do consumidor/produtor e intervenções de preço. Eixo vertical P e horizontal Q. Demanda é descendente, oferta crescente; o equilíbrio está no cruzamento. Áreas tr",,
caderno3 (md),10 — 🤪 TPS Economia 07 - Nidi/Jacqueline Bueno,338,IMAGEM 471,verso,GRÁFICO,sim,redesenho didático se passar no teste do quadro-negro; senão cortar," Descrição visual para reconstrução: Gráfico de excedente do consumidor/produtor e intervenções de preço. Eixo vertical P e horizontal Q. Demanda é descendente, oferta crescente; o equilíbrio está no cruzamento. Áreas tr",,
caderno3 (md),10 — 🤪 TPS Economia 07 - Nidi/Jacqueline Bueno,339,IMAGEM 472,verso,TEXTO,sim,absorver no 📖 e cortar, . Gabarito: ERRADO e Por que está errado? Excedente do Produtor e Lucro Econômico não são sinônimos. Excedente = ReceitaTotal — CustoVariávelTotal Lucro = ReceitaTotal — CustoTotal(Variável + Fixo) * A diferença entre e,,
caderno3 (md),10 — 🤪 TPS Economia 07 - Nidi/Jacqueline Bueno,339,IMAGEM 473,verso,GRÁFICO,sim,redesenho didático se passar no teste do quadro-negro; senão cortar," Descrição visual para reconstrução: Gráfico de excedente do consumidor/produtor e intervenções de preço. Eixo vertical P e horizontal Q. Demanda é descendente, oferta crescente; o equilíbrio está no cruzamento. Áreas tr",,
caderno3 (md),10 — 🤪 TPS Economia 07 - Nidi/Jacqueline Bueno,339,IMAGEM 474,verso,GRÁFICO,sim,redesenho didático se passar no teste do quadro-negro; senão cortar, Descrição visual para reconstrução: Curvas de custos da firma. Eixo horizontal quantidade produzida e vertical custo/preço. CTMe/ATC e CVMe/AVC são curvas em U; CMg/MC cruza os custos médios próximos de seus mínimos. Po,,
caderno3 (md),10 — 🤪 TPS Economia 07 - Nidi/Jacqueline Bueno,340,IMAGEM 475,verso,GRÁFICO,sim,redesenho didático se passar no teste do quadro-negro; senão cortar, Descrição visual para reconstrução: Curvas de custos da firma. Eixo horizontal quantidade produzida e vertical custo/preço. CTMe/ATC e CVMe/AVC são curvas em U; CMg/MC cruza os custos médios próximos de seus mínimos. Po,,
caderno3 (md),10 — 🤪 TPS Economia 07 - Nidi/Jacqueline Bueno,340,IMAGEM 476,verso,GRÁFICO,sim,redesenho didático se passar no teste do quadro-negro; senão cortar, Descrição visual para reconstrução: Isoquantas/produção e taxa marginal de substituição técnica. Eixos representam capital K e trabalho L. A isoquanta é convexa e negativamente inclinada; pontos A/B/C/D e linhas traceja,,
caderno3 (md),10 — 🤪 TPS Economia 07 - Nidi/Jacqueline Bueno,341,IMAGEM 477,verso,TEXTO,sim,absorver no 📖 e cortar," 2. Isocusto é reta; só fica não linear se preços variarem com quantidades. (CERTO) Por quê: com preços constantes w e 7, o isocusto C = wL + rK é linear e tem inclinação —w/r. e Pode ficar “quebrado""/nao linear com desc",,
caderno3 (md),10 — 🤪 TPS Economia 07 - Nidi/Jacqueline Bueno,341,IMAGEM 478,verso,GRÁFICO,sim,redesenho didático se passar no teste do quadro-negro; senão cortar, Descrição visual para reconstrução: Isoquantas/produção e taxa marginal de substituição técnica. Eixos representam capital K e trabalho L. A isoquanta é convexa e negativamente inclinada; pontos A/B/C/D e linhas traceja,,
caderno3 (md),10 — 🤪 TPS Economia 07 - Nidi/Jacqueline Bueno,341,IMAGEM 479,verso,GRÁFICO,sim,redesenho didático se passar no teste do quadro-negro; senão cortar, Descrição visual para reconstrução: Isoquantas/produção e taxa marginal de substituição técnica. Eixos representam capital K e trabalho L. A isoquanta é convexa e negativamente inclinada; pontos A/B/C/D e linhas traceja,,
caderno3 (md),10 — 🤪 TPS Economia 07 - Nidi/Jacqueline Bueno,341,IMAGEM 480,verso,TEXTO,sim,absorver no 📖 e cortar," e Gabarito: CERTO ¢ Comentário: A inclinação da isocusto é dada por —w/r (razão dos preços dos fatores). Em mercados competitivos de fatores, a empresa é “tomadora de preços”, então w e r são constantes, gerando uma ret",,
caderno3 (md),10 — 🤪 TPS Economia 07 - Nidi/Jacqueline Bueno,342,IMAGEM 481,verso,TEXTO,sim,absorver no 📖 e cortar," Gabarito: CERTO Comentário: É uma regra matemática fundamental: se o marginal (o custo da próxima unidade) é menor que a média atual, ele ""puxa"" a média para baixo. Se CMg < CMe, o CMe está caindo. ",,
caderno3 (md),10 — 🤪 TPS Economia 07 - Nidi/Jacqueline Bueno,342,IMAGEM 482,verso,GRÁFICO,sim,redesenho didático se passar no teste do quadro-negro; senão cortar, Descrição visual para reconstrução: Curvas de custos da firma. Eixo horizontal quantidade produzida e vertical custo/preço. CTMe/ATC e CVMe/AVC são curvas em U; CMg/MC cruza os custos médios próximos de seus mínimos. Po,,
caderno3 (md),10 — 🤪 TPS Economia 07 - Nidi/Jacqueline Bueno,342,IMAGEM 483,verso,GRÁFICO,sim,redesenho didático se passar no teste do quadro-negro; senão cortar, Descrição visual para reconstrução: Curvas de custos da firma. Eixo horizontal quantidade produzida e vertical custo/preço. CTMe/ATC e CVMe/AVC são curvas em U; CMg/MC cruza os custos médios próximos de seus mínimos. Po,,
caderno3 (md),10 — 🤪 TPS Economia 07 - Nidi/Jacqueline Bueno,342,IMAGEM 484,verso,TEXTO,sim,absorver no 📖 e cortar," 3. Custo marginal decrescente provoca redução no custo médio total. (CERTO, com a condição relevante) Ideia central: o custo médio total (CMT/ATC) cai quando CMg < CMT. ¢ Seo custo marginal está abaixo do custo médio, c",,
caderno3 (md),10 — 🤪 TPS Economia 07 - Nidi/Jacqueline Bueno,343,IMAGEM 485,verso,GRÁFICO,sim,redesenho didático se passar no teste do quadro-negro; senão cortar, Descrição visual para reconstrução: Curvas de custos da firma. Eixo horizontal quantidade produzida e vertical custo/preço. CTMe/ATC e CVMe/AVC são curvas em U; CMg/MC cruza os custos médios próximos de seus mínimos. Po,,
caderno3 (md),10 — 🤪 TPS Economia 07 - Nidi/Jacqueline Bueno,343,IMAGEM 486,verso,TEXTO,sim,absorver no 📖 e cortar," 4. Oferta no curto prazo coincide com CMg acima do AVCmin, mas não necessariamente acima do ATCmin. (CERTO) Por qué: para firma competitiva: e elaproduzse P > AVC (senão, fecha no curto prazo); e a curva de oferta de cu",,
caderno3 (md),10 — 🤪 TPS Economia 07 - Nidi/Jacqueline Bueno,344,IMAGEM 487,verso,TABELA,sim,absorver no 📖 (lista ou tabela ≥ 3 colunas), A oferta dos meios de pagamento só se altera quando ocorrem trocas entre um «Famílias Banco Central Empresas Sociedades depositárias agente do setor bancário e não- Governo Geral em geral (Bancos Sociedades de comerciai,,
caderno3 (md),10 — 🤪 TPS Economia 07 - Nidi/Jacqueline Bueno,345,IMAGEM 488,verso,GRÁFICO,sim,redesenho didático se passar no teste do quadro-negro; senão cortar, Descrição visual para reconstrução: Modelo IS–LM/política macroeconômica. Eixo horizontal renda/produto Y e vertical taxa de juros i/r. IS é descendente e LM ascendente; curvas com apóstrofo mostram deslocamentos por po,,
caderno3 (md),10 — 🤪 TPS Economia 07 - Nidi/Jacqueline Bueno,347,IMAGEM 489,verso,TEXTO,sim,absorver no 📖 e cortar," O Banco Central cobra uma taxa de juros sobre o Entre as funções do BC, sabemos que opera como Banco dos Bancos e Emprestador de última instância montante dos empréstimos de liquidez que concede, chamada taxa de redesco",,
caderno3 (md),10 — 🤪 TPS Economia 07 - Nidi/Jacqueline Bueno,347,IMAGEM 490,verso,TEXTO,sim,absorver no 📖 e cortar," 4. Redesconto = reemissão de título público com desconto. (ERRADO) Por quê está errado: redesconto é operação em que o Banco Central empresta liquidez a bancos, aceitando (redescontando) certos ativos/garantias — é o pa",,
caderno3 (md),10 — 🤪 TPS Economia 07 - Nidi/Jacqueline Bueno,348,IMAGEM 491,verso,TEXTO,sim,absorver no 📖 e cortar," e Gabarito: ERRADO e Por que esta errado? Vamos analisar os deslocamentos: e Aumento de Gastos (G 1): Curva IS para a direita — Aumenta Juros (7), Aumenta Produto (Y). Redução de Moeda (M \|): Curva LM para a esquerda —",,
caderno3 (md),10 — 🤪 TPS Economia 07 - Nidi/Jacqueline Bueno,348,IMAGEM 492,verso,TEXTO,sim,absorver no 📖 e cortar, 1 A combinação de um aumento dos gastos do governo com uma redução da oferta de moeda pelo Banco Central levará a um aumento da taxa de juros e uma redução do nível de produto no novo equilíbrio. Tanto a expansão da IS ,,
caderno3 (md),10 — 🤪 TPS Economia 07 - Nidi/Jacqueline Bueno,348,IMAGEM 493,verso,GRÁFICO,sim,redesenho didático se passar no teste do quadro-negro; senão cortar, Descrição visual para reconstrução: Modelo IS–LM/política macroeconômica. Eixo horizontal renda/produto Y e vertical taxa de juros i/r. IS é descendente e LM ascendente; curvas com apóstrofo mostram deslocamentos por po,,
caderno3 (md),10 — 🤪 TPS Economia 07 - Nidi/Jacqueline Bueno,348,IMAGEM 494,verso,GRÁFICO,sim,redesenho didático se passar no teste do quadro-negro; senão cortar, Descrição visual para reconstrução: Modelo IS–LM/política macroeconômica. Eixo horizontal renda/produto Y e vertical taxa de juros i/r. IS é descendente e LM ascendente; curvas com apóstrofo mostram deslocamentos por po,,
caderno3 (md),10 — 🤪 TPS Economia 07 - Nidi/Jacqueline Bueno,348,IMAGEM 495,verso,GRÁFICO,sim,redesenho didático se passar no teste do quadro-negro; senão cortar, Descrição visual para reconstrução: Modelo IS–LM/política macroeconômica. Eixo horizontal renda/produto Y e vertical taxa de juros i/r. IS é descendente e LM ascendente; curvas com apóstrofo mostram deslocamentos por po,,
caderno3 (md),10 — 🤪 TPS Economia 07 - Nidi/Jacqueline Bueno,348,IMAGEM 496,verso,GRÁFICO,sim,redesenho didático se passar no teste do quadro-negro; senão cortar, Descrição visual para reconstrução: Modelo IS–LM/política macroeconômica. Eixo horizontal renda/produto Y e vertical taxa de juros i/r. IS é descendente e LM ascendente; curvas com apóstrofo mostram deslocamentos por po,,
caderno3 (md),10 — 🤪 TPS Economia 07 - Nidi/Jacqueline Bueno,348,IMAGEM 497,verso,TEXTO,sim,absorver no 📖 e cortar, Por quê está errado: e G 1 desloca IS para a direita (tende a elevar Y e 1); e M \| desloca LM para a esquerda (eleva à e reduz Y). Juros: sobem (ambos empurram à 1). Produto: fica ambíguo (depende de qual deslocamento ,,
caderno3 (md),10 — 🤪 TPS Economia 07 - Nidi/Jacqueline Bueno,349,IMAGEM 498,verso,TEXTO,sim,absorver no 📖 e cortar," Os dois movimentos provocam queda de juros, mas o impacto sobre o produto, novamente, depende da magnitude de cada política ",,
caderno3 (md),10 — 🤪 TPS Economia 07 - Nidi/Jacqueline Bueno,349,IMAGEM 499,verso,TEXTO,sim,absorver no 📖 e cortar," . Gabarito: CERTO e Comentario: e Aumento de Impostos (T' +): IS para a esquerda (Contração Fiscal) — r cai, Y cai. Aumento de Moeda (M +): LM para a direita (Expansão Monetária) — r cai, Y sobe Resultado: Ambos derruba",,
caderno3 (md),10 — 🤪 TPS Economia 07 - Nidi/Jacqueline Bueno,349,IMAGEM 500,verso,TEXTO,sim,absorver no 📖 e cortar," Por quê: e T' 1 desloca IS à esquerda (1Y, 1%); e M 7 desloca LM à direita (TY, 19). Logo, 2 cai de forma robusta; Y depende do tamanho relativo dos choques. ",,
caderno3 (md),10 — 🤪 TPS Economia 07 - Nidi/Jacqueline Bueno,350,IMAGEM 501,verso,TEXTO,sim,absorver no 📖 e cortar," e Gabarito: CERTO e Comentario: A inclinação da LM depende da sensibilidade da demanda por moeda aos juros (parâmetro A). Se a demanda por moeda reage muito aos juros (sensibilidade infinita, caso da “Armadilha da Liqui",,
caderno3 (md),10 — 🤪 TPS Economia 07 - Nidi/Jacqueline Bueno,350,IMAGEM 502,verso,FÓRMULA,sim,transcrever como texto no 📖," Demanda por Liquidez: Mº = «,Y — agi Y = PIB i = taxa de juros a, = sensibilidade à variação do PIB a2 = sensibilidade à variação dos juros — Oferta de Liquidez: M$ — M/P M = oferta nominal de moeda — P = nível de preço",,
caderno3 (md),10 — 🤪 TPS Economia 07 - Nidi/Jacqueline Bueno,350,IMAGEM 503,verso,GRÁFICO,sim,redesenho didático se passar no teste do quadro-negro; senão cortar, Descrição visual para reconstrução: Modelo IS–LM/política macroeconômica. Eixo horizontal renda/produto Y e vertical taxa de juros i/r. IS é descendente e LM ascendente; curvas com apóstrofo mostram deslocamentos por po,,
caderno3 (md),10 — 🤪 TPS Economia 07 - Nidi/Jacqueline Bueno,350,IMAGEM 504,verso,GRÁFICO,sim,redesenho didático se passar no teste do quadro-negro; senão cortar, Descrição visual para reconstrução: Modelo IS–LM/política macroeconômica. Eixo horizontal renda/produto Y e vertical taxa de juros i/r. IS é descendente e LM ascendente; curvas com apóstrofo mostram deslocamentos por po,,
caderno3 (md),10 — 🤪 TPS Economia 07 - Nidi/Jacqueline Bueno,350,IMAGEM 505,verso,GRÁFICO,sim,redesenho didático se passar no teste do quadro-negro; senão cortar, Descrição visual para reconstrução: Modelo IS–LM/política macroeconômica. Eixo horizontal renda/produto Y e vertical taxa de juros i/r. IS é descendente e LM ascendente; curvas com apóstrofo mostram deslocamentos por po,,
caderno3 (md),10 — 🤪 TPS Economia 07 - Nidi/Jacqueline Bueno,351,IMAGEM 506,verso,TEXTO,sim,absorver no 📖 e cortar," Se os investimentos forem sensíveis à variação das taxas de juros, um aumento dessa taxa, que torna o endividamento mais caro, impacta Y=C+I+G+XK—-M consideravelmente as decisões de investimento das empresas I=I-ai Assi",,
caderno3 (md),10 — 🤪 TPS Economia 07 - Nidi/Jacqueline Bueno,351,IMAGEM 507,verso,TEXTO,sim,absorver no 📖 e cortar," Por qué está errado: é o contrário no modelo IS-LM: se investimento reage muito a juros (IS mais “sensível”, então uma queda de juros causada por M + gera grande aumento do investimento, amplificando o efeito sobre Y. @",,
caderno3 (md),10 — 🤪 TPS Economia 07 - Nidi/Jacqueline Bueno,352,IMAGEM 508,verso,GRÁFICO,sim,redesenho didático se passar no teste do quadro-negro; senão cortar, Descrição visual para reconstrução: Gráfico temporal da taxa de câmbio/regime cambial: eixo horizontal com anos/períodos e eixo vertical com taxa/nível cambial. Barras/linhas em cores mostram variações ao longo do tempo,,
caderno3 (md),10 — 🤪 TPS Economia 07 - Nidi/Jacqueline Bueno,353,IMAGEM 509,verso,TEXTO,sim,absorver no 📖 e cortar," Os aportes de capital fazem referência aqueles que foram destinado para construção de ferrovias e urbanização das regiões de produção e escoamento do café, e foi uma tendência geral de todo o período Houve ainda, na est",,
caderno3 (md),10 — 🤪 TPS Economia 07 - Nidi/Jacqueline Bueno,354,IMAGEM 510,verso,TEXTO,sim,absorver no 📖 e cortar," A E A política de defesa dos preços internacionais do café iniciou em 1906, a partir do Convênio de Taubaté e não contava com o apoio do governo federal. Os empréstimos eram de longo prazo e seriam pagos por meio de imp",,
caderno3 (md),10 — 🤪 TPS Economia 07 - Nidi/Jacqueline Bueno,355,IMAGEM 511,verso,TEXTO,sim,absorver no 📖 e cortar," Demanda típica por liquidez em uma economia com trabalho rural é sazonal Esse era todo o ponto do debate entre papelistas e metalistas Metalistas defendiam de fato uma contração da moeda e adesão ao padrão-ouro, mas os ",,
caderno3 (md),10 — 🤪 TPS Economia 07 - Nidi/Jacqueline Bueno,359,IMAGEM 512,verso,TEXTO,sim,absorver no 📖 e cortar," Com o desacelerar da economia internacional no imediato pós-choque do petróleo, o governo também atuou de forma anticíclica: elevou o consumo da Administração Pública, aumentou o investimento público e concedeu estímulo",,
caderno3 (md),10 — 🤪 TPS Economia 07 - Nidi/Jacqueline Bueno,360,IMAGEM 513,verso,TEXTO,sim,absorver no 📖 e cortar, https://www.gov.br/mdic/pt-br/assuntos/noticias/2024/dezembro/acordo-de-parceria-mercosul-uniao-europeia https://www.gov.br/mdic/pt-br/assuntos/noticias/2024/dezembro/comunicado-conjunto-do-mercosul-e-da-uniao-europeia-,,
caderno3 (md),10 — 🤪 TPS Economia 07 - Nidi/Jacqueline Bueno,361,IMAGEM 514,verso,TEXTO,sim,absorver no 📖 e cortar," O capítulo de Defesa Comercial reafirma os direitos de aplicação de medidas antidumping e compensatórias conforme as normas da OMC, garantindo proteção contra práticas desleais de comércio. ",,
caderno3 (md),10 — 🤪 TPS Economia 07 - Nidi/Jacqueline Bueno,361,IMAGEM 515,verso,TEXTO,sim,absorver no 📖 e cortar," 2 Em conformidade com as normas da OMC, o capítulo de Defesa Comercial do Acordo limita a possibilidade de aplicação de medidas antidumping e compensatórias entre as partes, em favor da N liberalização comercial. A prát",,
caderno3 (md),10 — 🤪 TPS Economia 07 - Nidi/Jacqueline Bueno,362,IMAGEM 516,verso,TEXTO,sim,absorver no 📖 e cortar," 3 Apesar dos avanços propostos, o capítulo do Acordo que trata das Medidas Sanitárias e Fitossanitárias reforça o conceito de deterioração dos termos de troca proposto pela Crítica Cepalina, uma vez que impõe novos padr",,
caderno3 (md),10 — 🤪 TPS Economia 07 - Nidi/Jacqueline Bueno,362,IMAGEM 517,verso,TEXTO,sim,absorver no 📖 e cortar," O capítulo de Medidas Sanitárias e Fitossanitárias (SPS) facilita o comércio agropecuário, promovendo transparência e previsibilidade com sistemas como o “pre-listing” e procedimentos de regionalização para produtos de ",,
caderno3 (md),10 — 🤪 TPS Economia 07 - Nidi/Jacqueline Bueno,363,IMAGEM 518,verso,TEXTO,sim,absorver no 📖 e cortar," IV. PRÓXIMOS PASSOS assinatura e entrada em vigor do Acordo. As negociações do Acordo de Parceria entre o MERCOSUL e União Europeia começarão, a partir de MERCOSUL e a União Europeia encontram-se agora, a preparação dos",,
caderno3 (md),10 — 🤪 TPS Economia 07 - Nidi/Jacqueline Bueno,363,IMAGEM 513,verso,TEXTO,sim,absorver no 📖 e cortar, https://www.gov.br/mdic/pt-br/assuntos/noticias/2024/dezembro/acordo-de-parceria-mercosul-uniao-europeia https://www.gov.br/mdic/pt-br/assuntos/noticias/2024/dezembro/comunicado-conjunto-do-mercosul-e-da-uniao-europeia-,,
caderno3 (md),11 — 🤪 TPS Economia 09 - Nidi/Jacqueline Bueno,371,IMAGEM 519,verso,TEXTO,sim,absorver no 📖 e cortar, Integralidade (Plenitude ou Completude) O consumidor consegue comparar e ordenar todas as combinações de bens. Isso só é possível no cenário de informações completas. Transitividade As preferências do consumidor são con,,
caderno3 (md),11 — 🤪 TPS Economia 09 - Nidi/Jacqueline Bueno,371,IMAGEM 520,verso,GRÁFICO,sim,redesenho didático se passar no teste do quadro-negro; senão cortar, Descrição visual para reconstrução: Curvas de indiferença/escolha do consumidor. Eixo horizontal representa quantidade do bem X e o vertical quantidade do bem Y. Curvas de indiferença são negativamente inclinadas e conv,,
caderno3 (md),11 — 🤪 TPS Economia 09 - Nidi/Jacqueline Bueno,371,IMAGEM 521,verso,TEXTO,sim,absorver no 📖 e cortar," O consumidor não fica ""paralisado"". Para quaisquer cestas x ey: x = youy = x (ou ambos, indicando indiferença). ",,
caderno3 (md),11 — 🤪 TPS Economia 09 - Nidi/Jacqueline Bueno,371,IMAGEM 522,verso,TEXTO,sim,absorver no 📖 e cortar, Aspecto Teoria do Consumidor Teoria do Produtor Objetivo Maximizar a Utilidade Maximizar o Lucro / Minimizar Custo (Objetivo). (Subjetivo). Restrição Orçamentária (Renda). Tecnológica (Função de Produção). Equivalente à,,
caderno3 (md),11 — 🤪 TPS Economia 09 - Nidi/Jacqueline Bueno,371,IMAGEM 523,verso,TEXTO,sim,absorver no 📖 e cortar, Diferenças fundamentais: Teoria do Consumidor Teoria do Produtor Objetivo: Maximizar lucros ou minimizar Objetivo: Maximizar utilidade/satisfação custos Restrição: Tecnologia/capacidade Restrição: Renda/orçamento fixo p,,
caderno3 (md),11 — 🤪 TPS Economia 09 - Nidi/Jacqueline Bueno,371,IMAGEM 524,verso,TEXTO,sim,absorver no 📖 e cortar, Aspecto Teoria do Consumidor Teoria do Produtor Objetivo Maximizar utilidade Maximizar lucro (ou minimizar custo) Restrição Orçamentária (renda limitada) Tecnológica (função de produção) Curvas fundamentais Curvas de in,,
caderno3 (md),11 — 🤪 TPS Economia 09 - Nidi/Jacqueline Bueno,372,IMAGEM 525,verso,GRÁFICO,sim,redesenho didático se passar no teste do quadro-negro; senão cortar," Descrição visual para reconstrução: Dois gráficos de utilidade/consumo de água. No painel superior, utilidade total cresce com o número de copos e se aproxima de um máximo; no inferior, utilidade marginal cai e pode cru",,
caderno3 (md),11 — 🤪 TPS Economia 09 - Nidi/Jacqueline Bueno,372,IMAGEM 526,verso,GRÁFICO,sim,redesenho didático se passar no teste do quadro-negro; senão cortar," Descrição visual para reconstrução: Função de produção com três fases. Eixo horizontal input e vertical output. Curva vermelha em arco sobe, atinge máximo e depois cai. Linhas verticais delimitam PHASE 1, PHASE 2 e PHAS",,
caderno3 (md),11 — 🤪 TPS Economia 09 - Nidi/Jacqueline Bueno,372,IMAGEM 527,verso,FÓRMULA,sim,transcrever como texto no 📖," UMgs _ UMg, P, P, y ",,
caderno3 (md),11 — 🤪 TPS Economia 09 - Nidi/Jacqueline Bueno,372,IMAGEM 528,verso,TEXTO,sim,absorver no 📖 e cortar, [ilegível] ,,
caderno3 (md),11 — 🤪 TPS Economia 09 - Nidi/Jacqueline Bueno,373,IMAGEM 529,verso,GRÁFICO,sim,redesenho didático se passar no teste do quadro-negro; senão cortar, Descrição visual para reconstrução: Curvas de demanda lineares. Eixo vertical preço (p) e horizontal quantidade (Q/q). A demanda é uma reta descendente; pontos e linhas tracejadas mostram pares preço–quantidade. Em pain,,
caderno3 (md),11 — 🤪 TPS Economia 09 - Nidi/Jacqueline Bueno,373,IMAGEM 530,verso,TEXTO,sim,absorver no 📖 e cortar," Como vimos anteriormente, o consumo pode gerar desutilidade ou insatisfação a partir de determinado ponto Caso geralmente associado ao consumo de um “ mal” ",,
caderno3 (md),11 — 🤪 TPS Economia 09 - Nidi/Jacqueline Bueno,374,IMAGEM 531,verso,TEXTO,sim,absorver no 📖 e cortar," Lei da Demanda “Ceteris paribus, mantidas constantes todas as outras \|-------> variáveis, como renda, preferências, preços de outros p2 bens, a quantidade demandada de um bem diminui quando seu preço aumenta, e aumenta",,
caderno3 (md),11 — 🤪 TPS Economia 09 - Nidi/Jacqueline Bueno,374,IMAGEM 532,verso,TEXTO,sim,absorver no 📖 e cortar, 3. Quadro Comparativo: Utilidade vs. Demanda Situação Utilidade Marginal Tipo de Item Inclinação da Demanda (UMg) Consumo Positiva e Bem Descendente (Normal) Inicial Decrescente Econômico Saciamento Zero Limite do Quant,,
caderno3 (md),11 — 🤪 TPS Economia 09 - Nidi/Jacqueline Bueno,375,IMAGEM 533,verso,GRÁFICO,sim,redesenho didático se passar no teste do quadro-negro; senão cortar, Descrição visual para reconstrução: Curvas de demanda lineares. Eixo vertical preço (p) e horizontal quantidade (Q/q). A demanda é uma reta descendente; pontos e linhas tracejadas mostram pares preço–quantidade. Em pain,,
caderno3 (md),11 — 🤪 TPS Economia 09 - Nidi/Jacqueline Bueno,375,IMAGEM 534,verso,GRÁFICO,sim,redesenho didático se passar no teste do quadro-negro; senão cortar," Descrição visual para reconstrução: Gráfico 'Giffen Goods'. Eixo vertical Price e horizontal Quantity. A curva de demanda vermelha apresenta trecho/forma atípica, curvando-se de modo que preço e quantidade podem se move",,
caderno3 (md),11 — 🤪 TPS Economia 09 - Nidi/Jacqueline Bueno,375,IMAGEM 535,verso,TEXTO,sim,absorver no 📖 e cortar," Tipo de Bem Relação Preço x Inclinação da Curva Quantidade Normal / Negativa Inversa (P 1,0 \|) Superior Bem de Veblen Direta (P 1,Q 1) Positiva (em certos níveis) Bem de Giffen Positiva (por extrema Direta (P 1,Q 1) ne",,
caderno3 (md),11 — 🤪 TPS Economia 09 - Nidi/Jacqueline Bueno,376,IMAGEM 536,verso,GRÁFICO,sim,redesenho didático se passar no teste do quadro-negro; senão cortar," Descrição visual para reconstrução: Deslocamento da demanda: eixo vertical P e horizontal Q. Duas curvas de demanda descendentes e paralelas, D1 e D2, mostram aumento da demanda para a direita; quantidades q1 e q2 são m",,
caderno3 (md),11 — 🤪 TPS Economia 09 - Nidi/Jacqueline Bueno,377,IMAGEM 537,verso,TEXTO,sim,absorver no 📖 e cortar," Isso é um incentivo para aumentar o consumo Estamos tratando de bens complementares de automóveis que usa essa fonte de energia em detrimento de outros modelos Se a taxa de carregamento reduz-se, provavelmente haverá um",,
caderno3 (md),11 — 🤪 TPS Economia 09 - Nidi/Jacqueline Bueno,378,IMAGEM 538,verso,TEXTO,sim,absorver no 📖 e cortar," Seja a relação de bens complementar ou de substituição, a alteração de preços de um impacta a demanda do outro Como a alteração é no preço da (manteiga) e não da (margarina), a substituição de manteiga por margarina est",,
caderno3 (md),11 — 🤪 TPS Economia 09 - Nidi/Jacqueline Bueno,379,IMAGEM 539,verso,GRÁFICO,sim,redesenho didático se passar no teste do quadro-negro; senão cortar, Descrição visual para reconstrução: Curva de Phillips de curto prazo: eixo vertical inflação (π) e horizontal desemprego (u). Curva/linha descendente mostra trade-off entre inflação e desemprego; pontos e linhas traceja,,
caderno3 (md),11 — 🤪 TPS Economia 09 - Nidi/Jacqueline Bueno,379,IMAGEM 540,verso,GRÁFICO,sim,redesenho didático se passar no teste do quadro-negro; senão cortar, Descrição visual para reconstrução: Curva de Phillips vertical/neutralidade no longo prazo: eixo horizontal desemprego e vertical variação da inflação. Uma linha vertical em torno da taxa natural de desemprego represent,,
caderno3 (md),11 — 🤪 TPS Economia 09 - Nidi/Jacqueline Bueno,379,IMAGEM 541,verso,TEXTO,sim,absorver no 📖 e cortar, A Neutralidade da Moeda Horizonte Moeda Curva de Phillips Efeito de políticas expansionistas Curto prazo (keynesiano) Não neutra Inclinada negativamente Aumentam produto e emprego Longo prazo (clássico) Neutra Vertical ,,
caderno3 (md),11 — 🤪 TPS Economia 09 - Nidi/Jacqueline Bueno,380,IMAGEM 542,verso,TEXTO,sim,absorver no 📖 e cortar, “No Curto Prazo Aumentos da taxa de poupança (s) permite No Longo Prazo (steady-state) acumulação de capital (K) e elevação do capital A taxa de crescimento do produto (9) é determinada pelo progresso por trabalhador (k,,
caderno3 (md),11 — 🤪 TPS Economia 09 - Nidi/Jacqueline Bueno,380,IMAGEM 543,verso,TEXTO,sim,absorver no 📖 e cortar, Síntese para memorização Variável Efeito de 4's no modelo de Solow Nível de k* Aumenta permanentemente Nível de y* Aumenta permanentemente Taxa de crescimento (transição) Aumenta temporariamente Inalterada Taxa de cresc,,
caderno3 (md),11 — 🤪 TPS Economia 09 - Nidi/Jacqueline Bueno,380,IMAGEM 544,verso,TEXTO,sim,absorver no 📖 e cortar," Principais relações: 1. Poupança e investimento: A poupança s (onde 0 < s < 1) é uma fração fixa da renda, e o investimento bruto é J = sY. 2. Dinâmica do capital: A variação do estoque de capital por trabalhador k é da",,
caderno3 (md),11 — 🤪 TPS Economia 09 - Nidi/Jacqueline Bueno,380,IMAGEM 545,verso,FÓRMULA,sim,transcrever como texto no 📖," No Solow, com função de produção agregada do tipo: Y(t) = K(t)* [A()L(O))""* define-se capital por trabalhador efetivo: = 0 AL A dinâmica central é: k=sf(k)—(n+g+6)k onde: e s = taxa de poupança (e investimento) e n = cr",,
caderno3 (md),11 — 🤪 TPS Economia 09 - Nidi/Jacqueline Bueno,380,IMAGEM 546,verso,TEXTO,sim,absorver no 📖 e cortar," Revisão rápida e bem organizada do(s) modelo(s) de Solow 1) Solow “básico” (sem tecnologia) e Produção: Y = F'(K, L), retornos constantes de escala, retornos decrescentes do capital. Dinâmica do capital por trabalhador ",,
caderno3 (md),11 — 🤪 TPS Economia 09 - Nidi/Jacqueline Bueno,380,IMAGEM 547,verso,TEXTO,sim,absorver no 📖 e cortar," 3. Revisão do Modelo de Solow O modelo de Robert Solow busca explicar como o acúmulo de capital, o crescimento demográfico e o progresso tecnológico interagem. A Equação Fundamental A dinâmica do capital no modelo é dad",,
caderno3 (md),11 — 🤪 TPS Economia 09 - Nidi/Jacqueline Bueno,381,IMAGEM 548,verso,TEXTO,sim,absorver no 📖 e cortar," O modelo de Solow prevê apenas convergência relativa da renda para países que apresenta rel condições semelhantes: taxa de poupança, nível de capital por trabalhador, tecnologia dispon Essas economias crescerão a ritmos",,
caderno3 (md),11 — 🤪 TPS Economia 09 - Nidi/Jacqueline Bueno,381,IMAGEM 549,verso,TEXTO,sim,absorver no 📖 e cortar," Aspecto Modelos Exógenos (Solow, Modelos Endógenos (Romer, Lucas, Ramsey) AK) Oque é A fonte do crescimento de longo A fonte do crescimento (conhecimento, ""exógeno/endógeno""? prazo (tecnologia) é externa ao capital huma",,
caderno3 (md),11 — 🤪 TPS Economia 09 - Nidi/Jacqueline Bueno,381,IMAGEM 550,verso,TEXTO,sim,absorver no 📖 e cortar," Característica Modelo Exógeno (Solow) Modelos Endógenos (Romer/Lucas) Motor do Progresso técnico ""caído do céu"" Capital Humano, Inovação e P&D. Crescimento (exógeno). Retornos do Constantes ou Crescentes: Decrescentes: ",,
caderno3 (md),11 — 🤪 TPS Economia 09 - Nidi/Jacqueline Bueno,381,IMAGEM 551,verso,TEXTO,sim,absorver no 📖 e cortar, 4) Tabela: crescimento exógeno vs endógeno (comparação bem “de prova”) Modelos de crescimento exógeno Modelos de crescimento endógeno (A! Item (Solow / Ramsey) Lucas / Romer / Schumpeter) Motor do crescimento per Progre,,
caderno3 (md),11 — 🤪 TPS Economia 09 - Nidi/Jacqueline Bueno,381,IMAGEM 552,verso,TEXTO,sim,absorver no 📖 e cortar," Modelos de Crescimento Modelos de Crescimento Aspecto Exógeno (ex: Solow) Endógeno (ex: Romer, Lucas) As fontes de crescimento As fontes de crescimento são Definição chave de longo prazo vêm de fora explicadas dentro do",,
caderno3 (md),11 — 🤪 TPS Economia 09 - Nidi/Jacqueline Bueno,382,IMAGEM 553,verso,TEXTO,sim,absorver no 📖 e cortar, Caso Brasileiro Doença holandesa air 1. A abundância de recursos naturais (ou o aumento no preço Brasil vem sofrendo da doença holandesa desde a de commodities exportadas) leva à entrada de divisas conclusão do II PND e,,
caderno3 (md),11 — 🤪 TPS Economia 09 - Nidi/Jacqueline Bueno,382,IMAGEM 554,verso,TEXTO,sim,absorver no 📖 e cortar, Setor Impacto da Valorização Cambial Resultado no Longo Prazo Agro/Mineração Baixo (as margens são altas e a Crescimento e domínio da pauta de demanda global é inelástica). exportação. Indústria de Altíssimo (margens ba,,
caderno3 (md),11 — 🤪 TPS Economia 09 - Nidi/Jacqueline Bueno,382,IMAGEM 555,verso,DIAGRAMA,sim,redesenho didático se passar no teste do quadro-negro; senão cortar, Descrição visual para reconstrução: Fluxograma de resultado fiscal e dívida: caixas de Receitas Correntes e Despesas Correntes alimentam o Resultado Primário; recebimento/pagamento de juros leva ao Resultado Nominal; se,,
caderno3 (md),11 — 🤪 TPS Economia 09 - Nidi/Jacqueline Bueno,383,IMAGEM 556,verso,TEXTO,sim,absorver no 📖 e cortar, Receitas Fluxos de Correntes Recursos Resultado Primário Estoque da Dívida Prssmemosdwos Resultado Nominal ,,
caderno3 (md),11 — 🤪 TPS Economia 09 - Nidi/Jacqueline Bueno,383,IMAGEM 557,verso,TEXTO,sim,absorver no 📖 e cortar," Resumo dos Componentes Para facilitar a visualização, veja o que compõe o cálculo citado na assertiva: Categoria O que inclui (Acima da Linha) O que exclui (Esfera Financeira) Receitas Impostos (IR, ICMS), Contribuições",,
caderno3 (md),11 — 🤪 TPS Economia 09 - Nidi/Jacqueline Bueno,383,IMAGEM 558,verso,TEXTO,sim,absorver no 📖 e cortar," Q Distinção entre Controle ""Acima"" e ""Abaixo da Linha"" A análise fiscal do setor público brasileiro utiliza duas metodologias principais para avaliar o desempenho do governo, que se referem a diferentes tipos de indicad",,
caderno3 (md),11 — 🤪 TPS Economia 09 - Nidi/Jacqueline Bueno,384,IMAGEM 559,verso,TEXTO,sim,absorver no 📖 e cortar," A Equivalência Ricardiana está fundamentada no hipótese de agentes racionais com conhecim é intertemporal da renda e que as fontes de financiamento público disponíveis são: tributos ou dívida Assim, se o Estado aumenta ",,
caderno3 (md),11 — 🤪 TPS Economia 09 - Nidi/Jacqueline Bueno,385,IMAGEM 560,verso,TEXTO,sim,absorver no 📖 e cortar," ie Partindo de uma perspectiva IS-LM Aumento do gasto público provoca aumento da DA, expansão do produto (IS) e, consequentemente, provoca aumento das taxas de juros, coeteris paribus O efeito crowding out (um tipo de e",,
caderno3 (md),11 — 🤪 TPS Economia 09 - Nidi/Jacqueline Bueno,385,IMAGEM 561,verso,TEXTO,sim,absorver no 📖 e cortar, Quadro comparativo Aspecto Crowding Out Equivalência Ricardiana Mecanismo central Taxa de juros Expectativas racionais Variável afetada Investimento privado Poupança/consumo privado Canal de transmissão Mercado de fundo,,
caderno3 (md),11 — 🤪 TPS Economia 09 - Nidi/Jacqueline Bueno,386,IMAGEM 562,verso,TEXTO,sim,absorver no 📖 e cortar," Como acabamos de perceber, variações da política fiscal, seja de expansão ou contração, impactam diretamente a evolução da renda e o nível das taxas de juros Portanto, são esperados desdobramentos sobre as decisões de d",,
caderno3 (md),11 — 🤪 TPS Economia 09 - Nidi/Jacqueline Bueno,388,IMAGEM 563,verso,TEXTO,sim,absorver no 📖 e cortar," Os dados sobre o setor serviços são fragmentários, exceto o setor ferroviário que é tratado, juntamente com investimentos na infraestrutura de exportação, na seção 6. Basta mencionar que, partindo-se de pouco mais de - ",,
caderno3 (md),11 — 🤪 TPS Economia 09 - Nidi/Jacqueline Bueno,388,IMAGEM 564,verso,TEXTO,sim,absorver no 📖 e cortar, CRIA) hs Não que não tenha ocorrido investimento em ferrovias nesse período Na década de 1950 a malha ferroviária já havia se estendido de 9 mil km (1889) para mais de 35 mil km na década de 1950 e o Plano de Metas prev,,
caderno3 (md),11 — 🤪 TPS Economia 09 - Nidi/Jacqueline Bueno,388,IMAGEM 565,verso,TEXTO,sim,absorver no 📖 e cortar, A ligação entre as diferentes regiões produtivas do país foi de fácil superação. O precoce desenvolvimento de meios de transporte que irradiavam da capital em direção ao interior do país possibilitou uma significativa i,,
caderno3 (md),11 — 🤪 TPS Economia 09 - Nidi/Jacqueline Bueno,389,IMAGEM 566,verso,TEXTO,sim,absorver no 📖 e cortar," O Banco do Brasil herdado da administração portuguesa, Um novo Banco do Brasil surgiria apenas em 1853 quando, com poder de emissão, mas desprovido de suas reservas na esteira do novo Código Comercial de 1850, o Banco d",,
caderno3 (md),11 — 🤪 TPS Economia 09 - Nidi/Jacqueline Bueno,389,IMAGEM 567,verso,TABELA,sim,absorver no 📖 (lista ou tabela ≥ 3 colunas)," Período Regime Monetário Instituição Emissora Principal Contexto e Marcos Chave Emissão Bancária 1822 - O banco, criado em 1808, exercia as funções de emissor 7 8 . Foi Primeiro Banco do Brasil 1829 (Papel liquidado em ",,
caderno3 (md),11 — 🤪 TPS Economia 09 - Nidi/Jacqueline Bueno,390,IMAGEM 568,verso,TEXTO,sim,absorver no 📖 e cortar, A importância do algodão nas exportações totais brasileiras caiu durante o Império de cerca de 21% para em torno de 4% das exportações totais. As exportações de algodão permaneceram em um patamar modesto entre os anos 1,,
caderno3 (md),11 — 🤪 TPS Economia 09 - Nidi/Jacqueline Bueno,391,IMAGEM 569,verso,TEXTO,sim,absorver no 📖 e cortar, Primeiro é preciso diferenciar Receita de impostos sobre exportação — Governos Estaduais Receita de impostos sobre importação — Governo Federal Embora a estabilidade da Receita Pública dependesse de fato em grande medid,,
caderno3 (md),11 — 🤪 TPS Economia 09 - Nidi/Jacqueline Bueno,392,IMAGEM 570,verso,TEXTO,sim,absorver no 📖 e cortar, Posição das Reservas (Ilusão de divisas) Eleições (Alteração da agenda de políticas contracionistas para políticas expansionistas) ,,
caderno3 (md),11 — 🤪 TPS Economia 09 - Nidi/Jacqueline Bueno,394,IMAGEM 571,verso,TEXTO,sim,absorver no 📖 e cortar," t - ud Choque Volcker ou Choque de Juros Americano Paul Volcker era presidente do FED que, no intuito de evitar o agravamento da inflação, dobrou os juros americanos gradativamente entre os choques do petróleo e 1981 A ",,
caderno3 (md),11 — 🤪 TPS Economia 09 - Nidi/Jacqueline Bueno,396,IMAGEM 572,verso,TEXTO,sim,absorver no 📖 e cortar," Certificações ambientais de proteção à segurança do consumidor, as vezes, são utilizadas como imposição de barreira Limita os critérios de aceitação, impondo custos adicionais tanto na estrutura produtiva, como na obten",,
caderno3 (md),11 — 🤪 TPS Economia 09 - Nidi/Jacqueline Bueno,398,IMAGEM 573,verso,TEXTO,sim,absorver no 📖 e cortar," De fato, impacta positivamente o bem-estar dos produtores: enfrentam menos concorrência, a demanda doméstica se volta para dentro, então aumentam a receita Mas a restrição de oferta, que agora não conta com o adicional ",,
caderno3 (md),12 — 🤪 TPS Economia 10 - Nidi/Jacqueline Bueno,406,IMAGEM 574,verso,GRÁFICO,sim,redesenho didático se passar no teste do quadro-negro; senão cortar, Descrição visual para reconstrução: Curvas de indiferença/escolha do consumidor. Eixo horizontal representa quantidade do bem X e o vertical quantidade do bem Y. Curvas de indiferença são negativamente inclinadas e conv,,
caderno3 (md),12 — 🤪 TPS Economia 10 - Nidi/Jacqueline Bueno,407,IMAGEM 575,verso,GRÁFICO,sim,redesenho didático se passar no teste do quadro-negro; senão cortar, Descrição visual para reconstrução: Curvas de indiferença/escolha do consumidor. Eixo horizontal representa quantidade do bem X e o vertical quantidade do bem Y. Curvas de indiferença são negativamente inclinadas e conv,,
caderno3 (md),12 — 🤪 TPS Economia 10 - Nidi/Jacqueline Bueno,408,IMAGEM 576,verso,TEXTO,sim,absorver no 📖 e cortar," No longo prazo, mas também no curto prazo AUy _ Py Essa igualdade é a condição de equilíbrio onde indivíduos maximizam seu bem-estar dada a AUy Px renda disponivel ",,
caderno3 (md),12 — 🤪 TPS Economia 10 - Nidi/Jacqueline Bueno,411,IMAGEM 577,verso,GRÁFICO,sim,redesenho didático se passar no teste do quadro-negro; senão cortar, Descrição visual para reconstrução: Gráfico de monopólio. Eixo vertical preço/custo e horizontal quantidade. Demanda/RMe é descendente; receita marginal (RMg) fica abaixo/é mais inclinada; CMg é crescente e CMe pode apa,,
caderno3 (md),12 — 🤪 TPS Economia 10 - Nidi/Jacqueline Bueno,412,IMAGEM 578,verso,TEXTO,sim,absorver no 📖 e cortar, Efeito de transbordamento do desenvolvimento tecnológico Capacidade de ativar outros setores de suporte Pesquisa e o desenvolvimento Próprio processo de engenharia reversa ,,
caderno3 (md),12 — 🤪 TPS Economia 10 - Nidi/Jacqueline Bueno,413,IMAGEM 579,verso,TEXTO,sim,absorver no 📖 e cortar, Oligopólios O que altera o equilíbrio? Formas de interação concorrência <> cooperação sy Ordem da tomada de decisão simultânea © sucessiva O que as empresas tentam definir primeiro preço & quantidade Diferenciação de pr,,
caderno3 (md),12 — 🤪 TPS Economia 10 - Nidi/Jacqueline Bueno,413,IMAGEM 580,verso,TABELA,sim,absorver no 📖 (lista ou tabela ≥ 3 colunas), Oligopólios Equilibrios que podem ser encontrados Competitivo puro * Modelo de Stackelberg Modelo de Cournot * Modelo de Bertrand Coalizão ou Conluio (quando há cooperação direta) Cournot Simultâneas Quantidades Quantid,,
caderno3 (md),12 — 🤪 TPS Economia 10 - Nidi/Jacqueline Bueno,414,IMAGEM 581,verso,TEXTO,sim,absorver no 📖 e cortar," Conceito Fórmula Básica (a partir do PIB) O que Mede? Diferença Fundamental Valor de mercado de todos os bens e PIB (Produto Interno Bruto) serviços finais produzidos dentro das Foco geográfico (""interno""). inci produçã",,
caderno3 (md),12 — 🤪 TPS Economia 10 - Nidi/Jacqueline Bueno,414,IMAGEM 582,verso,TEXTO,sim,absorver no 📖 e cortar," Exemplos e Fatos (o) Conceito Definição Principal Diferenciação Principal Adicionais Produto Valor de todos os bens e serviços Foco em produção Em 2023, PIB do Brasil f Interno Bruto territorial. Não inclui renda finais",,
caderno3 (md),12 — 🤪 TPS Economia 10 - Nidi/Jacqueline Bueno,414,IMAGEM 583,verso,TABELA,sim,absorver no 📖 (lista ou tabela ≥ 3 colunas), Conceito Critério Geográfico Inclui Depreciação? Inclul Transferências? Preços PIB Interno (fronteiras) Sim De mercado PNB Nacional (residentes) Sim De mercado PNL lonal De mercado Nacional De fatores Nacional Nacional ,,
caderno3 (md),12 — 🤪 TPS Economia 10 - Nidi/Jacqueline Bueno,414,IMAGEM 584,verso,TEXTO,sim,absorver no 📖 e cortar, Conceito O que mede? Componentes Chave Renda Nacional (RN) Remuneração produtiva Salários + Lucros + Juros + Aluguéis Renda Pessoal (RP) Recebimento efetivo das famílias RN - Lucros Retidos + Transferências. Renda Dispo,,
caderno3 (md),12 — 🤪 TPS Economia 10 - Nidi/Jacqueline Bueno,415,IMAGEM 585,verso,TEXTO,sim,absorver no 📖 e cortar, O PIB a preços de mercado é calculado a partir do PIB a preços básicos º Mas a relação com impostos e subsídios é inversa: soma-se os impostos indiretos sobre a produção e a venda e subtrai-se os subsídios ,,
caderno3 (md),12 — 🤪 TPS Economia 10 - Nidi/Jacqueline Bueno,416,IMAGEM 586,verso,TABELA,sim,absorver no 📖 (lista ou tabela ≥ 3 colunas), Valor PIB agregado Insumos de Produção Bens Finais Total Famílias Setor Empresas (FBKF+E) Produzido Extrativista Agrícola Indústria Serviços Governo Setor Externo Extrativista 100 ES) 10 70 5 Agrícola 100 50 30 15 Indús,,
caderno3 (md),12 — 🤪 TPS Economia 10 - Nidi/Jacqueline Bueno,417,IMAGEM 586,verso,TABELA,sim,absorver no 📖 (lista ou tabela ≥ 3 colunas), Valor PIB agregado Insumos de Produção Bens Finais Total Famílias Setor Empresas (FBKF+E) Produzido Extrativista Agrícola Indústria Serviços Governo Setor Externo Extrativista 100 ES) 10 70 5 Agrícola 100 50 30 15 Indús,,
caderno3 (md),12 — 🤪 TPS Economia 10 - Nidi/Jacqueline Bueno,418,IMAGEM 587,verso,TEXTO,sim,absorver no 📖 e cortar," moeda nacional 6,15 R$ câmbio = 100 € moeda estrangeira 2,80 Quanto menos Reais para cada Euro, mais valorizado está o Real, ex: — 1,00 Desvalorizar significa, portanto, que cada unidade da moeda estrangeira vale mais R",,
caderno3 (md),12 — 🤪 TPS Economia 10 - Nidi/Jacqueline Bueno,418,IMAGEM 588,verso,TEXTO,sim,absorver no 📖 e cortar," Mas movimentos cambiais não alteram a liquidez interna em moeda nacional, não alteram a base monetária A Base Monetária é constituída pelo papel-moeda emitido em poder do público mais o saldo do caixa em moeda corrente ",,
caderno3 (md),12 — 🤪 TPS Economia 10 - Nidi/Jacqueline Bueno,418,IMAGEM 589,verso,DIAGRAMA,sim,redesenho didático se passar no teste do quadro-negro; senão cortar," Descrição visual para reconstrução: Diagrama de composição dos meios de pagamento e caixa bancário, com blocos coloridos para PMPP, depósitos à vista, depósitos voluntários e compulsórios; rótulos distinguem setor monet",,
caderno3 (md),12 — 🤪 TPS Economia 10 - Nidi/Jacqueline Bueno,418,IMAGEM 590,verso,DIAGRAMA,sim,redesenho didático se passar no teste do quadro-negro; senão cortar," Descrição visual para reconstrução: Diagrama de base monetária sob controle do BC: blocos separados para depósitos à vista, PMPP e caixa/encaixes das sociedades depositárias, com setas indicando quais itens integram mei",,
caderno3 (md),12 — 🤪 TPS Economia 10 - Nidi/Jacqueline Bueno,418,IMAGEM 591,verso,DIAGRAMA,sim,redesenho didático se passar no teste do quadro-negro; senão cortar," Descrição visual para reconstrução: Diagrama de base monetária com marcações em X sobre componentes que não devem ser incluídos em determinada soma; caixas mostram PMPP, depósitos à vista e encaixes bancários. Texto e r",,
caderno3 (md),12 — 🤪 TPS Economia 10 - Nidi/Jacqueline Bueno,418,IMAGEM 592,verso,TEXTO,sim,absorver no 📖 e cortar, Ativos = Passivos + Patrimônio Líquido ,,
caderno3 (md),12 — 🤪 TPS Economia 10 - Nidi/Jacqueline Bueno,419,IMAGEM 593,verso,TEXTO,sim,absorver no 📖 e cortar, [1] Autoridade monetária define a taxa básica de juros (ex.: meta Selic) Ô Copiar código [2] Essa meta só se concretiza se a taxa no mercado de reservas (Juros entre bancos) ficar próxima da meta [3] Banco Central monit,,
caderno3 (md),12 — 🤪 TPS Economia 10 - Nidi/Jacqueline Bueno,419,IMAGEM 594,verso,TEXTO,sim,absorver no 📖 e cortar, [1] Bancos possuem contas de reservas no Banco Central * Usadas para: - Compensar pagamentos entre bancos - Cumprir exigências de reservas compulsórias [2] Ao fim do dia: [alguns bancos têm SOBRA de reservas 1 outros tê,,
caderno3 (md),12 — 🤪 TPS Economia 10 - Nidi/Jacqueline Bueno,419,IMAGEM 595,verso,TEXTO,sim,absorver no 📖 e cortar, Conceito Definição Quem define/determina? Taxa Básica É a Meta Selic. O instrumento político de Definida pelo COPOM a cada 45 Anunciada dias. controle da inflação e atividade econômica. Taxa do Mercado É a Selic Efetiva,,
caderno3 (md),12 — 🤪 TPS Economia 10 - Nidi/Jacqueline Bueno,430,IMAGEM 596,verso,TEXTO,sim,absorver no 📖 e cortar," Modelo de concorrência monopolista (Krugman, 1979) A abertura comercial pode aumentar a variedade de bens, pois empresas estrangeiras entram no mercado Mas o efeito sobre os preços depende de várias condições, como pres",,
caderno3 (md),12 — 🤪 TPS Economia 10 - Nidi/Jacqueline Bueno,431,IMAGEM 597,verso,TEXTO,sim,absorver no 📖 e cortar, Teorema proposto em 1941 por Wolfgang Stolper e Paul Samuelson O aumento da demanda pelo fator abundante provoca aumento do preço É apenas na presença de tarifas contra bens concorrentes internacionais que os mercados b,,
caderno3 (md),12 — 🤪 TPS Economia 10 - Nidi/Jacqueline Bueno,432,IMAGEM 598,verso,TEXTO,sim,absorver no 📖 e cortar," Nas teorias modernas (livre comércio), as tarifas tipicamente geram uma perda de bem-estar social: distorção da alocação eficiente e aumento de preços por causa da redução total da oferta Segundo as teorias críticas (Te",,
caderno3 (md),12 — 🤪 TPS Economia 10 - Nidi/Jacqueline Bueno,432,IMAGEM 599,verso,TEXTO,sim,absorver no 📖 e cortar, MM; F;=G ij ,,
caderno3 (md),12 — 🤪 TPS Economia 10 - Nidi/Jacqueline Bueno,432,IMAGEM 600,verso,GRÁFICO,sim,redesenho didático se passar no teste do quadro-negro; senão cortar," Descrição visual para reconstrução: Gráfico básico de oferta e demanda: eixo vertical preço e horizontal quantidade. Oferta é uma reta crescente e demanda uma reta decrescente; cruzam-se no equilíbrio, com linhas tracej",,
caderno3 (md),12 — 🤪 TPS Economia 10 - Nidi/Jacqueline Bueno,432,IMAGEM 601,verso,TEXTO,sim,absorver no 📖 e cortar, Componente Efeito da Tarifa Motivo Excedente do Reduz O preço interno sobe; consumidores compram menos e Consumidor Drasticamente gam mais. Excedente do Aumenta Produtores nacionais vendem mais a um preço maior. Produto,,
caderno3 (md),12 — 🤪 TPS Economia 10 - Nidi/Jacqueline Bueno,433,IMAGEM 602,verso,TEXTO,sim,absorver no 📖 e cortar, A equalização dos preços dos fatores de produção não está presente no modelo H-O original (1919-1933) É incorporada pelo teorema de equalização dos preços dos fatores por Paul Samuelson em 1971 (quebra de pressupostos) ,,
caderno3 (md),12 — 🤪 TPS Economia 10 - Nidi/Jacqueline Bueno,433,IMAGEM 603,verso,TEXTO,sim,absorver no 📖 e cortar, Conceito O que diz a Teoria Pura (H-O-S) Onde a Assertiva Errou Padrão de Correto na assertiva. Países exportam bens intensivos. Exportação em fatores abundantes. Resultado nos Equalização ocorre SE houver Assumiu a equ,,
caderno3 (md),13 — 🤪 TPS Economia 11 - Nidi/Jacqueline Bueno,441,IMAGEM 604,verso,TEXTO,sim,absorver no 📖 e cortar," (0) Verdadeiro. Do ponto de vista dinâmico, a elevação do compulsório afeta o multiplica- dor monetário, aumentando o coeficiente de reservas e reduzindo o multipli- cador; ceteris paribus, isto corresponderia a uma red",,
caderno3 (md),13 — 🤪 TPS Economia 11 - Nidi/Jacqueline Bueno,441,IMAGEM 605,verso,DIAGRAMA,sim,redesenho didático se passar no teste do quadro-negro; senão cortar," Descrição visual para reconstrução: Diagrama de meios de pagamento M1: PMPP e depósitos à vista são mostrados como componentes; seta/indicação de efeito multiplicador das sociedades depositárias e, ao lado, depósitos co",,
caderno3 (md),13 — 🤪 TPS Economia 11 - Nidi/Jacqueline Bueno,441,IMAGEM 606,verso,DIAGRAMA,sim,redesenho didático se passar no teste do quadro-negro; senão cortar, Descrição visual para reconstrução: Diagrama de meios de pagamento com PMPP + depósitos à vista e caixa das sociedades depositárias; estrutura por blocos coloridos e rótulos setoriais. Texto e rótulos legíveis na imagem,,
caderno3 (md),13 — 🤪 TPS Economia 11 - Nidi/Jacqueline Bueno,441,IMAGEM 607,verso,DIAGRAMA,sim,redesenho didático se passar no teste do quadro-negro; senão cortar," Descrição visual para reconstrução: Diagrama de base monetária com marcações em X sobre itens excluídos e blocos de PMPP, depósitos à vista e encaixes bancários. Texto e rótulos legíveis na imagem: Base monetária (?) ME",,
caderno3 (md),13 — 🤪 TPS Economia 11 - Nidi/Jacqueline Bueno,441,IMAGEM 608,verso,DIAGRAMA,sim,redesenho didático se passar no teste do quadro-negro; senão cortar," Descrição visual para reconstrução: Esquema com bloco de depósitos à vista e seta vertical, indicando movimentação entre liquidez sob controle dos indivíduos/bancos. Texto e rótulos legíveis na imagem: Liquidez sob cont",,
caderno3 (md),13 — 🤪 TPS Economia 11 - Nidi/Jacqueline Bueno,441,IMAGEM 609,verso,DIAGRAMA,sim,redesenho didático se passar no teste do quadro-negro; senão cortar," Descrição visual para reconstrução: Esquema com bloco de base monetária/caixa bancário e setas para cima/baixo, indicando criação, destruição ou transferência de meios de pagamento conforme a operação. Texto e rótulos l",,
caderno3 (md),13 — 🤪 TPS Economia 11 - Nidi/Jacqueline Bueno,441,IMAGEM 610,verso,DIAGRAMA,sim,redesenho didático se passar no teste do quadro-negro; senão cortar, Descrição visual para reconstrução: Dois pequenos diagramas lado a lado mostrando composição de base monetária e meios de pagamento antes/depois de uma operação; setas azuis/vermelhas indicam aumento/redução de componen,,
caderno3 (md),13 — 🤪 TPS Economia 11 - Nidi/Jacqueline Bueno,441,IMAGEM 611,verso,TEXTO,sim,absorver no 📖 e cortar, 4. Resumo da Dinâmica Variável Ação Efeito no Meio de Pagamento (Mj) Sobe Reducionista (Contrativo) Taxa de Compulsório Base Monetária Sobe (na mesma proporção) Expansionista Resultado Líquido Equilibrio Inalterado ,,
caderno3 (md),13 — 🤪 TPS Economia 11 - Nidi/Jacqueline Bueno,441,IMAGEM 612,verso,TEXTO,sim,absorver no 📖 e cortar," Para entender por que a conta ""fecha"" na teoria, mas é complexa na prática, vamos decompor o efeito do multiplicador k. 1. A Relação Matemática O meio de pagamento (M) é o produto da Base Monetária (B) pelo Multiplicado",,
caderno3 (md),13 — 🤪 TPS Economia 11 - Nidi/Jacqueline Bueno,441,IMAGEM 613,verso,TEXTO,sim,absorver no 📖 e cortar, Um exemplo que torna isso concreto Compare dois cenários com o mesmo Ar = 10 p.p.: Cenário A Cenário B rinicial 10% > 20% 40% > 50% Binicial 100 100 Dinicial 1.000 250 AR requerido 100 25 Nova base 200 125 Novo multipli,,
caderno3 (md),13 — 🤪 TPS Economia 11 - Nidi/Jacqueline Bueno,441,IMAGEM 614,verso,TEXTO,sim,absorver no 📖 e cortar, Cenário Arr AMB Novom Novo M1 Efeito no M1 Inicial 20% 5 1.000 A — Só aumento linear de reservas 20% +50 5 1.250 +25% (multiplicado) B — Compulsório + esterilização 25% +50 4 1.000 0% (exato) ,,
caderno3 (md),13 — 🤪 TPS Economia 11 - Nidi/Jacqueline Bueno,442,IMAGEM 615,verso,TEXTO,sim,absorver no 📖 e cortar, Taxa de redesconto é taxa de juros cobrada pelo BCB para emprestar liquidez às instituições financeiras (operação de redesconto) Mercado de reservas bancárias é o mercado no qual as instituições financeiras podem buscar,,
caderno3 (md),13 — 🤪 TPS Economia 11 - Nidi/Jacqueline Bueno,442,IMAGEM 616,verso,TEXTO,sim,absorver no 📖 e cortar," r= taxa de redesconto j = taxa de juros do mercado - no caso do Brasil, Selic Ser>i Nenhum banco vai desejar realizar a operação de redesconto, é mais barato adquirir reservas no mercado com outros bancos Obviamente, ap",,
caderno3 (md),13 — 🤪 TPS Economia 11 - Nidi/Jacqueline Bueno,442,IMAGEM 617,verso,TEXTO,sim,absorver no 📖 e cortar," Por outro lado, ser <i As instituições bancárias irão demandar reservas bancárias junto ao BCB Por isso a taxa r é considera como um limite superior para a taxa de juros de mercado de reservas No sentido de que os parti",,
caderno3 (md),13 — 🤪 TPS Economia 11 - Nidi/Jacqueline Bueno,443,IMAGEM 618,verso,TEXTO,sim,absorver no 📖 e cortar, 1 m “1-d(-R) d= percentual da moeda em poder do público depositada R= percentual de depósitos dos bancos retido na forma de compulsórios ,,
caderno3 (md),13 — 🤪 TPS Economia 11 - Nidi/Jacqueline Bueno,443,IMAGEM 619,verso,TEXTO,sim,absorver no 📖 e cortar," 1 0,20 = 5,00$ 1 — 1,00(1 — 0,20) 1 m 0,6 = 1,678 1—0,50(1 — 0,20) — 1 m 0,7 = 1,43$ 1-0,50(1- 0,40) — ",,
caderno3 (md),13 — 🤪 TPS Economia 11 - Nidi/Jacqueline Bueno,443,IMAGEM 620,verso,TEXTO,sim,absorver no 📖 e cortar," 191.A compra de títulos no mercado aberto pelo Banco Central terá maior impacto sobre os meios de pagamento quanto maior for a fração de moeda retida pelo público na forma manual, ceteris paribus. Quando BC compra títul",,
caderno3 (md),13 — 🤪 TPS Economia 11 - Nidi/Jacqueline Bueno,443,IMAGEM 621,verso,TEXTO,sim,absorver no 📖 e cortar," Conceitos importantes Em termos materiais, o que podemos chamar de moeda? Moeda manual ou corrente Moeda escritural ou eletrônica Comunicado nº 31.379, de 16 de novembro de 2017 “os recursos em Reais armazenados em disp",,
caderno3 (md),13 — 🤪 TPS Economia 11 - Nidi/Jacqueline Bueno,443,IMAGEM 622,verso,TABELA,sim,absorver no 📖 (lista ou tabela ≥ 3 colunas), Antigo sistema classificava por liquidez Sistema moderno (2001) classifica também por órgão emissor — Base monetária ampliada com quase moeda ado conta Toa Criadores ou multiplicadores de liquidez que aceitam DV M1 Pape,,
caderno3 (md),13 — 🤪 TPS Economia 11 - Nidi/Jacqueline Bueno,444,IMAGEM 623,verso,TEXTO,sim,absorver no 📖 e cortar," Só há redução de meios de pagamento quando a propriedade dos recursos de liquidez migram das mãos do público (incluindo o Estado) para os agentes do setor monetário (bancos, incluindo o Banco Central e o Tesouro Direto)",,
caderno3 (md),13 — 🤪 TPS Economia 11 - Nidi/Jacqueline Bueno,444,IMAGEM 624,verso,TEXTO,sim,absorver no 📖 e cortar," Quando as pessoas colocam os recursos em depósitos à vista, esses recursos continuam a pertencer às pessoas, não há redução de meios de pagamento A moeda só muda de formato, de manual à escritural 192.Há destruição de m",,
caderno3 (md),13 — 🤪 TPS Economia 11 - Nidi/Jacqueline Bueno,444,IMAGEM 625,verso,TEXTO,sim,absorver no 📖 e cortar, Operação Efeito sobre M1 Depósito em conta corrente (papel-moeda > DV) Neutro Depósito em poupança/CDB (DV > M2/M3) Destruição Quitação de empréstimo bancário Destruição Pagamento de imposto ao Tesouro Destruição Conces,,
caderno3 (md),13 — 🤪 TPS Economia 11 - Nidi/Jacqueline Bueno,445,IMAGEM 626,verso,TEXTO,sim,absorver no 📖 e cortar," Operação de mercado aberto ou open-market é uma operação de negociação de títulos públicos, uma das ferramentas de gestão da liquidez e financiamento público A variação da base monetária é igual Variação dos Ativos do B",,
caderno3 (md),13 — 🤪 TPS Economia 11 - Nidi/Jacqueline Bueno,445,IMAGEM 627,verso,TABELA,sim,absorver no 📖 (lista ou tabela ≥ 3 colunas), Balancete sintético do Banco Central A— RESERVAS INTERNACIONAIS F — BASE MONETÁRIA (PME+DEP) As alterações do ativo: operações ativas do - PMPP Banco Central B — CRÉDITO JUNTO A INSTITUIÇÕES - Encaixes totais das SD FIN,,
caderno3 (md),13 — 🤪 TPS Economia 11 - Nidi/Jacqueline Bueno,445,IMAGEM 628,verso,TABELA,sim,absorver no 📖 (lista ou tabela ≥ 3 colunas)," A — RESERVAS INTERNACIONAIS F— BASE MONETÁRIA (PME+DEP) - PMPP Uma operação de mercado aberto, na qual B— CRÉDITO JUNTO A INSTITUIÇÕES - Encaixes totais das SD FINANCEIRAS (REDESCONTOS) o Banco Central compra títulos da",,
caderno3 (md),13 — 🤪 TPS Economia 11 - Nidi/Jacqueline Bueno,445,IMAGEM 629,verso,TEXTO,sim,absorver no 📖 e cortar, Momento Valor contábil O que ocorre Compra BC registra o título como ativo Preço de aquisição (ex: R$ 950) Ao longo do tempo Apropriação de juros por competência Valor vai sendo acrescido gradualmente Vencimento Título ,,
caderno3 (md),13 — 🤪 TPS Economia 11 - Nidi/Jacqueline Bueno,446,IMAGEM 630,verso,GRÁFICO,sim,redesenho didático se passar no teste do quadro-negro; senão cortar, Descrição visual para reconstrução: Modelo de Solow. Eixo horizontal capital por trabalhador k e vertical produto/investimento por trabalhador. A função de produção y=f(k) é crescente e côncava; a curva s·y/sf(k) fica a,,
caderno3 (md),13 — 🤪 TPS Economia 11 - Nidi/Jacqueline Bueno,446,IMAGEM 631,verso,GRÁFICO,sim,redesenho didático se passar no teste do quadro-negro; senão cortar, Descrição visual para reconstrução: Modelo de Solow. Eixo horizontal capital por trabalhador k e vertical produto/investimento por trabalhador. A função de produção y=f(k) é crescente e côncava; a curva s·y/sf(k) fica a,,
caderno3 (md),13 — 🤪 TPS Economia 11 - Nidi/Jacqueline Bueno,446,IMAGEM 632,verso,GRÁFICO,sim,redesenho didático se passar no teste do quadro-negro; senão cortar, Descrição visual para reconstrução: Modelo de Solow. Eixo horizontal capital por trabalhador k e vertical produto/investimento por trabalhador. A função de produção y=f(k) é crescente e côncava; a curva s·y/sf(k) fica a,,
caderno3 (md),13 — 🤪 TPS Economia 11 - Nidi/Jacqueline Bueno,446,IMAGEM 633,verso,FÓRMULA,sim,transcrever como texto no 📖, sf(k) =(d+n)k Onde: e s = taxa de poupança e f (k) = produto por trabalhador (função de produção) 6 = taxa de depreciação do capital n = taxa de crescimento populacional e k = estoque de capital por trabalhador ,,
caderno3 (md),13 — 🤪 TPS Economia 11 - Nidi/Jacqueline Bueno,446,IMAGEM 634,verso,TEXTO,sim,absorver no 📖 e cortar," 2. O Choque: Aumento da Taxa de Depreciação (5) Se a taxa de depreciação do capital (6) aumenta, as máquinas e equipamentos da economia passam a se desgastar mais rápido. Graficamente, a reta de depreciação (ô + n.)k fi",,
caderno3 (md),13 — 🤪 TPS Economia 11 - Nidi/Jacqueline Bueno,446,IMAGEM 635,verso,TEXTO,sim,absorver no 📖 e cortar," 1) Intuição básica do erro No Solow, o capital por trabalhador k evolui segundo: k = sf(k) —(n+6)k Onde: ¢ sf(k) = investimento por trabalhador e (n + 6)k = ""investimento de reposição” (para equipar novos trabalhadores ",,
caderno3 (md),13 — 🤪 TPS Economia 11 - Nidi/Jacqueline Bueno,446,IMAGEM 636,verso,TEXTO,sim,absorver no 📖 e cortar," 3) “Trajetória de crescimento equilibrado” no Solow sem progresso técnico Também vale um ajuste conceitual didático: . Sem progresso técnico (e olhando variáveis por trabalhador), o estado estacionário é de: . k constan",,
caderno3 (md),13 — 🤪 TPS Economia 11 - Nidi/Jacqueline Bueno,447,IMAGEM 637,verso,TEXTO,sim,absorver no 📖 e cortar," A Regra de Ouro se refere à taxa de poupança que maximiza o consumo por trabalhador no estado estacionário A renda não consumida é poupança, no caso clássico: Enquanto o consumo sustenta o produto, a poupança financia o",,
caderno3 (md),13 — 🤪 TPS Economia 11 - Nidi/Jacqueline Bueno,447,IMAGEM 638,verso,TEXTO,sim,absorver no 📖 e cortar," Se a o estoque de capital está acima do nível ótimo do equilíbrio, há excesso de capital, há excesso de poupança Pare retornar ao equilíbrio, seria necessário portanto aumentar o consumo per capita, reduzindo o excesso ",,
caderno3 (md),13 — 🤪 TPS Economia 11 - Nidi/Jacqueline Bueno,447,IMAGEM 639,verso,TEXTO,sim,absorver no 📖 e cortar," 195.No modelo de Solow, se o estoque de capital por trabalhador se encontra acima do nível associado à regra de ouro, então o aumento da taxa de crescimento populacional pode aumentar (tudo o mais constante) o nível de ",,
caderno3 (md),13 — 🤪 TPS Economia 11 - Nidi/Jacqueline Bueno,447,IMAGEM 640,verso,TEXTO,sim,absorver no 📖 e cortar," Nesse caso, apenas reduzir o nível de poupança e direcionar os recursos para o consumo já seria o suficiente para corrigir o sobreinvestimento e o subconsumo ",,
caderno3 (md),13 — 🤪 TPS Economia 11 - Nidi/Jacqueline Bueno,447,IMAGEM 641,verso,FÓRMULA,sim,transcrever como texto no 📖, Equação de acumulação de capital . k=sy—(n+d)k ,,
caderno3 (md),13 — 🤪 TPS Economia 11 - Nidi/Jacqueline Bueno,447,IMAGEM 642,verso,GRÁFICO,sim,redesenho didático se passar no teste do quadro-negro; senão cortar, Descrição visual para reconstrução: Modelo de Solow. Eixo horizontal capital por trabalhador k e vertical produto/investimento por trabalhador. A função de produção y=f(k) é crescente e côncava; a curva s·y/sf(k) fica a,,
caderno3 (md),13 — 🤪 TPS Economia 11 - Nidi/Jacqueline Bueno,447,IMAGEM 643,verso,TEXTO,sim,absorver no 📖 e cortar, 1. O Contexto: A Regra de Ouro e a Ineficiência Dinâmica A Regra de Ouro de acumulação de capital (Kgota) é o nivel de capital por trabalhador no estado estacionário que maximiza o consumo per capita (c*). Quando uma ec,,
caderno3 (md),13 — 🤪 TPS Economia 11 - Nidi/Jacqueline Bueno,447,IMAGEM 644,verso,TEXTO,sim,absorver no 📖 e cortar," Com menos capital por trabalhador, a produção por trabalhador, f (k*), cai. Como a taxa de poupança (s) não mudou, a sociedade continua consumindo a exata mesma proporção (1 — s) de um ""bolo"" que agora é menor. O result",,
caderno3 (md),13 — 🤪 TPS Economia 11 - Nidi/Jacqueline Bueno,447,IMAGEM 645,verso,TEXTO,sim,absorver no 📖 e cortar," A assertiva está errada (ou, no mínimo, imprecisa a ponto de induzir erro) porque mistura: © regra de ouro (critério de consumo por trabalhador no estado estacionário), * com um choque em n (crescimento populacional) qu",,
caderno3 (md),13 — 🤪 TPS Economia 11 - Nidi/Jacqueline Bueno,447,IMAGEM 646,verso,TEXTO,sim,absorver no 📖 e cortar," 2) Onde a assertiva erra A assertiva diz, em essência: ""Se k > kgr, então aumentar n pode aumentar consumo per capita porque diminui k.” O problema está em tratar isso como se fosse um resultado direto e favorável de n ",,
caderno3 (md),13 — 🤪 TPS Economia 11 - Nidi/Jacqueline Bueno,447,IMAGEM 647,verso,TEXTO,sim,absorver no 📖 e cortar," 4) Cuidado com a expressão “consumo per capita” No Solow, dependendo do contexto, banca pode usar: . consumo per capita . consumo por trabalhador como sinônimos (assumindo população = força de trabalho, ou proporção con",,
caderno3 (md),13 — 🤪 TPS Economia 11 - Nidi/Jacqueline Bueno,447,IMAGEM 648,verso,TEXTO,sim,absorver no 📖 e cortar," 8) Reescrita correta (didática) Versão 1 (mais conceitual) “No modelo de Solow, se o estoque de capital por trabalhador estiver acima do nível da regra de ouro, uma redução do capital por trabalhador pode elevar o consu",,
caderno3 (md),13 — 🤪 TPS Economia 11 - Nidi/Jacqueline Bueno,448,IMAGEM 649,verso,TEXTO,sim,absorver no 📖 e cortar," Os modelos de crescimento endógeno não definem a origem da poupança, externa ou interna, para explicar o processo de crescimento econômico Em vários desses modelos, como no modelo AK, a poupança afeta a taxa de crescime",,
caderno3 (md),13 — 🤪 TPS Economia 11 - Nidi/Jacqueline Bueno,449,IMAGEM 650,verso,TEXTO,sim,absorver no 📖 e cortar," Exemplo: os modelos de Romer e do Lucas No modelo de Romer, é fundamental para o crescimento econômico a aplicação de recursos em pesquisa e desenvolvimento No modelo de Lucas existe uma taxa de crescimento para a acumu",,
caderno3 (md),13 — 🤪 TPS Economia 11 - Nidi/Jacqueline Bueno,450,IMAGEM 651,verso,TEXTO,sim,absorver no 📖 e cortar, Axiomas Integralidade: é possível ordenar as cestas de forma racional porque há informações completas e claras Transitividade: o ordenamento é racional e lógico Dominância: cestas mais cheias são sempre melhor do que as,,
caderno3 (md),13 — 🤪 TPS Economia 11 - Nidi/Jacqueline Bueno,450,IMAGEM 652,verso,TEXTO,sim,absorver no 📖 e cortar," Os bens inferiores são aqueles que consumimos menos quando há maior poder de compra Se esse indivíduo é racional, quando sua renda cresce ele quer consumir mais Se todos os bens fossem inferiores, um aumento da renda ge",,
caderno3 (md),13 — 🤪 TPS Economia 11 - Nidi/Jacqueline Bueno,451,IMAGEM 653,verso,GRÁFICO,sim,redesenho didático se passar no teste do quadro-negro; senão cortar, Descrição visual para reconstrução: Incidência de imposto em bem essencial/inelástico. Eixo vertical preço P e horizontal quantidade Q. Demanda é muito íngreme/verticalizada e oferta crescente. O imposto desloca a ofert,,
caderno3 (md),13 — 🤪 TPS Economia 11 - Nidi/Jacqueline Bueno,451,IMAGEM 654,verso,TEXTO,sim,absorver no 📖 e cortar," 199.Para os ofertantes de um bem essencial não vale a pena reduzir a oferta desse bem para forçar o aumento do preço, uma vez que a sua receita total diminuirá ao fim do processo. ",,
caderno3 (md),13 — 🤪 TPS Economia 11 - Nidi/Jacqueline Bueno,452,IMAGEM 655,verso,GRÁFICO,sim,redesenho didático se passar no teste do quadro-negro; senão cortar," Descrição visual para reconstrução: Oferta e demanda com oferta vertical. Eixo vertical Price e horizontal Quantity. A oferta é uma reta vertical em Q2 (com posição anterior Q1 indicada), enquanto a demanda é descendent",,
caderno3 (md),13 — 🤪 TPS Economia 11 - Nidi/Jacqueline Bueno,453,IMAGEM 656,verso,TEXTO,sim,absorver no 📖 e cortar," CMBEU só foi formada em julho de 1951, no segundo Governo Vargas Primeiro Governo Vargas 1930-1937 Estado Novo 1937-1945 Governo José Linhares 1945-1946 Governo Dutra 1946-1951 Segundo Governo Vargas 1951-1954 ",,
caderno3 (md),13 — 🤪 TPS Economia 11 - Nidi/Jacqueline Bueno,454,IMAGEM 657,verso,TEXTO,sim,absorver no 📖 e cortar," JK pretendida fazer um esquema tripartite Parte da responsabilidade caberia ao setor público, parte ao setor privado e ainda parte à “economia mista” ",,
caderno3 (md),13 — 🤪 TPS Economia 11 - Nidi/Jacqueline Bueno,455,IMAGEM 658,verso,TEXTO,sim,absorver no 📖 e cortar," Assim que assumiu o poder, Café Filho convidou Eugenio Gudin para o cargo de Ministro da Fazenda reconhecido por suas propostas de políticas ortodoxas e baixa tolerância à inflação O governo, porém, não logrou obter os ",,
caderno3 (md),13 — 🤪 TPS Economia 11 - Nidi/Jacqueline Bueno,456,IMAGEM 659,verso,TEXTO,sim,absorver no 📖 e cortar," Processo de estatização da dívida externa tem sua origem em diversas medidas Objetivos: viabilizar o Il PND, financiar o déficit do BP causado pelo choque do petróleo ",,
caderno3 (md),13 — 🤪 TPS Economia 11 - Nidi/Jacqueline Bueno,456,IMAGEM 660,verso,TEXTO,sim,absorver no 📖 e cortar," Instrumentos: Circular Bacen n, 230de 1974 Possibilitava aos bancos operando no Brasil captarem recursos no exterior, transferindo ao Banco Central a responsabilidade sobre recursos que não encontrassem tomadores finais",,
caderno3 (md),13 — 🤪 TPS Economia 11 - Nidi/Jacqueline Bueno,456,IMAGEM 661,verso,TEXTO,sim,absorver no 📖 e cortar, Instrumentos: Resolução CMN n445 de 1977 Passou a limitar os empréstimos em moeda nacional para entidades controladas direta ou indiretamente pelo Poder Público a 8% do total das aplicações dos bancos de investimento. D,,
caderno3 (md),13 — 🤪 TPS Economia 11 - Nidi/Jacqueline Bueno,457,IMAGEM 662,verso,TEXTO,sim,absorver no 📖 e cortar," As metas foram de superávit primário e não nominal Tripé macroeconômico Metas de superávit primário, Regime de metas de inflação e o câmbio flutuante Introduzido após a desvalorização cambial de janeiro de 1999 Resultad",,
caderno3 (md),13 — 🤪 TPS Economia 11 - Nidi/Jacqueline Bueno,458,IMAGEM 663,verso,TEXTO,sim,absorver no 📖 e cortar," 206.Em resposta à crise cambial, foi iniciado em 1948 o sistema de contingenciamento de importações, baseado na oferta de licenças prévias e sem a definição de prioridades setoriais, em vista do liberalismo característi",,
caderno3 (md),13 — 🤪 TPS Economia 11 - Nidi/Jacqueline Bueno,459,IMAGEM 664,verso,TEXTO,sim,absorver no 📖 e cortar," 207.A Instrução 70 da SUMOC estabeleceu controle quantitativo das importações, por meio de licenciamentos prévios e leilões de câmbio. A instrução 70 da SUMOC estabeleceu câmbio múltiplo e não restrição quantitativa, de",,
caderno3 (md),13 — 🤪 TPS Economia 11 - Nidi/Jacqueline Bueno,460,IMAGEM 665,verso,TEXTO,sim,absorver no 📖 e cortar," 208.A Instrução 113 da SUMOC permitia a importação de bens de capital para o estabelecimento de novas plantas industriais, sem considerar a categoria em que os bens estivessem classificados, o que foi considerado um est",,
caderno3 (md),13 — 🤪 TPS Economia 11 - Nidi/Jacqueline Bueno,461,IMAGEM 666,verso,TEXTO,sim,absorver no 📖 e cortar, A reforma também simplificou o sistema de taxas múltiplas ,,
caderno3 (md),13 — 🤪 TPS Economia 11 - Nidi/Jacqueline Bueno,462,IMAGEM 667,verso,TEXTO,sim,absorver no 📖 e cortar, Lei de Remessas de 1962 Contexto — deterioração das relações com os EUAs Cancelamento das concessões de exploração de minério Tentativa de nacionalizar a International Telephone and Telegraph (ITT) (Tentativa) condução ,,
caderno3 (md),13 — 🤪 TPS Economia 11 - Nidi/Jacqueline Bueno,464,IMAGEM 668,verso,TEXTO,sim,absorver no 📖 e cortar," 211.Em economias que privilegiam a produção, quotas são preferíveis as tarifas, porque, as tarifas tendem a reduzir o excedente de consumidores e produtores nacionais, já que esses dividem a tarifa imposta de maneira pr",,
caderno3 (md),13 — 🤪 TPS Economia 11 - Nidi/Jacqueline Bueno,466,IMAGEM 669,verso,TEXTO,sim,absorver no 📖 e cortar," Ocorrem efeitos de curto prazo, que são anulados no longo prazo ",,
caderno3 (md),13 — 🤪 TPS Economia 11 - Nidi/Jacqueline Bueno,466,IMAGEM 670,verso,GRÁFICO,sim,redesenho didático se passar no teste do quadro-negro; senão cortar, Descrição visual para reconstrução: Modelo IS–LM/política macroeconômica. Eixo horizontal renda/produto Y e vertical taxa de juros i/r. IS é descendente e LM ascendente; curvas com apóstrofo mostram deslocamentos por po,,
caderno3 (md),13 — 🤪 TPS Economia 11 - Nidi/Jacqueline Bueno,466,IMAGEM 671,verso,TEXTO,sim,absorver no 📖 e cortar, 213.A introdução de uma tarifa alfandegária causará efeitos de longo prazo sobre a balança comercial se houver livre mobilidade de capital e regime cambial flexível. ,,
caderno3 (md),13 — 🤪 TPS Economia 11 - Nidi/Jacqueline Bueno,467,IMAGEM 672,verso,TEXTO,sim,absorver no 📖 e cortar," 214.Acordos comerciais regionais são incompatíveis com as normas multilaterais, a menos que a liberalização neles prevista abranja a totalidade do universo tarifário. Não é exigido que acordos comerciais regionais liber",,
