item,rid,k,caderno,origem,destino,h2,tipo,banca,prova,ano,cacd,errei,gabarito,resumo,dup_de,figura_frente,triagem,obs
ECO-E1-0001-1,E1-0001,1,E1,01.1 - Obj.,04-A,🥔 Bens inferiores e de Giffen,C/E,Banca não identificada,,2012,False,True,CERTO,renda toda gasta: nem todos os bens podem ser inferiores,,nenhuma,,"ano entre parênteses; provável CACD, mas a fonte não diz"
ECO-E1-0002-1,E1-0002,1,E1,01.1 - Obj.,05,🗺️ Isoquantas e TMST,C/E,Banca não identificada,,2012,False,False,ERRADO,"insumos complementares: isoquantas em L, não retas",,nenhuma,,"ano entre parênteses; provável CACD, mas a fonte não diz"
ECO-E1-0003-1,E1-0003,1,E1,01.1 - Obj.,01,📈 Demanda: determinantes e deslocamentos,C/E,Banca não identificada,,2012,False,False,ERRADO,preço de estacionamento desloca a curva de demanda por táxi,,nenhuma,,"ano entre parênteses; provável CACD, mas a fonte não diz"
ECO-E1-0004-1,E1-0004,1,E1,01.1 - Obj.,01,🏭 Oferta: determinantes e deslocamentos,C/E,Banca não identificada,,2012,False,True,CERTO,mais mão de obra especializada desloca oferta de LP,,nenhuma,,"ano entre parênteses; provável CACD, mas a fonte não diz"
ECO-E1-0005-1,E1-0005,1,E1,01.1 - Obj.,03,🚧 Preços máximos e mínimos,C/E,Banca não identificada,,2010,False,True,ERRADO,preço mínimo: excedente maior quanto mais elástica a oferta,,nenhuma,,"ano entre parênteses; provável CACD, mas a fonte não diz"
ECO-E1-0006-1,E1-0006,1,E1,01.1 - Obj.,04-A,🔀 Efeitos renda e substituição,C/E,Banca não identificada,,2010,False,False,ERRADO,bem inferior: efeito renda contrário ao substituição,,nenhuma,,"ano entre parênteses; provável CACD, mas a fonte não diz"
ECO-E1-0007-1,E1-0007,1,E1,01.1 - Obj.,02,⏳ Determinantes e prazos,C/E,Banca não identificada,,2010,False,False,CERTO,publicidade e fidelização tornam demanda mais inelástica,,nenhuma,,"ano entre parênteses; provável CACD, mas a fonte não diz"
ECO-E1-0008-1,E1-0008,1,E1,01.1 - Obj.,04,⚖️ Escolha ótima do consumidor,C/E,Banca não identificada,,2010,False,False,?,mercado competitivo: TMS igual para todos os consumidores,,nenhuma,,"ano entre parênteses; provável CACD, mas a fonte não diz"
ECO-E1-0009-1,E1-0009,1,E1,01.1 - Obj.,07,🗺️ Comparação entre estruturas,C/E,Banca não identificada,,,False,False,ERRADO,mercados não competitivos: preço não é único determinante,,nenhuma,,data 04/22 (questionário próprio?)
ECO-E1-0010-1,E1-0010,1,E1,01.1 - Obj.,01,📈 Demanda: determinantes e deslocamentos,C/E,Banca não identificada,,,False,False,CERTO,aumento de renda desloca demanda de bem normal,,nenhuma,,data 04/22 (questionário próprio?)
ECO-E1-0011-1,E1-0011,1,E1,01.1 - Obj.,02,🔗 Elasticidade-renda e cruzada,C/E,Banca não identificada,,,False,False,CERTO,elasticidade cruzada positiva indica bens substitutos,,nenhuma,,data 04/22 (questionário próprio?)
ECO-E1-0012-1,E1-0012,1,E1,01.1 - Obj.,04,🎯 Utilidade e curvas de indiferença,C/E,Banca não identificada,,,False,False,CERTO,definição de curva de indiferença,,nenhuma,,data 04/22 (questionário próprio?)
ECO-E1-0013-1,E1-0013,1,E1,01.1 - Obj.,04-A,🥔 Bens inferiores e de Giffen,C/E,Daniel – Economia CACD (Telegram),,,False,False,ERRADO,"bem de Giffen: elasticidade-preço positiva, não negativa",,nenhuma,,
ECO-E1-0014-1,E1-0014,1,E1,01.1 - Obj.,01,📈 Demanda: determinantes e deslocamentos,C/E,Daniel – Economia CACD (Telegram),,,False,False,CERTO,lei da demanda: inclinação negativa,,nenhuma,,
ECO-E1-0015-1,E1-0015,1,E1,01.1 - Obj.,01,📐 Curva de possibilidades de produção,C/E,CEBRASPE,IRBr/CACD/2003,2003,True,True,ERRADO,redução do desemprego não desloca a CPP,,nenhuma,,
ECO-E1-0016-1,E1-0016,1,E1,01.1 - Obj.,01,🧭 Fundamentos e escassez,C/E,CEBRASPE,IRBr/CACD/2003,2003,True,False,CERTO,custo de oportunidade de concursos simultâneos,,nenhuma,,
ECO-E1-0017-1,E1-0017,1,E1,01.1 - Obj.,02,"💰 Elasticidade, receita e gasto",C/E,Banca não identificada,,,False,True,CERTO,demanda inelástica por drogas: preço maior eleva gasto,,ausente_deduzivel,,frente só imagem; verso explica a assertiva
ECO-E1-0018-1,E1-0018,1,E1,01.1 - Obj.,01,🏭 Oferta: determinantes e deslocamentos,C/E,CEBRASPE,IRBr/CACD/2003,2003,True,False,ERRADO,crédito desloca demanda; oferta não se desloca para esquerda,,nenhuma,,
ECO-E1-0019-1,E1-0019,1,E1,01.1 - Obj.,01,🏭 Oferta: determinantes e deslocamentos,C/E,CEBRASPE,IRBr/CACD/2004,2004,True,False,CERTO,redução de custos desloca oferta para direita,,nenhuma,,
ECO-E1-0020-1,E1-0020,1,E1,01.1 - Obj.,01,📈 Demanda: determinantes e deslocamentos,C/E,Prof. Rodrigo Teixeira,,,False,False,ERRADO,assertiva 1: choque leva a retração da demanda,,ausente_irrecuperavel,frente só imagem; assertivas não reconstruíveis com precisão,Aula 1
ECO-E1-0020-2,E1-0020,2,E1,01.1 - Obj.,01,⚖️ Equilíbrio e estática comparativa,C/E,Prof. Rodrigo Teixeira,,,False,False,ERRADO,assertiva 2: expansão da oferta doméstica reduz preço,,ausente_irrecuperavel,frente só imagem; assertivas não reconstruíveis com precisão,Aula 1
ECO-E1-0021-1,E1-0021,1,E1,01.1 - Obj.,01,⚖️ Equilíbrio e estática comparativa,C/E,Prof. Rodrigo Teixeira,,,False,False,CERTO,recessão reduz demanda e preço,,ausente_deduzivel,,Aula 1; frente só imagem
ECO-E1-0022-1,E1-0022,1,E1,01.1 - Obj.,03,🚧 Preços máximos e mínimos,C/E,Prof. Rodrigo Teixeira,,,False,False,CERTO,expansão da oferta com preço mínimo: governo compra excedente,,ausente_deduzivel,,Aula 1; frente só imagem
ECO-E1-0023-1,E1-0023,1,E1,01.1 - Obj.,01,⚖️ Equilíbrio e estática comparativa,ME,Prof. Rodrigo Teixeira,,,False,False,A,cálculo do preço de equilíbrio Qd=Qo,,ausente_deduzivel,,Aula 2; rotulada C/E mas é ME
ECO-E1-0024-1,E1-0024,1,E1,01.1 - Obj.,TRIAGEM,01,C/E,Prof. Rodrigo Teixeira,,,False,False,?,"questão em imagem, sem texto",,ausente_irrecuperavel,frente e verso só imagem,Aula 2
ECO-E1-0025-1,E1-0025,1,E1,01.1 - Obj.,79,🧾 Tarifas,C/E,Banca não identificada,,2023,False,False,ERRADO,importação ao preço internacional de 50,,nenhuma,,"ano 2023; provável CACD, fonte não diz"
ECO-E1-0026-1,E1-0026,1,E1,01.1 - Obj.,79,🚫 Cotas e barreiras não tarifárias,C/E,Banca não identificada,,2023,False,False,ERRADO,cota de importação de 9 unidades e preço,,nenhuma,,"ano 2023; provável CACD, fonte não diz"
ECO-E1-0027-1,E1-0027,1,E1,01.1 - Obj.,79,🧾 Tarifas,C/E,Banca não identificada,,2023,False,True,ERRADO,tarifa e quantidade consumida no mercado doméstico,,nenhuma,,"ano 2023; provável CACD, fonte não diz"
ECO-E1-0028-1,E1-0028,1,E1,01.1 - Obj.,79,🧾 Tarifas,C/E,Banca não identificada,,2023,False,False,ERRADO,tarifa maior reduz excedente do consumidor,,nenhuma,,"ano 2023; provável CACD, fonte não diz"
ECO-E1-0029-1,E1-0029,1,E1,01.1 - Obj.,01,📐 Curva de possibilidades de produção,C/E,CEBRASPE,IRBr/CACD/2004,2004,True,True,CERTO,"redução do IOF, poupança e deslocamento da FPP",,nenhuma,,
ECO-E1-0030-1,E1-0030,1,E1,01.1 - Obj.,01,📈 Demanda: determinantes e deslocamentos,C/E,CEBRASPE,IRBr/CACD/2004,2004,True,False,CERTO,gripe aviária desloca demanda por frango brasileiro,,nenhuma,,
ECO-E1-0031-1,E1-0031,1,E1,01.1 - Obj.,01,🧭 Fundamentos e escassez,C/E,Banca não identificada,,,False,False,CERTO,mercado eficaz na alocação apesar das falhas,,nenhuma,,
ECO-E1-0032-1,E1-0032,1,E1,01.1 - Obj.,01,🧭 Fundamentos e escassez,C/E,Banca não identificada,,,False,False,ERRADO,emissão de moeda não elimina escassez,,nenhuma,,
ECO-E1-0033-1,E1-0033,1,E1,01.1 - Obj.,01,🧭 Fundamentos e escassez,C/E,Banca não identificada,,,False,False,ERRADO,intervenção do governo segundo a microeconomia neoclássica,,nenhuma,,
ECO-E1-0034-1,E1-0034,1,E1,01.1 - Obj.,01,🧭 Fundamentos e escassez,C/E,Banca não identificada,,,False,False,CERTO,distribuição como parte do problema econômico,,nenhuma,,
ECO-E1-0035-1,E1-0035,1,E1,01.1 - Obj.,01,🧭 Fundamentos e escassez,C/E,Banca não identificada,,,False,False,CERTO,economia estuda organização da produção,,nenhuma,,
ECO-E1-0036-1,E1-0036,1,E1,01.1 - Obj.,01,🧭 Fundamentos e escassez,C/E,Banca não identificada,,,False,False,ERRADO,governo não é dispensável para o bem-estar,,nenhuma,,
ECO-E1-0037-1,E1-0037,1,E1,01.1 - Obj.,01,🧭 Fundamentos e escassez,C/E,Banca não identificada,,,False,False,CERTO,decisões individuais enfrentam custo de oportunidade,,nenhuma,,
ECO-E1-0038-1,E1-0038,1,E1,01.1 - Obj.,01,🏷️ Classificação dos bens,C/E,Banca não identificada,,,False,False,ERRADO,"bens econômicos são escassos, não de livre acesso",,nenhuma,,
ECO-E1-0039-1,E1-0039,1,E1,01.1 - Obj.,01,🏷️ Classificação dos bens,C/E,Banca não identificada,,,False,False,ERRADO,bens econômicos têm valor atribuído,,nenhuma,,
ECO-E1-0040-1,E1-0040,1,E1,01.1 - Obj.,01,🏷️ Classificação dos bens,C/E,Banca não identificada,,,False,False,CERTO,bens finais ou intermediários quanto à função,,nenhuma,,
ECO-E1-0041-1,E1-0041,1,E1,01.1 - Obj.,01,🏷️ Classificação dos bens,C/E,Banca não identificada,,,False,False,ERRADO,bens de consumo × bens de produção,,nenhuma,,
ECO-E1-0042-1,E1-0042,1,E1,01.1 - Obj.,01,🧭 Fundamentos e escassez,C/E,Banca não identificada,,,False,False,CERTO,definição de trade-off,,nenhuma,,
ECO-E1-0043-1,E1-0043,1,E1,01.1 - Obj.,01,🧭 Fundamentos e escassez,C/E,Banca não identificada,,,False,False,ERRADO,custo de oportunidade como melhor alternativa sacrificada,,nenhuma,,
ECO-E1-0044-1,E1-0044,1,E1,01.1 - Obj.,01,🧭 Fundamentos e escassez,C/E,Banca não identificada,,,False,False,ERRADO,mudança marginal envolve racionalidade econômica,,nenhuma,,
ECO-E1-0045-1,E1-0045,1,E1,01.1 - Obj.,06,🧾 Custo econômico × contábil,C/E,Banca não identificada,,,False,False,ERRADO,abordagem contábil × econômica dos custos,,nenhuma,,
ECO-E1-0046-1,E1-0046,1,E1,01.1 - Obj.,06,🧾 Custo econômico × contábil,C/E,Banca não identificada,,,False,False,ERRADO,"custos econômicos incluem custo de oportunidade, não históricos",,nenhuma,,
ECO-E1-0047-1,E1-0047,1,E1,01.1 - Obj.,01,🧭 Fundamentos e escassez,C/E,Banca não identificada,,,False,False,CERTO,custo de oportunidade do capital do empresário,,nenhuma,,
ECO-E1-0048-1,E1-0048,1,E1,01.1 - Obj.,01,🧭 Fundamentos e escassez,C/E,Banca não identificada,,,False,False,CERTO,custo de oportunidade em projetos sociais: VPL e TIR,,nenhuma,,
ECO-E1-0049-1,E1-0049,1,E1,01.1 - Obj.,01,🧭 Fundamentos e escassez,C/E,Banca não identificada,,,False,False,CERTO,escassez dá caráter econômico aos problemas fundamentais,,nenhuma,,
ECO-E1-0050-1,E1-0050,1,E1,01.1 - Obj.,01,🧭 Fundamentos e escassez,C/E,Banca não identificada,,,False,False,ERRADO,"trade-off implica custo de oportunidade, não marginal",,nenhuma,,
ECO-E1-0051-1,E1-0051,1,E1,01.1 - Obj.,01,📈 Demanda: determinantes e deslocamentos,C/E,Banca não identificada,,,False,False,CERTO,campanha de bem normal desloca demanda para direita,,nenhuma,,
ECO-E1-0052-1,E1-0052,1,E1,01.1 - Obj.,01,📈 Demanda: determinantes e deslocamentos,C/E,Banca não identificada,,,False,False,CERTO,mudança de preferência reduz demanda e aluguel,,nenhuma,,
ECO-E1-0053-1,E1-0053,1,E1,01.1 - Obj.,04,📊 Demanda individual e de mercado,C/E,Banca não identificada,,,False,False,CERTO,demanda de mercado como soma das individuais,,nenhuma,,
ECO-E1-0054-1,E1-0054,1,E1,01.1 - Obj.,01,📈 Demanda: determinantes e deslocamentos,C/E,Banca não identificada,,,False,False,ERRADO,alta do preço de substituto eleva demanda,,nenhuma,,
ECO-E1-0055-1,E1-0055,1,E1,01.1 - Obj.,01,📈 Demanda: determinantes e deslocamentos,C/E,Banca não identificada,,,False,False,CERTO,variação do próprio preço: movimento ao longo da curva,,nenhuma,,
ECO-E1-0056-1,E1-0056,1,E1,01.1 - Obj.,01,🏭 Oferta: determinantes e deslocamentos,C/E,Banca não identificada,,,False,False,CERTO,"lei da oferta: preço maior, mais lucrativo produzir",,nenhuma,,
ECO-E1-0057-1,E1-0057,1,E1,01.1 - Obj.,01,📈 Demanda: determinantes e deslocamentos,C/E,Banca não identificada,,,False,False,ERRADO,lei da demanda: relação negativa preço-quantidade,,nenhuma,,
ECO-E1-0058-1,E1-0058,1,E1,01.1 - Obj.,01,📈 Demanda: determinantes e deslocamentos,C/E,Banca não identificada,,,False,False,CERTO,lei da demanda: relação negativa preço-quantidade,,nenhuma,,
ECO-E1-0059-1,E1-0059,1,E1,01.1 - Obj.,01,⚖️ Equilíbrio e estática comparativa,C/E,Banca não identificada,,,False,False,ERRADO,redução da oferta eleva preço e reduz quantidade,,nenhuma,,
ECO-E1-0060-1,E1-0060,1,E1,01.1 - Obj.,01,🏷️ Classificação dos bens,C/E,Banca não identificada,,,False,False,CERTO,definição de bens substitutos,,nenhuma,,
ECO-E1-0061-1,E1-0061,1,E1,01.1 - Obj.,01,🏷️ Classificação dos bens,C/E,Banca não identificada,,,False,False,CERTO,definição de bem inferior,,nenhuma,,
ECO-E1-0062-1,E1-0062,1,E1,01.1 - Obj.,01,🏷️ Classificação dos bens,C/E,Banca não identificada,,,False,False,ERRADO,bens consumidos juntos são complementares,,nenhuma,,
ECO-E1-0063-1,E1-0063,1,E1,01.1 - Obj.,01,⚖️ Equilíbrio e estática comparativa,C/E,Banca não identificada,,,False,False,CERTO,queda de preço e quantidade: queda da demanda,,nenhuma,,
ECO-E1-0064-1,E1-0064,1,E1,01.1 - Obj.,01,📈 Demanda: determinantes e deslocamentos,C/E,Banca não identificada,,,False,False,CERTO,propaganda desloca demanda para direita,,nenhuma,,
ECO-E1-0065-1,E1-0065,1,E1,01.1 - Obj.,01,🧭 Fundamentos e escassez,C/E,Banca não identificada,,,False,False,CERTO,definição de custo de oportunidade,,nenhuma,,
ECO-E1-0066-1,E1-0066,1,E1,01.1 - Obj.,01,🧭 Fundamentos e escassez,C/E,Banca não identificada,,,False,False,CERTO,oferta e demanda em mercados competitivos,,nenhuma,,
ECO-E1-0067-1,E1-0067,1,E1,01.1 - Obj.,01,📈 Demanda: determinantes e deslocamentos,C/E,Banca não identificada,,,False,False,ERRADO,"demanda é intenção de compra, não compra efetiva",,nenhuma,,
ECO-E1-0068-1,E1-0068,1,E1,01.1 - Obj.,01,📈 Demanda: determinantes e deslocamentos,C/E,Banca não identificada,,,False,False,ERRADO,fator central da demanda é o preço,,nenhuma,,
ECO-E1-0069-1,E1-0069,1,E1,01.1 - Obj.,01,📈 Demanda: determinantes e deslocamentos,C/E,Banca não identificada,,,False,False,CERTO,inclinação negativa da demanda: efeitos substituição e renda,,nenhuma,,
ECO-E1-0070-1,E1-0070,1,E1,01.1 - Obj.,01,🏷️ Classificação dos bens,C/E,Banca não identificada,,,False,False,CERTO,definição de bem normal,,nenhuma,,
ECO-E1-0071-1,E1-0071,1,E1,01.1 - Obj.,01,🏷️ Classificação dos bens,C/E,Banca não identificada,,,False,False,CERTO,bens essenciais: demanda cresce moderadamente com renda,,nenhuma,,
ECO-E1-0072-1,E1-0072,1,E1,01.1 - Obj.,01,🏷️ Classificação dos bens,C/E,Banca não identificada,,,False,False,CERTO,definição de bem inferior,,nenhuma,,
ECO-E1-0073-1,E1-0073,1,E1,01.1 - Obj.,01,🏷️ Classificação dos bens,C/E,Banca não identificada,,,False,False,CERTO,definição de bens substitutos,,nenhuma,,
ECO-E1-0074-1,E1-0074,1,E1,01.1 - Obj.,01,🏷️ Classificação dos bens,C/E,Banca não identificada,,,False,False,CERTO,definição de bens complementares,,nenhuma,,
ECO-E1-0075-1,E1-0075,1,E1,01.1 - Obj.,01,🏷️ Classificação dos bens,C/E,Banca não identificada,,,False,False,CERTO,bem de Veblen: demanda sobe com o preço,,nenhuma,,
ECO-E1-0076-1,E1-0076,1,E1,01.1 - Obj.,01,🏷️ Classificação dos bens,C/E,Banca não identificada,,,False,False,CERTO,bens para especulação,,nenhuma,,
ECO-E1-0077-1,E1-0077,1,E1,01.1 - Obj.,04-A,🥔 Bens inferiores e de Giffen,C/E,Banca não identificada,,,False,False,CERTO,bem de Giffen: demanda com inclinação positiva,,nenhuma,,
ECO-E1-0078-1,E1-0078,1,E1,01.1 - Obj.,01,🏭 Oferta: determinantes e deslocamentos,C/E,Banca não identificada,,,False,False,CERTO,oferta como intenção de venda,,nenhuma,,
ECO-E1-0079-1,E1-0079,1,E1,01.1 - Obj.,01,📈 Demanda: determinantes e deslocamentos,C/E,Banca não identificada,,,False,False,ERRADO,redução da renda desloca demanda para esquerda,,nenhuma,,
ECO-E1-0080-1,E1-0080,1,E1,01.1 - Obj.,01,🏷️ Classificação dos bens,C/E,Banca não identificada,,,False,False,ERRADO,queda de preço de complementar aumenta demanda,,nenhuma,,
ECO-E1-0081-1,E1-0081,1,E1,01.1 - Obj.,01,🏷️ Classificação dos bens,C/E,Banca não identificada,,,False,False,CERTO,definição de bem normal,,nenhuma,,
ECO-E1-0082-1,E1-0082,1,E1,01.1 - Obj.,01,🏭 Oferta: determinantes e deslocamentos,C/E,Banca não identificada,,,False,False,ERRADO,"preço de complementar afeta demanda, não oferta",,nenhuma,,
ECO-E1-0083-1,E1-0083,1,E1,01.1 - Obj.,01,🏭 Oferta: determinantes e deslocamentos,C/E,Banca não identificada,,,False,False,CERTO,tributo indireto desloca oferta para esquerda,,nenhuma,,
ECO-E1-0084-1,E1-0084,1,E1,02.1 - Obj.,04-A,🥔 Bens inferiores e de Giffen,C/E,Banca não identificada,,2017,False,False,ERRADO,bem de Giffen não tem elasticidade-renda maior que 1,,nenhuma,,"ano entre parênteses; provável CACD, mas a fonte não diz"
ECO-E1-0085-1,E1-0085,1,E1,02.1 - Obj.,02,"💰 Elasticidade, receita e gasto",C/E,Banca não identificada,,2017,False,False,ERRADO,bem essencial: reduzir oferta eleva receita,,nenhuma,,"ano entre parênteses; provável CACD, mas a fonte não diz"
ECO-E1-0086-1,E1-0086,1,E1,02.1 - Obj.,02,⏳ Determinantes e prazos,C/E,Banca não identificada,,2017,False,False,CERTO,substitutos (gás) elevam elasticidade-preço da eletricidade,,nenhuma,,"ano entre parênteses; provável CACD, mas a fonte não diz"
ECO-E1-0087-1,E1-0087,1,E1,02.1 - Obj.,02,🏭 Elasticidade da oferta,C/E,Banca não identificada,,2017,False,False,CERTO,oferta perfeitamente inelástica: demanda determina preço,,nenhuma,,"ano entre parênteses; provável CACD, mas a fonte não diz"
ECO-E1-0088-1,E1-0088,1,E1,02.1 - Obj.,02,⏳ Determinantes e prazos,C/E,Banca não identificada,,2022,False,False,CERTO,bens essenciais menos elásticos que supérfluos,,nenhuma,,ano entre parênteses; banca não informada
ECO-E1-0089-1,E1-0089,1,E1,02.1 - Obj.,02,⏳ Determinantes e prazos,C/E,Banca não identificada,,2022,False,False,ERRADO,"hemodiálise: demanda, não oferta, preço-inelástica",,nenhuma,,ano entre parênteses; banca não informada
ECO-E1-0090-1,E1-0090,1,E1,02.1 - Obj.,03,💸 Tributos: incidência e peso morto,C/E,Banca não identificada,,2022,False,True,CERTO,tributo sobre bens viciantes recai sobre consumidores,,nenhuma,,ano entre parênteses; banca não informada; gabarito deduzido do comentário
ECO-E1-0091-1,E1-0091,1,E1,02.1 - Obj.,02,🔗 Elasticidade-renda e cruzada,C/E,Banca não identificada,,2022,False,False,ERRADO,elasticidade-renda unitária e receita do vendedor,,nenhuma,,ano entre parênteses; banca não informada
ECO-E1-0092-1,E1-0092,1,E1,02.1 - Obj.,02,"💰 Elasticidade, receita e gasto",C/E,Daniel – Economia CACD (Telegram),,,False,False,CERTO,demanda inelástica: alta de preço eleva receita total,,nenhuma,,
ECO-E1-0093-1,E1-0093,1,E1,02.1 - Obj.,03,💸 Tributos: incidência e peso morto,C/E,Daniel – Economia CACD (Telegram),,,False,False,ERRADO,ônus do tributo recai sobre lado menos elástico; receita,,nenhuma,,
ECO-E1-0094-1,E1-0094,1,E1,02.1 - Obj.,03,💸 Tributos: incidência e peso morto,C/E,Banca não identificada,,2023,False,False,CERTO,demanda perfeitamente elástica: tributo recai só nos produtores,,nenhuma,,"ano 2023; provável CACD, fonte não diz"
ECO-E1-0095-1,E1-0095,1,E1,02.1 - Obj.,03,💸 Tributos: incidência e peso morto,C/E,Banca não identificada,,2023,False,False,ERRADO,elasticidades unitárias: tributo dividido entre os lados,,nenhuma,,"ano 2023; provável CACD, fonte não diz"
ECO-E1-0096-1,E1-0096,1,E1,02.1 - Obj.,03,💸 Tributos: incidência e peso morto,C/E,Banca não identificada,,2023,False,False,ERRADO,"produtos viciantes: demanda inelástica, imposto pesa no consumidor",,nenhuma,,"ano 2023; provável CACD, fonte não diz"
ECO-E1-0097-1,E1-0097,1,E1,02.1 - Obj.,03,💸 Tributos: incidência e peso morto,C/E,Banca não identificada,,2023,False,False,CERTO,demanda inelástica e oferta elástica: incidência no consumidor,,nenhuma,,"ano 2023; provável CACD, fonte não diz"
ECO-E1-0098-1,E1-0098,1,E1,02.1 - Obj.,02,🏭 Elasticidade da oferta,C/E,Banca não identificada,,,False,False,CERTO,mudanças previsíveis na demanda e oferta elástica,,nenhuma,,
ECO-E1-0099-1,E1-0099,1,E1,02.1 - Obj.,02,"💰 Elasticidade, receita e gasto",C/E,Banca não identificada,,,False,False,CERTO,baixa elasticidade: fornecedores elevam preço e receita,,nenhuma,,
ECO-E1-0100-1,E1-0100,1,E1,02.1 - Obj.,02,📐 Elasticidade-preço da demanda,C/E,Banca não identificada,,,False,False,ERRADO,"elasticidade perfeita é infinita, não zero",,nenhuma,,
ECO-E1-0101-1,E1-0101,1,E1,02.1 - Obj.,02,⏳ Determinantes e prazos,C/E,Banca não identificada,,,False,False,CERTO,"sem substitutos, demanda mais inelástica",,nenhuma,,
ECO-E1-0102-1,E1-0102,1,E1,02.1 - Obj.,02,⏳ Determinantes e prazos,C/E,Banca não identificada,,,False,False,CERTO,elasticidade de longo prazo difere da de curto prazo,,nenhuma,,
ECO-E1-0103-1,E1-0103,1,E1,02.1 - Obj.,02,📐 Elasticidade-preço da demanda,C/E,Banca não identificada,,,False,False,ERRADO,elasticidade-preço varia ao longo da curva,,nenhuma,,
ECO-E1-0104-1,E1-0104,1,E1,02.1 - Obj.,02,⏳ Determinantes e prazos,C/E,Banca não identificada,,,False,False,CERTO,substitutos elevam elasticidade-preço da demanda,,nenhuma,,
ECO-E1-0105-1,E1-0105,1,E1,02.1 - Obj.,02,📐 Elasticidade-preço da demanda,C/E,Banca não identificada,,,False,False,CERTO,demanda linear: elasticidade varia nos pontos,,nenhuma,,
ECO-E1-0106-1,E1-0106,1,E1,02.1 - Obj.,02,⏳ Determinantes e prazos,C/E,Banca não identificada,,,False,False,CERTO,substitutos influenciam a elasticidade,,nenhuma,,
ECO-E1-0107-1,E1-0107,1,E1,02.1 - Obj.,02,📐 Elasticidade-preço da demanda,C/E,Banca não identificada,,,False,False,ERRADO,demanda perfeitamente elástica: elasticidade infinita,,nenhuma,,
ECO-E1-0108-1,E1-0108,1,E1,02.1 - Obj.,02,⏳ Determinantes e prazos,C/E,Banca não identificada,,,False,False,CERTO,demanda mais elástica no longo prazo,,nenhuma,,
ECO-E1-0109-1,E1-0109,1,E1,02.1 - Obj.,02,⏳ Determinantes e prazos,C/E,Banca não identificada,,,False,False,ERRADO,bem essencial tem demanda inelástica,,nenhuma,,
ECO-E1-0110-1,E1-0110,1,E1,02.1 - Obj.,02,⏳ Determinantes e prazos,C/E,Banca não identificada,,,False,False,ERRADO,"sem substitutos, demanda menos elástica",,nenhuma,,
ECO-E1-0111-1,E1-0111,1,E1,02.1 - Obj.,02,🔗 Elasticidade-renda e cruzada,C/E,Banca não identificada,,,False,False,CERTO,definição de elasticidade-preço cruzada,,nenhuma,,
ECO-E1-0112-1,E1-0112,1,E1,02.1 - Obj.,02,🔗 Elasticidade-renda e cruzada,C/E,Banca não identificada,,,False,False,CERTO,sinais da elasticidade-renda e da elasticidade-preço,,nenhuma,,
ECO-E1-0113-1,E1-0113,1,E1,02.1 - Obj.,02,🔗 Elasticidade-renda e cruzada,C/E,Banca não identificada,,,False,False,ERRADO,alta de preço de X eleva demanda de Y: substitutos,,nenhuma,,
ECO-E1-0114-1,E1-0114,1,E1,02.1 - Obj.,02,🔗 Elasticidade-renda e cruzada,C/E,Banca não identificada,,,False,False,CERTO,elasticidade cruzada positiva: substitutos,,nenhuma,,
ECO-E1-0115-1,E1-0115,1,E1,02.1 - Obj.,02,🔗 Elasticidade-renda e cruzada,C/E,Banca não identificada,,,False,False,CERTO,elasticidade cruzada negativa: complementares,,nenhuma,,
ECO-E1-0116-1,E1-0116,1,E1,02.1 - Obj.,02,🏭 Elasticidade da oferta,C/E,Banca não identificada,,,False,False,ERRADO,elasticidade da quantidade ofertada > 1: oferta elástica,,nenhuma,,
ECO-E1-0117-1,E1-0117,1,E1,02.1 - Obj.,02,🔗 Elasticidade-renda e cruzada,C/E,Banca não identificada,,,False,False,CERTO,elasticidade-renda indica prioridade no consumo,,nenhuma,,
ECO-E1-0118-1,E1-0118,1,E1,02.1 - Obj.,02,📐 Elasticidade-preço da demanda,C/E,Banca não identificada,,,False,False,CERTO,coeficiente angular b na demanda linear,,nenhuma,,
ECO-E1-0119-1,E1-0119,1,E1,02.1 - Obj.,02,📐 Elasticidade-preço da demanda,C/E,Banca não identificada,,,False,False,CERTO,demanda horizontal perfeitamente elástica,,nenhuma,,
ECO-E1-0120-1,E1-0120,1,E1,02.1 - Obj.,02,📐 Elasticidade-preço da demanda,C/E,Banca não identificada,,,False,False,CERTO,demanda vertical perfeitamente inelástica,,nenhuma,,
ECO-E1-0121-1,E1-0121,1,E1,02.1 - Obj.,02,📐 Elasticidade-preço da demanda,C/E,Banca não identificada,,,False,False,CERTO,demanda linear tem várias elasticidades,,nenhuma,,
ECO-E1-0122-1,E1-0122,1,E1,02.1 - Obj.,02,🔗 Elasticidade-renda e cruzada,C/E,Banca não identificada,,,False,False,ERRADO,"elasticidade-renda mede resposta à renda, não ao preço",,nenhuma,,
ECO-E1-0123-1,E1-0123,1,E1,02.1 - Obj.,02,🏭 Elasticidade da oferta,C/E,Banca não identificada,,,False,False,CERTO,definição de elasticidade-preço da oferta,,nenhuma,,
ECO-E1-0124-1,E1-0124,1,E1,03.1 - Obj.,03,😊 Excedentes e eficiência,C/E,Prof. Rodrigo Teixeira,,,False,False,ERRADO,1º teorema do bem-estar não vale com externalidades,,nenhuma,,Aula 4
ECO-E1-0125-1,E1-0125,1,E1,03.1 - Obj.,03,😊 Excedentes e eficiência,C/E,Prof. Rodrigo Teixeira,,,False,False,CERTO,transferência pobres→ricos não é melhoria de Pareto,,nenhuma,,Aula 4
ECO-E1-0126-1,E1-0126,1,E1,03.1 - Obj.,03,💸 Tributos: incidência e peso morto,C/E,Prof. Rodrigo Teixeira,,,False,False,CERTO,receita do imposto menor que perda de excedentes,,nenhuma,,Aula 4
ECO-E1-0127-1,E1-0127,1,E1,03.1 - Obj.,03,💸 Tributos: incidência e peso morto,C/E,Prof. Rodrigo Teixeira,,,False,False,ERRADO,peso morto cresce mais que proporcionalmente ao imposto,,nenhuma,,Aula 4
ECO-E1-0128-1,E1-0128,1,E1,03.1 - Obj.,48,📈 Wagner e Laffer,C/E,Prof. Rodrigo Teixeira,,,False,False,CERTO,curva de Laffer: limite à arrecadação,,nenhuma,,Aula 4
ECO-E1-0129-1,E1-0129,1,E1,03.1 - Obj.,03,💸 Tributos: incidência e peso morto,C/E,Prof. Rodrigo Teixeira,,,False,False,ERRADO,incidência legal não altera divisão do ônus,,nenhuma,,Aula 4
ECO-E1-0130-1,E1-0130,1,E1,03.1 - Obj.,03,🚧 Preços máximos e mínimos,C/E,Prof. Rodrigo Teixeira,,,False,False,ERRADO,"preço máximo gera escassez, não excedente",,nenhuma,,Aula 5
ECO-E1-0131-1,E1-0131,1,E1,03.1 - Obj.,03,🚧 Preços máximos e mínimos,C/E,Prof. Rodrigo Teixeira,,,False,True,ERRADO,efeitos de controle de preços maiores no longo prazo,,nenhuma,,Aula 5
ECO-E1-0132-1,E1-0132,1,E1,03.1 - Obj.,03,🚧 Preços máximos e mínimos,C/E,Prof. Rodrigo Teixeira,,,False,False,ERRADO,preço mínimo do café não equilibra mercado no LP,,nenhuma,,Aula 5
ECO-E1-0133-1,E1-0133,1,E1,03.1 - Obj.,03,🚧 Preços máximos e mínimos,C/E,Prof. Rodrigo Teixeira,,,False,False,ERRADO,salário mínimo acima do equilíbrio gera desemprego,,nenhuma,,Aula 5
ECO-E1-0134-1,E1-0134,1,E1,03.1 - Obj.,03,😊 Excedentes e eficiência,C/E,Banca não identificada,,,False,False,ERRADO,peso morto não é exclusivo da concorrência perfeita,,nenhuma,,
ECO-E1-0135-1,E1-0135,1,E1,03.1 - Obj.,03,😊 Excedentes e eficiência,C/E,Banca não identificada,,,False,False,ERRADO,peso morto: quantidade abaixo do ótimo social,,nenhuma,,
ECO-E1-0136-1,E1-0136,1,E1,03.1 - Obj.,03,😊 Excedentes e eficiência,C/E,Banca não identificada,,,False,False,ERRADO,melhoria de Pareto: ninguém pode piorar,,nenhuma,,
ECO-E1-0137-1,E1-0137,1,E1,03.1 - Obj.,03,😊 Excedentes e eficiência,C/E,Banca não identificada,,,False,False,ERRADO,alocação com melhoria de Pareto possível não é eficiente,,nenhuma,,
ECO-E1-0138-1,E1-0138,1,E1,03.1 - Obj.,03,😊 Excedentes e eficiência,C/E,Banca não identificada,,,False,False,ERRADO,definição de alocação ineficiente de Pareto,,nenhuma,,
ECO-E1-0139-1,E1-0139,1,E1,03.1 - Obj.,03,😊 Excedentes e eficiência,C/E,Banca não identificada,,,False,False,CERTO,eficiência de Pareto na economia de trocas,,nenhuma,,
ECO-E1-0140-1,E1-0140,1,E1,03.1 - Obj.,03,😊 Excedentes e eficiência,C/E,Banca não identificada,,,False,False,CERTO,enunciado do 2º teorema do bem-estar,,nenhuma,,
ECO-E1-0141-1,E1-0141,1,E1,03.1 - Obj.,03,😊 Excedentes e eficiência,C/E,Banca não identificada,,,False,False,CERTO,alocação ineficiente admite melhorias inequívocas,,nenhuma,,
ECO-E1-0142-1,E1-0142,1,E1,03.1 - Obj.,03,😊 Excedentes e eficiência,C/E,Banca não identificada,,,False,False,CERTO,2º teorema exige preferências convexas,,nenhuma,,
ECO-E1-0143-1,E1-0143,1,E1,03.1 - Obj.,03,😊 Excedentes e eficiência,C/E,Banca não identificada,,,False,False,ERRADO,2º teorema exige informação simétrica,,nenhuma,,
ECO-E1-0144-1,E1-0144,1,E1,03.1 - Obj.,03,😊 Excedentes e eficiência,C/E,Banca não identificada,,,False,False,ERRADO,2º teorema exige mercados completos,,nenhuma,,
ECO-E1-0145-1,E1-0145,1,E1,03.1 - Obj.,03,😊 Excedentes e eficiência,C/E,Banca não identificada,,,False,False,CERTO,ótimo de Pareto na fronteira de Pareto,,nenhuma,,
ECO-E1-0146-1,E1-0146,1,E1,03.1 - Obj.,03,😊 Excedentes e eficiência,C/E,Banca não identificada,,,False,False,CERTO,pontos da curva de contrato são Pareto-eficientes,,nenhuma,,
ECO-E1-0147-1,E1-0147,1,E1,03.1 - Obj.,03,😊 Excedentes e eficiência,C/E,Banca não identificada,,,False,False,ERRADO,ótimo de Pareto não exige bem-estar satisfatório,,nenhuma,,
ECO-E1-0148-1,E1-0148,1,E1,03.1 - Obj.,03,😊 Excedentes e eficiência,C/E,Banca não identificada,,,False,False,CERTO,1º teorema: equilíbrio competitivo é Pareto-eficiente,,nenhuma,,
ECO-E1-0149-1,E1-0149,1,E1,03.1 - Obj.,03,😊 Excedentes e eficiência,C/E,Banca não identificada,,,False,False,ERRADO,mercado não competitivo não é Pareto-eficiente,,nenhuma,,
ECO-E1-0150-1,E1-0150,1,E1,03.1 - Obj.,03,😊 Excedentes e eficiência,C/E,Banca não identificada,,,False,False,ERRADO,confusão entre 1º e 2º teoremas do bem-estar,,nenhuma,,
ECO-E1-0151-1,E1-0151,1,E1,03.1 - Obj.,03,😊 Excedentes e eficiência,C/E,Banca não identificada,,,False,False,ERRADO,1º teorema × 2º; preferências não convexas,,nenhuma,,
ECO-E1-0152-1,E1-0152,1,E1,03.1 - Obj.,03,😊 Excedentes e eficiência,C/E,Banca não identificada,,,False,False,CERTO,ótimo de Pareto: fronteiras de produção e utilidade,,nenhuma,,
ECO-E1-0153-1,E1-0153,1,E1,03.1 - Obj.,03,😊 Excedentes e eficiência,C/E,Banca não identificada,,,False,False,ERRADO,eficiência alocativa não garante equidade,,nenhuma,,
ECO-E1-0154-1,E1-0154,1,E1,03.1 - Obj.,03,😊 Excedentes e eficiência,C/E,Banca não identificada,,,False,False,CERTO,eficiência de Pareto: melhorar um piora outro,,nenhuma,,
ECO-E1-0155-1,E1-0155,1,E1,03.1 - Obj.,03,😊 Excedentes e eficiência,C/E,Banca não identificada,,,False,False,CERTO,1º teorema: trocas vantajosas até esgotar,,nenhuma,,
ECO-E1-0156-1,E1-0156,1,E1,03.1 - Obj.,03,😊 Excedentes e eficiência,C/E,Banca não identificada,,,False,False,CERTO,2º teorema: redistribuição e equilíbrio competitivo,,nenhuma,,
ECO-E1-0157-1,E1-0157,1,E1,03.1 - Obj.,03,💸 Tributos: incidência e peso morto,C/E,Banca não identificada,,,False,False,CERTO,tributação altera incentivos e eficiência de Pareto,,nenhuma,,
ECO-E1-0158-1,E1-0158,1,E1,03.1 - Obj.,47,💸 Tributação: princípios e incidência,C/E,Banca não identificada,,,False,False,CERTO,regra de Ramsey: tributar bens menos elásticos,,nenhuma,,
ECO-E1-0159-1,E1-0159,1,E1,03.1 - Obj.,79,💰 Subsídios e defesa comercial,C/E,Banca não identificada,,,False,False,CERTO,subsídio à exportação gera custo fiscal,,nenhuma,,
ECO-E1-0160-1,E1-0160,1,E1,03.1 - Obj.,79,💰 Subsídios e defesa comercial,C/E,Banca não identificada,,,False,False,ERRADO,subsídio à exportação aumenta a produção,,nenhuma,,
ECO-E1-0161-1,E1-0161,1,E1,03.1 - Obj.,03,🚧 Preços máximos e mínimos,C/E,Banca não identificada,,,False,False,ERRADO,preço mínimo acima do equilíbrio,,nenhuma,,
ECO-E1-0162-1,E1-0162,1,E1,03.1 - Obj.,03,💸 Tributos: incidência e peso morto,C/E,Banca não identificada,,,False,False,CERTO,demanda menos elástica: carga recai sobre compradores,,nenhuma,,
ECO-E1-0163-1,E1-0163,1,E1,03.1 - Obj.,03,💸 Tributos: incidência e peso morto,C/E,Banca não identificada,,,False,False,CERTO,peso morto maior com elasticidades maiores,,nenhuma,,
ECO-E1-0164-1,E1-0164,1,E1,03.1 - Obj.,03,🧾 Subsídios,C/E,Banca não identificada,,,False,False,ERRADO,subsídios também geram peso morto,,nenhuma,,
ECO-E1-0165-1,E1-0165,1,E1,03.1 - Obj.,03,💸 Tributos: incidência e peso morto,C/E,Banca não identificada,,,False,False,ERRADO,alíquota maior aumenta peso morto,,nenhuma,,
ECO-E1-0166-1,E1-0166,1,E1,03.1 - Obj.,79,🧾 Tarifas,C/E,Banca não identificada,,,False,False,CERTO,redução de tarifa ad valorem e arrecadação,,nenhuma,,
ECO-E1-0167-1,E1-0167,1,E1,03.1 - Obj.,03,💸 Tributos: incidência e peso morto,C/E,Banca não identificada,,,False,False,ERRADO,demanda inelástica: carga recai sobre consumidores,,nenhuma,,
ECO-E1-0168-1,E1-0168,1,E1,03.1 - Obj.,03,💸 Tributos: incidência e peso morto,C/E,Banca não identificada,,,False,False,CERTO,demanda elástica e oferta inelástica: carga nos produtores,,nenhuma,,
ECO-E1-0169-1,E1-0169,1,E1,03.1 - Obj.,47,💸 Tributação: princípios e incidência,C/E,Banca não identificada,,,False,False,ERRADO,imposto lump-sum não distorce eficiência alocativa,,nenhuma,,
ECO-E1-0170-1,E1-0170,1,E1,03.1 - Obj.,47,💸 Tributação: princípios e incidência,C/E,Banca não identificada,,,False,False,CERTO,excise taxes alteram deliberadamente preços relativos,,nenhuma,,
ECO-E1-0171-1,E1-0171,1,E1,03.1 - Obj.,47,💸 Tributação: princípios e incidência,C/E,Banca não identificada,,,False,False,CERTO,imposto progressivo e equidade vertical,,nenhuma,,
ECO-E1-0172-1,E1-0172,1,E1,03.1 - Obj.,47,💸 Tributação: princípios e incidência,C/E,Banca não identificada,,,False,False,CERTO,imposto proporcional distorce menos trabalho-lazer,,nenhuma,,
ECO-E1-0173-1,E1-0173,1,E1,03.1 - Obj.,03,💸 Tributos: incidência e peso morto,C/E,Banca não identificada,,,False,False,ERRADO,incidência depende das elasticidades,,nenhuma,,
ECO-E1-0174-1,E1-0174,1,E1,03.1 - Obj.,47,💸 Tributação: princípios e incidência,C/E,Banca não identificada,,,False,False,ERRADO,imposto sobre vendas de alíquota fixa é regressivo,,nenhuma,,
ECO-E1-0175-1,E1-0175,1,E1,03.1 - Obj.,47,💸 Tributação: princípios e incidência,C/E,Banca não identificada,,,False,False,ERRADO,princípio do benefício × equidade,,nenhuma,,
ECO-E1-0176-1,E1-0176,1,E1,03.1 - Obj.,47,💸 Tributação: princípios e incidência,C/E,Banca não identificada,,,False,False,ERRADO,imposto sobre vendas regressivo onera os mais pobres,,nenhuma,,
ECO-E1-0177-1,E1-0177,1,E1,03.1 - Obj.,03,💸 Tributos: incidência e peso morto,C/E,Banca não identificada,,,False,False,CERTO,ônus do imposto depende das elasticidades,,nenhuma,,
ECO-E1-0178-1,E1-0178,1,E1,03.1 - Obj.,03,💸 Tributos: incidência e peso morto,C/E,Banca não identificada,,,False,False,CERTO,imposto eficiente sobre bens de demanda/oferta inelástica,,nenhuma,,
ECO-E1-0179-1,E1-0179,1,E1,03.1 - Obj.,03,💸 Tributos: incidência e peso morto,C/E,Banca não identificada,,,False,False,CERTO,imposto reduz quantidade de equilíbrio,,nenhuma,,
ECO-E1-0180-1,E1-0180,1,E1,03.1 - Obj.,03,💸 Tributos: incidência e peso morto,C/E,Banca não identificada,,,False,False,CERTO,imposto sobre consumidores desloca demanda para baixo,,nenhuma,,
ECO-E1-0181-1,E1-0181,1,E1,03.1 - Obj.,08,👑 Equilíbrio do monopólio,C/E,Banca não identificada,,,False,False,CERTO,imposto específico eleva custo marginal do monopolista,,nenhuma,,
ECO-E1-0182-1,E1-0182,1,E1,03.1 - Obj.,08,👑 Equilíbrio do monopólio,C/E,Banca não identificada,,,False,False,CERTO,perda adicional de bem-estar do imposto em monopólio,,nenhuma,,
ECO-E1-0183-1,E1-0183,1,E1,04.1 - Obj.,04,🧠 Preferências e axiomas,C/E,Banca não identificada,,2019,False,True,CERTO,monotonicidade: quanto mais melhor,,nenhuma,,ano entre parênteses; banca não informada
ECO-E1-0184-1,E1-0184,1,E1,04.1 - Obj.,04,🎯 Utilidade e curvas de indiferença,C/E,Banca não identificada,,2019,False,False,CERTO,utilidade marginal decrescente,,nenhuma,,ano entre parênteses; banca não informada
ECO-E1-0185-1,E1-0185,1,E1,04.1 - Obj.,04,🎯 Utilidade e curvas de indiferença,C/E,Banca não identificada,,2019,False,False,CERTO,ponto de saciedade da utilidade total,,nenhuma,,ano entre parênteses; banca não informada
ECO-E1-0186-1,E1-0186,1,E1,04.1 - Obj.,04,🎯 Utilidade e curvas de indiferença,C/E,Banca não identificada,,2019,False,False,ERRADO,utilidade marginal negativa não gera demanda crescente,,nenhuma,,ano entre parênteses; banca não informada
ECO-E1-0187-1,E1-0187,1,E1,04.1 - Obj.,04,⚖️ Escolha ótima do consumidor,C/E,Banca não identificada,,2018,False,False,CERTO,utilidade linear: solução de canto possível,,nenhuma,,ano entre parênteses; banca não informada
ECO-E1-0188-1,E1-0188,1,E1,04.1 - Obj.,04-A,📉 Curva renda-consumo e Engel,C/E,Banca não identificada,,2018,False,True,CERTO,aumento de renda pode reduzir consumo de bem inferior,,nenhuma,,ano entre parênteses; banca não informada
ECO-E1-0189-1,E1-0189,1,E1,04.1 - Obj.,02,📐 Elasticidade-preço da demanda,C/E,Banca não identificada,,2018,False,False,ERRADO,consumo inalterado com alta de preço: demanda inelástica,,nenhuma,,ano entre parênteses; banca não informada
ECO-E1-0190-1,E1-0190,1,E1,04.1 - Obj.,04,🧠 Preferências e axiomas,C/E,Banca não identificada,,2018,False,True,CERTO,mais consumo pode não aumentar utilidade (saciedade),,nenhuma,,ano entre parênteses; banca não informada
ECO-E1-0191-1,E1-0191,1,E1,04.1 - Obj.,04,⚖️ Escolha ótima do consumidor,C/E,Banca não identificada,,,False,False,ERRADO,escolha ótima: TMS igual aos preços relativos,,nenhuma,,data 04/22 (questionário próprio?)
ECO-E1-0192-1,E1-0192,1,E1,04.1 - Obj.,04-A,📉 Curva renda-consumo e Engel,C/E,Banca não identificada,,,False,False,CERTO,curva renda-consumo,,nenhuma,,data 04/22 (questionário próprio?)
ECO-E1-0193-1,E1-0193,1,E1,04.1 - Obj.,04-A,🔀 Efeitos renda e substituição,C/E,Banca não identificada,,,False,False,ERRADO,efeito renda não é sempre superior ao substituição,,nenhuma,,data 04/22 (questionário próprio?)
ECO-E1-0194-1,E1-0194,1,E1,04.1 - Obj.,07-A,⏱️ Curto prazo: oferta da firma,C/E,Banca não identificada,,,False,True,ERRADO,oferta de CP: CMg acima do CVMe,,nenhuma,,data 04/22 (questionário próprio?)
ECO-E1-0195-1,E1-0195,1,E1,04.1 - Obj.,04,🎯 Utilidade e curvas de indiferença,C/E,Simulado Clipping,,2023,False,True,ERRADO,definição de utilidade marginal constante,,nenhuma,,Simulado Clipping 07/23
ECO-E1-0196-1,E1-0196,1,E1,04.1 - Obj.,04,🧠 Preferências e axiomas,C/E,Simulado Clipping,,2023,False,False,CERTO,racionalidade do consumidor e críticas comportamentais,,nenhuma,,Simulado Clipping 07/23
ECO-E1-0197-1,E1-0197,1,E1,04.1 - Obj.,02,📐 Elasticidade-preço da demanda,C/E,Simulado Clipping,,2023,False,False,ERRADO,elasticidade-preço da demanda mede quantidade demandada,,nenhuma,,Simulado Clipping 07/23
ECO-E1-0198-1,E1-0198,1,E1,04.1 - Obj.,04,🧠 Preferências e axiomas,C/E,Simulado Clipping,,2023,False,False,CERTO,aplicações da teoria do consumidor a políticas públicas,,nenhuma,,Simulado Clipping 07/23
ECO-E1-0199-1,E1-0199,1,E1,04.1 - Obj.,04-A,🔀 Efeitos renda e substituição,C/E,Daniel – Economia CACD (Telegram),,,False,False,CERTO,complementares perfeitos: efeito substituição nulo,,nenhuma,,
ECO-E1-0200-1,E1-0200,1,E1,04.1 - Obj.,04,🧠 Preferências e axiomas,C/E,Daniel – Economia CACD (Telegram),,,False,False,CERTO,axioma fraco da preferência revelada,,nenhuma,,
ECO-E1-0201-1,E1-0201,1,E1,04.1 - Obj.,04,🎯 Utilidade e curvas de indiferença,C/E,Daniel – Economia CACD (Telegram),,,False,False,CERTO,utilidade ordinal: só comparações relativas,,nenhuma,,
ECO-E1-0202-1,E1-0202,1,E1,04.1 - Obj.,04,🎯 Utilidade e curvas de indiferença,C/E,Daniel – Economia CACD (Telegram),,,False,False,ERRADO,utilidade não é medida objetiva de satisfação,,nenhuma,,
ECO-E1-0203-1,E1-0203,1,E1,04.1 - Obj.,02,"💰 Elasticidade, receita e gasto",C/E,CEBRASPE,MPE/TO/Analista Ministerial/2006,2006,False,False,ERRADO,elasticidade unitária: receita constante com alta de preço,,nenhuma,,
ECO-E1-0204-1,E1-0204,1,E1,04.1 - Obj.,01,🏭 Oferta: determinantes e deslocamentos,C/E,CEBRASPE,MPE/TO/Analista Ministerial/2006,2006,False,False,CERTO,oferta positivamente inclinada e custo de oportunidade crescente,,nenhuma,,
ECO-E1-0205-1,E1-0205,1,E1,04.1 - Obj.,01,🏭 Oferta: determinantes e deslocamentos,C/E,CEBRASPE,Prefeitura de Rio Branco/2007,2007,False,False,ERRADO,alta de insumos desloca a curva de oferta,,nenhuma,,
ECO-E1-0206-1,E1-0206,1,E1,04.1 - Obj.,04,🎯 Utilidade e curvas de indiferença,C/E,CEBRASPE,MP/ENAP/Economista/2015,2015,False,False,ERRADO,"curvas de indiferença convexas, não côncavas",,nenhuma,,
ECO-E1-0207-1,E1-0207,1,E1,04.1 - Obj.,04,🎯 Utilidade e curvas de indiferença,C/E,CEBRASPE,TC/RO/ACE – Economia/2013,2013,False,False,CERTO,substitutos perfeitos: curva de indiferença reta,,nenhuma,,
ECO-E1-0208-1,E1-0208,1,E1,04.1 - Obj.,04,🎯 Utilidade e curvas de indiferença,C/E,CEBRASPE,TJ/AL/Analista Judiciário – Economia/2012,2012,False,True,CERTO,bem neutro: indiferença paralela ao eixo do neutro,,nenhuma,,fonte: AJ/AL
ECO-E1-0209-1,E1-0209,1,E1,04.1 - Obj.,04,🎯 Utilidade e curvas de indiferença,C/E,CEBRASPE,MP/ENAP/Economista/2015,2015,False,True,ERRADO,complementares perfeitos: curvas de indiferença em L,,nenhuma,,
ECO-E1-0210-1,E1-0210,1,E1,04.1 - Obj.,01,📐 Curva de possibilidades de produção,C/E,CEBRASPE,MEC/Analista Administrativo – Economia/2018,2018,False,False,CERTO,definição de fronteira de possibilidades de produção,,nenhuma,,
ECO-E1-0211-1,E1-0211,1,E1,04.1 - Obj.,01,📐 Curva de possibilidades de produção,C/E,CEBRASPE,EBC/2011,2011,False,True,CERTO,avanço tecnológico desloca a FPP,,nenhuma,,
ECO-E1-0212-1,E1-0212,1,E1,04.1 - Obj.,04-A,🥔 Bens inferiores e de Giffen,C/E,CEBRASPE,IRBr/CACD/2017,2017,True,True,ERRADO,bem de Giffen não tem elasticidade-renda maior que 1,E1-0084#1,nenhuma,,
ECO-E1-0213-1,E1-0213,1,E1,04.1 - Obj.,04,🎯 Utilidade e curvas de indiferença,C/E,Banca não identificada,,,False,False,CERTO,satisfação adicional por unidade e monotonicidade,,ausente_deduzivel,,frente só imagem; parece a mesma assertiva de E1-0184; professor sugere anulação
ECO-E1-0214-1,E1-0214,1,E1,04.1 - Obj.,04,🎯 Utilidade e curvas de indiferença,C/E,Banca não identificada,,,False,False,CERTO,item 1: substitutos perfeitos,,ausente_irrecuperavel,frente só imagem; assertivas só esboçadas no verso,
ECO-E1-0214-2,E1-0214,2,E1,04.1 - Obj.,04-A,📉 Curva renda-consumo e Engel,C/E,Banca não identificada,,,False,False,CERTO,item 2: aumento de renda com bem normal e inferior,,ausente_irrecuperavel,frente só imagem; assertivas só esboçadas no verso,
ECO-E1-0214-3,E1-0214,3,E1,04.1 - Obj.,01,🏷️ Classificação dos bens,C/E,Banca não identificada,,,False,False,ERRADO,item 3: bem necessário × bem normal/inferior,,ausente_irrecuperavel,frente só imagem; assertivas só esboçadas no verso,
ECO-E1-0214-4,E1-0214,4,E1,04.1 - Obj.,04,🎯 Utilidade e curvas de indiferença,C/E,Banca não identificada,,,False,False,CERTO,item 4: após ponto de saciedade,,ausente_irrecuperavel,frente só imagem; assertivas só esboçadas no verso,
ECO-E1-0215-1,E1-0215,1,E1,04.1 - Obj.,04,📊 Demanda individual e de mercado,C/E,Banca não identificada,,,False,False,CERTO,demanda walrasiana/marshalliana: preços e renda,,nenhuma,,
ECO-E1-0216-1,E1-0216,1,E1,04.1 - Obj.,04-A,🧮 Slutsky e Hicks,C/E,Banca não identificada,,,False,False,CERTO,demanda hicksiana: preços e utilidade,,nenhuma,,
ECO-E1-0217-1,E1-0217,1,E1,04.1 - Obj.,04-A,📉 Curva renda-consumo e Engel,C/E,Banca não identificada,,,False,False,CERTO,definição de curva de Engel,,nenhuma,,
ECO-E1-0218-1,E1-0218,1,E1,05.1 - Obj.,12,🌫️ Externalidades e Coase,C/E,Banca não identificada,,2018,False,False,CERTO,caso Cooke × Forbes é externalidade,,nenhuma,,ano entre parênteses; banca não informada
ECO-E1-0218-2,E1-0218,2,E1,05.1 - Obj.,12,🌫️ Externalidades e Coase,C/E,Banca não identificada,,2018,False,False,?,teorema de Coase: direitos de propriedade sem custos de transação,,nenhuma,,ano entre parênteses; banca não informada
ECO-E1-0218-3,E1-0218,3,E1,05.1 - Obj.,12,🌫️ Externalidades e Coase,C/E,Banca não identificada,,2018,False,False,?,Coase: venda do direito ao ar limpo,,nenhuma,,ano entre parênteses; banca não informada
ECO-E1-0219-1,E1-0219,1,E1,05.1 - Obj.,12,🌫️ Externalidades e Coase,C/E,Banca não identificada,,2018,False,False,ERRADO,"trecho de Coase refere-se a imposto pigouviano, não Tobin",,nenhuma,,ano entre parênteses; banca não informada; contexto do trecho 1 em E1-0218
ECO-E1-0220-1,E1-0220,1,E1,05.1 - Obj.,05,🗺️ Isoquantas e TMST,C/E,Daniel – Economia CACD (Telegram),,,False,False,ERRADO,complementares perfeitos: isoquantas em L,,nenhuma,,
ECO-E1-0221-1,E1-0221,1,E1,05.1 - Obj.,06,💰 Custos de curto prazo,C/E,Prof. Rodrigo Teixeira,,,False,False,CERTO,PMgL decrescente implica CMg crescente,,nenhuma,,Aula 7
ECO-E1-0222-1,E1-0222,1,E1,05.1 - Obj.,06,💰 Custos de curto prazo,C/E,Prof. Rodrigo Teixeira,,,False,False,ERRADO,CMg acima do CTMe: custo médio crescente,,nenhuma,,Aula 7
ECO-E1-0223-1,E1-0223,1,E1,05.1 - Obj.,06,📈 Custos de longo prazo e escala,C/E,Prof. Rodrigo Teixeira,,,False,True,ERRADO,retornos constantes: CTMe de LP constante,,nenhuma,,Aula 7
ECO-E1-0224-1,E1-0224,1,E1,05.1 - Obj.,06,⚖️ Isocusto e combinação ótima,C/E,Prof. Rodrigo Teixeira,,,False,False,CERTO,juros maiores: técnicas menos intensivas em capital,,nenhuma,,Aula 7
ECO-E1-0225-1,E1-0225,1,E1,05.1 - Obj.,06,⚖️ Isocusto e combinação ótima,C/E,Prof. Rodrigo Teixeira,,,False,False,CERTO,minimização de custos: isocusto tangente à isoquanta,,nenhuma,,Aula 7
ECO-E1-0226-1,E1-0226,1,E1,05.1 - Obj.,05,🏭 Função de produção e curto prazo,C/E,Banca não identificada,,,False,False,CERTO,curto prazo: ao menos um fator fixo,,nenhuma,,
ECO-E1-0227-1,E1-0227,1,E1,05.1 - Obj.,05,🏭 Função de produção e curto prazo,C/E,Banca não identificada,,,False,False,ERRADO,longo prazo: todos os fatores variáveis,,nenhuma,,
ECO-E1-0228-1,E1-0228,1,E1,06.1 - Obj.,05,🗺️ Isoquantas e TMST,C/E,Daniel – Economia CACD (Telegram),,,False,True,ERRADO,"isoquanta é mesma quantidade, não mesmo custo",,nenhuma,,
ECO-E1-0229-1,E1-0229,1,E1,06.1 - Obj.,04,🎯 Utilidade e curvas de indiferença,C/E,Daniel – Economia CACD (Telegram),,,False,False,CERTO,TMS como inclinação da curva de indiferença,,nenhuma,,
ECO-E1-0230-1,E1-0230,1,E1,07.1 - Obj.,07-A,📐 Hipóteses e maximização de lucro,C/E,Banca não identificada,,2014,False,False,CERTO,RMg = CMg maximiza lucro,,nenhuma,,"ano entre parênteses; provável CACD, mas a fonte não diz"
ECO-E1-0231-1,E1-0231,1,E1,07.1 - Obj.,07,🗺️ Comparação entre estruturas,C/E,Banca não identificada,,2014,False,True,CERTO,diferenciação de produto como barreira à entrada,,nenhuma,,"ano entre parênteses; provável CACD, mas a fonte não diz"
ECO-E1-0232-1,E1-0232,1,E1,07.1 - Obj.,11,♟️ Equilíbrio de Nash e dominância,C/E,Banca não identificada,,2014,False,True,ERRADO,"payoff, não playoff; forma estratégica",,nenhuma,,"ano entre parênteses; provável CACD, mas a fonte não diz"
ECO-E1-0233-1,E1-0233,1,E1,07.1 - Obj.,07-A,📐 Hipóteses e maximização de lucro,C/E,Banca não identificada,,2014,False,True,ERRADO,produto homogêneo: sem diferenciação por marca,,nenhuma,,"ano entre parênteses; provável CACD, mas a fonte não diz"
ECO-E1-0234-1,E1-0234,1,E1,07.1 - Obj.,07-A,📐 Hipóteses e maximização de lucro,C/E,Banca não identificada,,2020,False,False,CERTO,novo consumidor não altera preço em CP,,nenhuma,,"ano entre parênteses; provável CACD, mas a fonte não diz"
ECO-E1-0234-2,E1-0234,2,E1,07.1 - Obj.,07-A,📐 Hipóteses e maximização de lucro,C/E,Banca não identificada,,2020,False,False,CERTO,firma em CP não vende abaixo do preço de equilíbrio,,nenhuma,,"ano entre parênteses; provável CACD, mas a fonte não diz"
ECO-E1-0234-3,E1-0234,3,E1,07.1 - Obj.,01,⚖️ Equilíbrio e estática comparativa,C/E,Banca não identificada,,2020,False,False,?,aumento imprevisto de demanda eleva preço e quantidade,,nenhuma,,"ano entre parênteses; provável CACD, mas a fonte não diz"
ECO-E1-0234-4,E1-0234,4,E1,07.1 - Obj.,03,🚧 Preços máximos e mínimos,C/E,Banca não identificada,,2020,False,False,?,preço fixado após queda de demanda e quantidade vendida,,nenhuma,,"ano entre parênteses; provável CACD, mas a fonte não diz"
ECO-E1-0235-1,E1-0235,1,E1,07.1 - Obj.,03,💸 Tributos: incidência e peso morto,C/E,Banca não identificada,,2013,False,False,ERRADO,demanda infinitamente elástica: imposto recai no produtor,,nenhuma,,"ano entre parênteses; provável CACD, mas a fonte não diz"
ECO-E1-0235-2,E1-0235,2,E1,07.1 - Obj.,03,💸 Tributos: incidência e peso morto,C/E,Banca não identificada,,2013,False,False,CERTO,ônus do imposto segundo elasticidades,,nenhuma,,"ano entre parênteses; provável CACD, mas a fonte não diz"
ECO-E1-0235-3,E1-0235,3,E1,07.1 - Obj.,03,💸 Tributos: incidência e peso morto,C/E,Banca não identificada,,2013,False,False,?,repasse integral do imposto aos compradores,,nenhuma,,"ano entre parênteses; provável CACD, mas a fonte não diz"
ECO-E1-0235-4,E1-0235,4,E1,07.1 - Obj.,03,💸 Tributos: incidência e peso morto,C/E,Banca não identificada,,2013,False,False,?,demanda menos elástica: maior incidência no consumidor,,nenhuma,,"ano entre parênteses; provável CACD, mas a fonte não diz"
ECO-E1-0236-1,E1-0236,1,E1,07.1 - Obj.,10,🤝 Cartel e conluio,C/E,Banca não identificada,,2012,False,True,ERRADO,"cartel facilitado por demanda inelástica, não elástica",,nenhuma,,"ano entre parênteses; provável CACD, mas a fonte não diz"
ECO-E1-0237-1,E1-0237,1,E1,07.1 - Obj.,06,📈 Custos de longo prazo e escala,C/E,Banca não identificada,,2012,False,False,CERTO,escolas pequenas com custo médio alto: economias de escala,,nenhuma,,"ano entre parênteses; provável CACD, mas a fonte não diz"
ECO-E1-0238-1,E1-0238,1,E1,07.1 - Obj.,07-A,⏱️ Curto prazo: oferta da firma,C/E,Banca não identificada,,2012,False,False,ERRADO,firma competitiva pode operar com perdas no curto prazo,,nenhuma,,"ano entre parênteses; provável CACD, mas a fonte não diz"
ECO-E1-0239-1,E1-0239,1,E1,07.1 - Obj.,08,🎟️ Discriminação de preços,C/E,Banca não identificada,,2012,False,True,CERTO,passagens antecipadas: discriminação de preços,,nenhuma,,"ano entre parênteses; provável CACD, mas a fonte não diz"
ECO-E1-0240-1,E1-0240,1,E1,07.1 - Obj.,08,🎟️ Discriminação de preços,DISC,Banca não identificada,,,False,False,RESPOSTA,conceito de discriminação de preços,,nenhuma,,pergunta conceitual aberta
ECO-E1-0241-1,E1-0241,1,E1,07.1 - Obj.,08,🏛️ Monopólio natural e regulação,C/E,Banca não identificada,,2018,False,False,ERRADO,saneamento é monopólio natural pela estrutura de custos,,nenhuma,,ano entre parênteses; banca não informada
ECO-E1-0242-1,E1-0242,1,E1,07.1 - Obj.,10,📏 Concentração e outras teorias,C/E,Banca não identificada,,2018,False,False,ERRADO,preços abaixo do custo em oligopólio: prática predatória,,nenhuma,,ano entre parênteses; banca não informada
ECO-E1-0243-1,E1-0243,1,E1,07.1 - Obj.,07-A,📐 Hipóteses e maximização de lucro,C/E,Banca não identificada,,2018,False,False,CERTO,pressupostos da CP levam a preço único de equilíbrio,,nenhuma,,ano entre parênteses; banca não informada
ECO-E1-0244-1,E1-0244,1,E1,07.1 - Obj.,10,📏 Concentração e outras teorias,C/E,Banca não identificada,,2018,False,False,CERTO,mercados contestáveis de Baumol: resultado competitivo,,nenhuma,,ano entre parênteses; banca não informada
ECO-E1-0245-1,E1-0245,1,E1,07.1 - Obj.,05,🗺️ Isoquantas e TMST,C/E,Banca não identificada,,2010,False,True,?,substitutos perfeitos: isoquantas retas paralelas,,nenhuma,,"ano entre parênteses; provável CACD, mas a fonte não diz; verso só imagem"
ECO-E1-0246-1,E1-0246,1,E1,07.1 - Obj.,07-A,⏳ Longo prazo e entrada/saída,C/E,Banca não identificada,,2010,False,True,ERRADO,economias externas de escala e oferta de LP,,nenhuma,,"ano entre parênteses; provável CACD, mas a fonte não diz"
ECO-E1-0247-1,E1-0247,1,E1,07.1 - Obj.,10,🤝 Cartel e conluio,C/E,Banca não identificada,,2010,False,True,ERRADO,êxito do cartel exige demanda inelástica,,nenhuma,,"ano entre parênteses; provável CACD, mas a fonte não diz"
ECO-E1-0248-1,E1-0248,1,E1,07.1 - Obj.,08,🎟️ Discriminação de preços,C/E,Banca não identificada,,2010,False,False,?,dumping como discriminação de preços do monopolista,,nenhuma,,"ano entre parênteses; provável CACD, mas a fonte não diz; verso só imagem"
ECO-E1-0249-1,E1-0249,1,E1,07.1 - Obj.,07-A,📐 Hipóteses e maximização de lucro,C/E,Simulado Clipping,,2023,False,False,ERRADO,CP: lucro máximo em P = CMg,,nenhuma,,Simulado Clipping 07/23
ECO-E1-0250-1,E1-0250,1,E1,07.1 - Obj.,07-A,⏳ Longo prazo e entrada/saída,C/E,Simulado Clipping,,2023,False,False,CERTO,livre entrada e saída na CP,,nenhuma,,Simulado Clipping 07/23
ECO-E1-0251-1,E1-0251,1,E1,07.1 - Obj.,08,👑 Equilíbrio do monopólio,C/E,Banca não identificada,,2023,False,False,CERTO,monopólio como falha de mercado do lado da oferta,,nenhuma,,"ano 2023; provável CACD, fonte não diz"
ECO-E1-0252-1,E1-0252,1,E1,07.1 - Obj.,12,🌫️ Externalidades e Coase,C/E,Banca não identificada,,2023,False,False,CERTO,definição de externalidade negativa,,nenhuma,,"ano 2023; provável CACD, fonte não diz"
ECO-E1-0253-1,E1-0253,1,E1,07.1 - Obj.,12,🏞️ Bens públicos e comuns,C/E,Banca não identificada,,2023,False,False,ERRADO,bens rivais não são falha de mercado,,nenhuma,,"ano 2023; provável CACD, fonte não diz"
ECO-E1-0254-1,E1-0254,1,E1,07.1 - Obj.,12,🏞️ Bens públicos e comuns,C/E,Banca não identificada,,2023,False,False,ERRADO,bem público definido por não rivalidade e não exclusão,,nenhuma,,"ano 2023; provável CACD, fonte não diz"
ECO-E1-0255-1,E1-0255,1,E1,07.1 - Obj.,07-A,📐 Hipóteses e maximização de lucro,C/E,Banca não identificada,,,False,False,CERTO,definição de receita marginal,,nenhuma,,
ECO-E1-0256-1,E1-0256,1,E1,07.1 - Obj.,10,📏 Concentração e outras teorias,C/E,Banca não identificada,,,False,False,CERTO,mercado perfeitamente contestável: entrada e saída sem custo,,nenhuma,,
ECO-E1-0257-1,E1-0257,1,E1,07.1 - Obj.,07-A,📐 Hipóteses e maximização de lucro,C/E,Banca não identificada,,,False,False,CERTO,capital especializado viola hipóteses da CP,,nenhuma,,
ECO-E1-0258-1,E1-0258,1,E1,07.1 - Obj.,07-A,📐 Hipóteses e maximização de lucro,C/E,Banca não identificada,,,False,False,ERRADO,firmas em CP são tomadoras de preço,,nenhuma,,
ECO-E1-0259-1,E1-0259,1,E1,07.1 - Obj.,07-A,📐 Hipóteses e maximização de lucro,C/E,Banca não identificada,,,False,False,CERTO,equilíbrio geral exige equilíbrio no mercado de trabalho,,nenhuma,,
ECO-E1-0260-1,E1-0260,1,E1,07.1 - Obj.,01,⚖️ Equilíbrio e estática comparativa,C/E,Banca não identificada,,,False,False,CERTO,preços sinalizam escassez; menor oferta eleva preço,,nenhuma,,
ECO-E1-0261-1,E1-0261,1,E1,07.1 - Obj.,07-A,📐 Hipóteses e maximização de lucro,C/E,Banca não identificada,,,False,False,ERRADO,"lucro máximo em RMg = CMg, não CMg = CMe",,nenhuma,,
ECO-E1-0262-1,E1-0262,1,E1,07.1 - Obj.,07-A,📐 Hipóteses e maximização de lucro,C/E,Banca não identificada,,,False,False,CERTO,sistema de preços define quanto produzir,,nenhuma,,
ECO-E1-0263-1,E1-0263,1,E1,07.1 - Obj.,08,"📊 Markup, elasticidade e poder de mercado",C/E,Banca não identificada,,,False,False,CERTO,índice de Lerner mede poder de monopólio,,nenhuma,,
ECO-E1-0264-1,E1-0264,1,E1,07.1 - Obj.,07-A,📐 Hipóteses e maximização de lucro,C/E,Banca não identificada,,,False,False,CERTO,economias de escala não dominantes na CP,,nenhuma,,
ECO-E1-0265-1,E1-0265,1,E1,07.1 - Obj.,07-A,📐 Hipóteses e maximização de lucro,C/E,Banca não identificada,,,False,False,ERRADO,"firma competitiva escolhe quantidade, não preço",,nenhuma,,
ECO-E1-0266-1,E1-0266,1,E1,07.1 - Obj.,07-A,📐 Hipóteses e maximização de lucro,C/E,Banca não identificada,,,False,False,CERTO,comprador individual não altera preço em CP,,nenhuma,,
ECO-E1-0267-1,E1-0267,1,E1,07.1 - Obj.,07-A,📐 Hipóteses e maximização de lucro,C/E,Banca não identificada,,,False,False,CERTO,preço em CP determinado por oferta e demanda,,nenhuma,,
ECO-E1-0268-1,E1-0268,1,E1,07.1 - Obj.,07,🗺️ Comparação entre estruturas,C/E,Banca não identificada,,,False,False,CERTO,RMg = CMg em qualquer estrutura de mercado,,nenhuma,,
ECO-E1-0269-1,E1-0269,1,E1,07.1 - Obj.,07-A,📐 Hipóteses e maximização de lucro,C/E,Banca não identificada,,,False,False,ERRADO,demanda da firma em CP é horizontal,,nenhuma,,
ECO-E1-0270-1,E1-0270,1,E1,07.1 - Obj.,07-A,📐 Hipóteses e maximização de lucro,C/E,Banca não identificada,,,False,False,CERTO,demanda de mercado em CP negativamente inclinada,,nenhuma,,
ECO-E1-0271-1,E1-0271,1,E1,07.1 - Obj.,07-A,📐 Hipóteses e maximização de lucro,C/E,Banca não identificada,,,False,False,CERTO,"CP: RMe = RMg = preço, horizontais",,nenhuma,,
ECO-E1-0272-1,E1-0272,1,E1,07.1 - Obj.,07-A,⏱️ Curto prazo: oferta da firma,C/E,Banca não identificada,,,False,False,CERTO,CP: equilíbrio CP ao igualar receitas e custos,,nenhuma,,
ECO-E1-0273-1,E1-0273,1,E1,08.1 - Obj.,08,👑 Equilíbrio do monopólio,C/E,Banca não identificada,,2017,False,False,ERRADO,"monopólio: Q onde RMg=CMg, não D=CMg",,ausente_deduzivel,,"⌚/2017: provável CACD, fonte não diz"
ECO-E1-0274-1,E1-0274,1,E1,08.1 - Obj.,08,"📊 Markup, elasticidade e poder de mercado",C/E,Banca não identificada,,2017,False,False,ERRADO,preço do monopolista cai com |elasticidade| maior,,ausente_deduzivel,,"⌚/2017: provável CACD, fonte não diz"
ECO-E1-0275-1,E1-0275,1,E1,08.1 - Obj.,08,👑 Equilíbrio do monopólio,C/E,Banca não identificada,,2017,False,False,ERRADO,monopolista não tem curva de oferta,,ausente_deduzivel,,"⌚/2017: provável CACD, fonte não diz"
ECO-E1-0276-1,E1-0276,1,E1,08.1 - Obj.,08,🏛️ Monopólio natural e regulação,C/E,Banca não identificada,,2017,False,False,CERTO,"monopólio natural: CMg baixo, custo fixo alto",,ausente_deduzivel,,"⌚/2017: provável CACD, fonte não diz"
ECO-E1-0277-1,E1-0277,1,E1,08.1 - Obj.,74,🌎 CEPAL e termos de troca,C/E,Banca não identificada,,2018,False,False,ERRADO,deterioração termos de troca e industrialização anos 30,,nenhuma,,"⌚/2018: provável CACD, fonte não diz"
ECO-E1-0278-1,E1-0278,1,E1,08.1 - Obj.,02,"💰 Elasticidade, receita e gasto",C/E,Banca não identificada,,2018,False,False,ERRADO,|e|<1: aumento de preço eleva receita,,nenhuma,,"⌚/2018: provável CACD, fonte não diz"
ECO-E1-0279-1,E1-0279,1,E1,08.1 - Obj.,08,"📊 Markup, elasticidade e poder de mercado",C/E,Banca não identificada,,2018,False,False,ERRADO,"markup: demanda mais elástica, menor poder",,nenhuma,,"⌚/2018: provável CACD, fonte não diz"
ECO-E1-0280-1,E1-0280,1,E1,08.1 - Obj.,08,"📊 Markup, elasticidade e poder de mercado",C/E,Banca não identificada,,2018,False,False,CERTO,demanda inelástica indica barreiras à entrada,,nenhuma,,"⌚/2018: provável CACD, fonte não diz"
ECO-E1-0281-1,E1-0281,1,E1,08.1 - Obj.,08,🏛️ Monopólio natural e regulação,C/E,Clipping,Simulado Clipping,2023,False,True,CERTO,"monopólio natural: economias de escala, custo menor",,nenhuma,,
ECO-E1-0282-1,E1-0282,1,E1,08.1 - Obj.,08,👑 Equilíbrio do monopólio,C/E,Clipping,Simulado Clipping,2023,False,True,ERRADO,monopolista escolhe Q (RMg=CMg); preço pela demanda,,nenhuma,,
ECO-E1-0283-1,E1-0283,1,E1,08.1 - Obj.,10,📏 Concentração e outras teorias,C/E,Banca não identificada,,,False,False,CERTO,mercado contestável de Baumol ≈ concorrência perfeita,E1-0244,nenhuma,,
ECO-E1-0284-1,E1-0284,1,E1,08.1 - Obj.,08,👑 Equilíbrio do monopólio,EXERC,Prof. Rodrigo Teixeira,Micro – Aula 12,,False,False,RESPOSTA,"monopólio CT=10+Q², P=300−Q: Q, P, markup, bem-estar",,nenhuma,,
ECO-E1-0285-1,E1-0285,1,E1,08.1 - Obj.,08,👑 Equilíbrio do monopólio,C/E,Banca não identificada,,,False,False,CERTO,monopólio RMg=CMg gera peso morto,,nenhuma,,
ECO-E1-0286-1,E1-0286,1,E1,08.1 - Obj.,08,👑 Equilíbrio do monopólio,C/E,Banca não identificada,,,False,False,CERTO,monopolista: receita média = demanda de mercado,,nenhuma,,
ECO-E1-0287-1,E1-0287,1,E1,08.1 - Obj.,08,"📊 Markup, elasticidade e poder de mercado",C/E,Banca não identificada,,,False,False,ERRADO,markup aumenta quando elasticidade diminui,,nenhuma,,
ECO-E1-0288-1,E1-0288,1,E1,08.1 - Obj.,08,"📊 Markup, elasticidade e poder de mercado",C/E,Banca não identificada,,,False,False,CERTO,markup indica poder de monopólio,,nenhuma,,
ECO-E1-0289-1,E1-0289,1,E1,08.1 - Obj.,08,👑 Equilíbrio do monopólio,C/E,Banca não identificada,,,False,False,CERTO,monopólio: barreiras à entrada,,nenhuma,,
ECO-E1-0290-1,E1-0290,1,E1,08.1 - Obj.,08,👑 Equilíbrio do monopólio,C/E,Banca não identificada,,,False,False,CERTO,monopólio maximiza lucro com CMg = RMg,,nenhuma,,
ECO-E1-0291-1,E1-0291,1,E1,08.1 - Obj.,08,👑 Equilíbrio do monopólio,C/E,Banca não identificada,,,False,False,ERRADO,monopolista escolhe quantidade; preço vem da demanda,,nenhuma,,
ECO-E1-0292-1,E1-0292,1,E1,08.1 - Obj.,08,👑 Equilíbrio do monopólio,C/E,Banca não identificada,,,False,False,ERRADO,monopolista não iguala CMg ao preço,,nenhuma,,
ECO-E1-0293-1,E1-0293,1,E1,08.1 - Obj.,08,👑 Equilíbrio do monopólio,C/E,Banca não identificada,,,False,False,ERRADO,monopólio sem substitutos próximos,,nenhuma,,
ECO-E1-0294-1,E1-0294,1,E1,08.1 - Obj.,08,👑 Equilíbrio do monopólio,C/E,Banca não identificada,,,False,False,CERTO,demanda do monopolista = demanda de mercado,,nenhuma,,
ECO-E1-0295-1,E1-0295,1,E1,08.1 - Obj.,08,"📊 Markup, elasticidade e poder de mercado",C/E,Banca não identificada,,,False,False,ERRADO,monopolista atua no trecho elástico da demanda,,nenhuma,,
ECO-E1-0296-1,E1-0296,1,E1,08.1 - Obj.,08,"📊 Markup, elasticidade e poder de mercado",C/E,Banca não identificada,,,False,False,CERTO,poder de monopólio maior com demanda inelástica,,nenhuma,,
ECO-E1-0297-1,E1-0297,1,E1,08.1 - Obj.,08,"📊 Markup, elasticidade e poder de mercado",C/E,Banca não identificada,,,False,False,CERTO,índice de Lerner mede poder de mercado,,nenhuma,,
ECO-E1-0298-1,E1-0298,1,E1,08.1 - Obj.,08,🏛️ Monopólio natural e regulação,C/E,Banca não identificada,,,False,False,ERRADO,monopólio natural tem custo fixo alto,,nenhuma,,
ECO-E1-0299-1,E1-0299,1,E1,08.1 - Obj.,08,🎟️ Discriminação de preços,C/E,Banca não identificada,,,False,False,ERRADO,"preço de reserva é discriminação de 1º grau, não 3º",,nenhuma,,
ECO-E1-0300-1,E1-0300,1,E1,08.1 - Obj.,08,🎟️ Discriminação de preços,C/E,Banca não identificada,,,False,False,CERTO,"discriminação de 2º grau: leve 3, pague 2",,nenhuma,,
ECO-E1-0301-1,E1-0301,1,E1,08.1 - Obj.,08,🎟️ Discriminação de preços,C/E,Banca não identificada,,,False,False,CERTO,discriminação de 3º grau: grupos de consumidores,,nenhuma,,
ECO-E1-0302-1,E1-0302,1,E1,09.1 - Obj.,09,🧩 Modelo de Chamberlin,C/E,Nidi/Jacqueline Bueno,Simulado Nidi,2023,False,False,ERRADO,conc. monopolística: capacidade ociosa no longo prazo,,nenhuma,,
ECO-E1-0303-1,E1-0303,1,E1,09.1 - Obj.,10,🤝 Cartel e conluio,C/E,Nidi/Jacqueline Bueno,Simulado Nidi,2023,False,True,CERTO,êxito do cartel: firmas similares e demanda inelástica,,nenhuma,,
ECO-E1-0304-1,E1-0304,1,E1,09.1 - Obj.,10,🥇 Stackelberg e liderança,C/E,Nidi/Jacqueline Bueno,Simulado Nidi,2023,False,True,ERRADO,"Stackelberg é sequencial, não decisões simultâneas",,nenhuma,,
ECO-E1-0305-1,E1-0305,1,E1,09.1 - Obj.,07,🗺️ Comparação entre estruturas,C/E,Nidi/Jacqueline Bueno,Simulado Nidi,2023,False,False,CERTO,diferenciação de produto como barreira à entrada,,nenhuma,,
ECO-E1-0306-1,E1-0306,1,E1,09.1 - Obj.,10,🥇 Stackelberg e liderança,C/E,Daniel – Economia CACD (Telegram),,,False,False,ERRADO,"firma líder: RMg = CMg, seguidoras abastecem o resto",,nenhuma,,
ECO-E1-0307-1,E1-0307,1,E1,12.1 - Obj.,65,💥 Crises e pós-Bretton Woods,C/E,Banca não identificada,,2017,False,False,CERTO,emprestador internacional de última instância,,nenhuma,,"⌚/2017: provável CACD, fonte não diz"
ECO-E1-0308-1,E1-0308,1,E1,12.1 - Obj.,36,🛠️ Instrumentos de política monetária,C/E,Banca não identificada,,2017,False,False,CERTO,BCB reduz compulsório como colchão de liquidez (2008),,nenhuma,,"⌚/2017: provável CACD, fonte não diz"
ECO-E1-0309-1,E1-0309,1,E1,12.1 - Obj.,70,🌊 Câmbio flutuante,C/E,Banca não identificada,,2017,False,False,ERRADO,câmbio flutuante: juros como instrumento contra inflação é possível,,nenhuma,,"⌚/2017: provável CACD, fonte não diz"
ECO-E1-0310-1,E1-0310,1,E1,12.1 - Obj.,40,💥 Crises financeiras,C/E,Banca não identificada,,2017,False,False,ERRADO,FED emprestador de última instância: 1929 × 2008,,nenhuma,,"⌚/2017: provável CACD, fonte não diz"
ECO-E1-0311-1,E1-0311,1,E1,12.1 - Obj.,35,🪙 Funções e agregados monetários,C/E,Banca não identificada,,2014,False,False,CERTO,três funções da moeda a diferenciam de outros ativos,,nenhuma,,"⌚/2014: provável CACD, fonte não diz"
ECO-E1-0312-1,E1-0312,1,E1,12.1 - Obj.,18,🏗️ Estrutura do BP (BPM6),C/E,Banca não identificada,,2014,False,False,ANULADO,capitais compensatórios e atrasados,,nenhuma,,"⌚/2014: provável CACD, fonte não diz"
ECO-E1-0313-1,E1-0313,1,E1,12.1 - Obj.,36,🏛️ Funções do Banco Central,C/E,Banca não identificada,,2014,False,False,ERRADO,BCB também formula política cambial e administra reservas,,nenhuma,,"⌚/2014: provável CACD, fonte não diz"
ECO-E1-0314-1,E1-0314,1,E1,12.1 - Obj.,17,📊 Nominal × real e deflator,C/E,Banca não identificada,,2014,False,False,CERTO,PNB e deflator = nominal/real,,nenhuma,,"⌚/2014: provável CACD, fonte não diz"
ECO-E1-0315-1,E1-0315,1,E1,12.1 - Obj.,25,💵 Teoria quantitativa da moeda,C/E,Banca não identificada,,2020,False,False,CERTO,"TQM: moeda só meio de troca, dicotomia clássica",,nenhuma,,"⌚/2020: provável CACD, fonte não diz"
ECO-E1-0316-1,E1-0316,1,E1,12.1 - Obj.,35,🏦 Criação de moeda e multiplicador,C/E,IADES,IRBr/CACD/2020,2020,True,False,CERTO,encaixe nulo: expansão depende da preferência do público,,nenhuma,,mesmo enunciado de E1-0318 (Diplomacia 2020 IADES)
ECO-E1-0317-1,E1-0317,1,E1,12.1 - Obj.,65,🥇 Padrão-ouro,C/E,Banca não identificada,,2020,False,False,ERRADO,"Caixa de Conversão emitia contra ouro, não com déficit",,nenhuma,,"⌚/2020: provável CACD, fonte não diz"
ECO-E1-0318-1,E1-0318,1,E1,12.1 - Obj.,27,📈 Curva LM,C/E,IADES,IRBr/CACD/2020,2020,True,True,ERRADO,queda de juros = LM para baixo/direita,,nenhuma,,❌ após o enunciado
ECO-E1-0319-1,E1-0319,1,E1,12.1 - Obj.,47,🏛️ Funções do Estado,ME,Banca não identificada,Senado/Consultor/2022,2022,False,False,A,"funções estabilizadora, alocativa e distributiva",,nenhuma,,
ECO-E1-0320-1,E1-0320,1,E1,12.1 - Obj.,47,📊 Política fiscal e multiplicadores,C/E,Daniel – Economia CACD (Telegram),,,False,False,CERTO,política fiscal expansiva amplia produto e emprego,,nenhuma,,
ECO-E1-0321-1,E1-0321,1,E1,12.1 - Obj.,12,🏞️ Bens públicos e comuns,C/E,Banca não identificada,,,False,False,ERRADO,"defesa nacional é bem público puro, não meritório",,nenhuma,,
ECO-E1-0322-1,E1-0322,1,E1,12.1 - Obj.,12,🏞️ Bens públicos e comuns,C/E,Banca não identificada,,,False,False,ERRADO,parque/praça não é bem meritório,,nenhuma,,
ECO-E1-0323-1,E1-0323,1,E1,12.1 - Obj.,12,🏞️ Bens públicos e comuns,C/E,Banca não identificada,,,False,False,ERRADO,pesquisa básica gera externalidades,,nenhuma,,
ECO-E1-0324-1,E1-0324,1,E1,12.1 - Obj.,12,🏞️ Bens públicos e comuns,C/E,Banca não identificada,,,False,False,CERTO,pesquisa básica: não excludente e não rival,,nenhuma,,
ECO-E1-0325-1,E1-0325,1,E1,12.1 - Obj.,12,🏞️ Bens públicos e comuns,C/E,Banca não identificada,,,False,False,CERTO,bem público: não excludente e não rival,,nenhuma,,
ECO-E1-0326-1,E1-0326,1,E1,12.1 - Obj.,12,🏞️ Bens públicos e comuns,C/E,Banca não identificada,,,False,False,ERRADO,excludente e rival caracteriza bem privado,,nenhuma,,
ECO-E1-0327-1,E1-0327,1,E1,12.1 - Obj.,12,🏛️ Falhas de governo e regulação,C/E,Banca não identificada,,,False,False,CERTO,regulação benéfica diante de poder de mercado,,nenhuma,,
ECO-E1-0328-1,E1-0328,1,E1,12.1 - Obj.,12,🏞️ Bens públicos e comuns,C/E,Banca não identificada,,,False,False,CERTO,bem público: custo marginal zero por consumidor adicional,,nenhuma,,
ECO-E1-0329-1,E1-0329,1,E1,12.1 - Obj.,12,🏞️ Bens públicos e comuns,C/E,Banca não identificada,,,False,False,ERRADO,bens públicos são não excludentes,,nenhuma,,
ECO-E1-0330-1,E1-0330,1,E1,12.1 - Obj.,12,🏞️ Bens públicos e comuns,C/E,Banca não identificada,,,False,False,CERTO,carona dificulta oferta eficiente de bens públicos,,nenhuma,,
ECO-E1-0331-1,E1-0331,1,E1,12.1 - Obj.,12,🏞️ Bens públicos e comuns,C/E,Banca não identificada,,,False,False,CERTO,não exclusividade gera caronas e falhas alocativas,,nenhuma,,
ECO-E1-0332-1,E1-0332,1,E1,12.1 - Obj.,12,🌫️ Externalidades e Coase,C/E,Banca não identificada,,,False,False,CERTO,imposto pigouviano internaliza externalidade negativa,,nenhuma,,
ECO-E1-0333-1,E1-0333,1,E1,12.1 - Obj.,12,🕵️ Informação assimétrica,C/E,Banca não identificada,,,False,False,CERTO,falhas de mercado: sinalização inadequada de preços,,nenhuma,,
ECO-E1-0334-1,E1-0334,1,E1,12.1 - Obj.,12,🌫️ Externalidades e Coase,C/E,Banca não identificada,,,False,False,CERTO,Coase: negociação privada sem custos de transação,,nenhuma,,
ECO-E1-0335-1,E1-0335,1,E1,12.1 - Obj.,12,🌫️ Externalidades e Coase,C/E,Banca não identificada,,,False,False,CERTO,Coase: direitos definidos permitem nível ótimo de poluição,,nenhuma,,
ECO-E1-0336-1,E1-0336,1,E1,12.1 - Obj.,12,🌫️ Externalidades e Coase,C/E,Banca não identificada,,,False,False,ERRADO,Coase não impõe limites máximos de emissão,,nenhuma,,
ECO-E1-0337-1,E1-0337,1,E1,12.1 - Obj.,12,🌫️ Externalidades e Coase,C/E,Banca não identificada,,,False,False,CERTO,externalidades justificam função alocativa do governo,,nenhuma,,
ECO-E1-0338-1,E1-0338,1,E1,12.1 - Obj.,12,🌫️ Externalidades e Coase,C/E,Banca não identificada,,,False,False,ERRADO,deseconomias de escala não são falha de mercado,,nenhuma,,
ECO-E1-0339-1,E1-0339,1,E1,12.1 - Obj.,12,🌫️ Externalidades e Coase,C/E,Banca não identificada,,,False,False,ERRADO,concorrência perfeita não elimina externalidade negativa,,nenhuma,,
ECO-E1-0340-1,E1-0340,1,E1,12.1 - Obj.,08,👑 Equilíbrio do monopólio,C/E,Banca não identificada,,,False,False,ERRADO,monopólio não produz o nível socialmente eficiente,,nenhuma,,
ECO-E1-0341-1,E1-0341,1,E1,12.1 - Obj.,12,🌫️ Externalidades e Coase,C/E,Banca não identificada,,,False,False,CERTO,externalidade: custos/benefícios fora dos preços,,nenhuma,,
ECO-E1-0342-1,E1-0342,1,E1,12.1 - Obj.,12,🌫️ Externalidades e Coase,C/E,Banca não identificada,,,False,False,CERTO,sazonalidade de preços agrícolas não é falha de mercado,,nenhuma,,
ECO-E1-0343-1,E1-0343,1,E1,12.1 - Obj.,12,🏛️ Falhas de governo e regulação,C/E,Banca não identificada,,,False,False,CERTO,teoria da captura regulatória,,nenhuma,,
ECO-E1-0344-1,E1-0344,1,E1,12.1 - Obj.,12,🕵️ Informação assimétrica,C/E,Banca não identificada,,,False,False,CERTO,relação agente-principal no setor público,,nenhuma,,
ECO-E1-0345-1,E1-0345,1,E1,12.1 - Obj.,12,🕵️ Informação assimétrica,C/E,Banca não identificada,,,False,False,CERTO,risco moral altera comportamento,,nenhuma,,
ECO-E1-0346-1,E1-0346,1,E1,12.1 - Obj.,12,🕵️ Informação assimétrica,C/E,Banca não identificada,,,False,False,CERTO,assimetria de informação justifica regulação,,nenhuma,,
ECO-E1-0347-1,E1-0347,1,E1,12.1 - Obj.,12,🕵️ Informação assimétrica,C/E,Banca não identificada,,,False,False,ERRADO,mercado de crédito tem informação assimétrica,,nenhuma,,
ECO-E1-0348-1,E1-0348,1,E1,12.1 - Obj.,12,🕵️ Informação assimétrica,C/E,Banca não identificada,,,False,False,CERTO,risco moral no seguro de automóveis,,nenhuma,,
ECO-E1-0349-1,E1-0349,1,E1,12.1 - Obj.,12,🏞️ Bens públicos e comuns,C/E,Banca não identificada,,,False,False,ERRADO,bem não rival: suboferta não por CMg > benefício social,,nenhuma,,
ECO-E1-0350-1,E1-0350,1,E1,12.1 - Obj.,12,🕵️ Informação assimétrica,C/E,Banca não identificada,,,False,False,ERRADO,assimetria de informação não gera sempre externalidade positiva,,nenhuma,,
ECO-E1-0351-1,E1-0351,1,E1,12.1 - Obj.,12,🕵️ Informação assimétrica,C/E,Banca não identificada,,,False,False,CERTO,assimetria de informação em contratos financeiros,,nenhuma,,
ECO-E1-0352-1,E1-0352,1,E1,12.1 - Obj.,12,🕵️ Informação assimétrica,C/E,Banca não identificada,,,False,False,ERRADO,"informação desigual = assimetria, não confiança do consumidor",,nenhuma,,
ECO-E1-0353-1,E1-0353,1,E1,12.1 - Obj.,12,🕵️ Informação assimétrica,C/E,Banca não identificada,,,False,False,CERTO,assimetria justifica regulação por transparência,,nenhuma,,
ECO-E1-0354-1,E1-0354,1,E1,12.1 - Obj.,12,🏞️ Bens públicos e comuns,C/E,Banca não identificada,,,False,False,ERRADO,"suboferta de bem público por não rivalidade, não rivalidade",,nenhuma,,
ECO-E1-0355-1,E1-0355,1,E1,17.1 - Obj.,19,💰 Resultados fiscais (NFSP),C/E,Banca não identificada,,2019,False,False,CERTO,NFSP = déficit nominal,,nenhuma,,"⌚/2019: provável CACD, fonte não diz"
ECO-E1-0356-1,E1-0356,1,E1,17.1 - Obj.,48,📏 Conceitos de déficit e dívida,C/E,Banca não identificada,,2019,False,False,ERRADO,déficit nominal ≠ variação da dívida líquida,,nenhuma,,"⌚/2019: provável CACD, fonte não diz"
ECO-E1-0357-1,E1-0357,1,E1,17.1 - Obj.,19,💰 Resultados fiscais (NFSP),C/E,Banca não identificada,,2019,False,False,CERTO,critério acima da linha: receitas e despesas,,nenhuma,,"⌚/2019: provável CACD, fonte não diz"
ECO-E1-0358-1,E1-0358,1,E1,17.1 - Obj.,19,💰 Resultados fiscais (NFSP),C/E,Banca não identificada,,2019,False,True,ERRADO,política fiscal expansionista eleva NFSP,,nenhuma,,"⌚/2019: provável CACD, fonte não diz"
ECO-E1-0359-1,E1-0359,1,E1,17.1 - Obj.,18,✍️ Lançamentos,C/E,Banca não identificada,,2012,False,False,ERRADO,lançamento de lucros reinvestidos no BP,,nenhuma,,"⌚/2012: provável CACD, fonte não diz"
ECO-E1-0360-1,E1-0360,1,E1,17.1 - Obj.,26,📈 Demanda efetiva e cruz keynesiana,C/E,Banca não identificada,,2012,False,False,ERRADO,paradoxo da parcimônia: poupança maior reduz renda,,nenhuma,,"⌚/2012: provável CACD, fonte não diz"
ECO-E1-0361-1,E1-0361,1,E1,17.1 - Obj.,19,💰 Resultados fiscais (NFSP),C/E,Banca não identificada,,2012,False,False,ERRADO,NFSP operacional exclui correção monetária,,nenhuma,,"⌚/2012: provável CACD, fonte não diz"
ECO-E1-0362-1,E1-0362,1,E1,17.1 - Obj.,35,🏦 Criação de moeda e multiplicador,C/E,Banca não identificada,,2012,False,False,CERTO,mais depósitos à vista elevam o multiplicador monetário,,nenhuma,,"⌚/2012: provável CACD, fonte não diz"
ECO-E1-0363-1,E1-0363,1,E1,17.1 - Obj.,26,✖️ Multiplicadores,C/E,Banca não identificada,,2012,False,False,ERRADO,"multiplicador economia aberta: 1/(s+m) = 2,5",,nenhuma,,"⌚/2012: provável CACD, fonte não diz"
ECO-E1-0364-1,E1-0364,1,E1,17.1 - Obj.,18,🔗 BP e contas nacionais,ME,CEBRASPE,IRBr/CACD/2011,2011,True,True,E,dados do BP 2010: déficit em TC = poupança externa,,nenhuma,,❌ antes da referência à prova
ECO-E1-0365-1,E1-0365,1,E1,17.1 - Obj.,18,🔗 BP e contas nacionais,C/E,Banca não identificada,,2010,False,False,ERRADO,superávit em TC não é financiamento externo,,nenhuma,,"C/E (2010): provável CACD, fonte não diz"
ECO-E1-0366-1,E1-0366,1,E1,17.1 - Obj.,17,"📏 PIB, PNB, RNB e conceitos derivados",C/E,Banca não identificada,,2010,False,True,ERRADO,PNB nominal × renda nacional: não iguais por definição,,nenhuma,,"C/E (2010): provável CACD, fonte não diz"
ECO-E1-0367-1,E1-0367,1,E1,17.1 - Obj.,17,📊 Nominal × real e deflator,C/E,Banca não identificada,,2010,False,True,?,preço de importados e deflator do PIB,,nenhuma,,"verso diz ""Correta"", mas deflator do PIB não inclui importados; conferir gabarito"
ECO-E1-0368-1,E1-0368,1,E1,17.1 - Obj.,36,🛠️ Instrumentos de política monetária,C/E,Banca não identificada,,2010,False,False,ERRADO,"esterilização: comprar, não vender títulos",,nenhuma,,"C/E (2010): provável CACD, fonte não diz"
ECO-E1-0369-1,E1-0369,1,E1,17.1 - Obj.,66,📈 Determinantes do câmbio,C/E,Banca não identificada,,2010,False,False,?,desvalorização e balança comercial no curto e longo prazo,,nenhuma,,"verso: ""inconclusiva""; conferir gabarito"
ECO-E1-0370-1,E1-0370,1,E1,17.1 - Obj.,18,🏗️ Estrutura do BP (BPM6),C/E,Banca não identificada,,2018,False,False,ERRADO,doações não ficam na conta de serviços,,nenhuma,,"⌚/2018: provável CACD, fonte não diz"
ECO-E1-0371-1,E1-0371,1,E1,17.1 - Obj.,77,💼 IED e portfólio,C/E,Banca não identificada,,2018,False,False,CERTO,"IED: capital de longo prazo, mais resiliente",,nenhuma,,"⌚/2018: provável CACD, fonte não diz"
ECO-E1-0372-1,E1-0372,1,E1,17.1 - Obj.,78,🌐 Globalização e vulnerabilidade,C/E,Banca não identificada,,2018,False,False,ERRADO,fluxos de capitais afetam escolhas de política,,nenhuma,,"⌚/2018: provável CACD, fonte não diz"
ECO-E1-0373-1,E1-0373,1,E1,17.1 - Obj.,78,🌐 Globalização e vulnerabilidade,C/E,Banca não identificada,,2018,False,False,CERTO,saída súbita de capitais e regulação prudencial,,nenhuma,,"⌚/2018: provável CACD, fonte não diz"
ECO-E1-0374-1,E1-0374,1,E1,17.1 - Obj.,17,🔄 Identidades e óticas do produto,C/E,Prof. Rodrigo Teixeira,Macro – Aula 19,,False,False,CERTO,PIB pm e variação de estoques a partir de tabela,,ausente_irrecuperavel,tabela da frente não veio,
ECO-E1-0375-1,E1-0375,1,E1,17.1 - Obj.,17,"📏 PIB, PNB, RNB e conceitos derivados",C/E,Prof. Rodrigo Teixeira,Macro – Aula 19,,False,False,ERRADO,RNB × PIB × RDB a partir de tabela,,ausente_irrecuperavel,tabela da frente não veio,
ECO-E1-0376-1,E1-0376,1,E1,17.1 - Obj.,17,🔄 Identidades e óticas do produto,C/E,Prof. Rodrigo Teixeira,Macro – Aula 19,,False,False,ERRADO,poupança bruta × investimento a partir de tabela,,ausente_irrecuperavel,tabela da frente não veio,
ECO-E1-0377-1,E1-0377,1,E1,17.1 - Obj.,17,🔄 Identidades e óticas do produto,C/E,Prof. Rodrigo Teixeira,Macro – Aula 19,,False,False,CERTO,saldo de TC = S − I a partir de tabela,,ausente_irrecuperavel,tabela da frente não veio,
ECO-E1-0378-1,E1-0378,1,E1,17.1 - Obj.,17,🔄 Identidades e óticas do produto,C/E,Banca não identificada,,2013,False,False,ERRADO,FBCF não inclui variação de estoques,,nenhuma,,"⌚/2013: provável CACD, fonte não diz"
ECO-E1-0379-1,E1-0379,1,E1,17.1 - Obj.,17,🔄 Identidades e óticas do produto,C/E,Banca não identificada,,2013,False,True,ERRADO,acumulação de capital pode ser negativa,,nenhuma,,"⌚/2013: provável CACD, fonte não diz"
ECO-E1-0380-1,E1-0380,1,E1,17.1 - Obj.,47,💸 Tributação: princípios e incidência,C/E,Banca não identificada,,2013,False,False,ERRADO,"carga tributária: todos os níveis, sobre o PIB",,nenhuma,,"⌚/2013: provável CACD, fonte não diz"
ECO-E1-0381-1,E1-0381,1,E1,17.1 - Obj.,17,"📏 PIB, PNB, RNB e conceitos derivados",C/E,Banca não identificada,,2013,False,False,ERRADO,PNB = PIB + renda líquida do exterior,,nenhuma,,"⌚/2013: provável CACD, fonte não diz"
ECO-E1-0382-1,E1-0382,1,E1,17.1 - Obj.,18,🔗 BP e contas nacionais,C/E,Banca não identificada,,2013,False,True,CERTO,poupança externa não inclui variação de reservas,,nenhuma,,"C/E (2013): provável CACD, fonte não diz"
ECO-E1-0383-1,E1-0383,1,E1,17.1 - Obj.,17,"📏 PIB, PNB, RNB e conceitos derivados",C/E,Clipping,Simulado Clipping,2023,False,False,CERTO,PIB não mede bem-estar,,nenhuma,,
ECO-E1-0384-1,E1-0384,1,E1,17.1 - Obj.,16,🧭 Agregados e conceitos básicos,C/E,Clipping,Simulado Clipping,2023,False,False,CERTO,poupança doméstica financia investimento,,nenhuma,,
ECO-E1-0385-1,E1-0385,1,E1,17.1 - Obj.,17,"📏 PIB, PNB, RNB e conceitos derivados",C/E,Clipping,Simulado Clipping,2023,False,False,ERRADO,"PIB conta produção do ano, não venda",,nenhuma,,
ECO-E1-0386-1,E1-0386,1,E1,17.1 - Obj.,17,🔄 Identidades e óticas do produto,C/E,Clipping,Simulado Clipping,2023,False,False,ERRADO,exportações líquidas podem alavancar o PIB,,nenhuma,,
ECO-E1-0387-1,E1-0387,1,E1,17.1 - Obj.,36,🛠️ Instrumentos de política monetária,C/E,Daniel – Economia CACD (Telegram),,,False,False,ERRADO,venda de títulos é contracionista,,nenhuma,,
ECO-E1-0388-1,E1-0388,1,E1,17.1 - Obj.,TRIAGEM,17,EXERC,Prof. Rodrigo Teixeira,Macro – Aula 1b,,False,False,?,questão só em imagem (Macro aula 1b),,ausente_irrecuperavel,frente e verso só imagem,
ECO-E1-0389-1,E1-0389,1,E1,17.1 - Obj.,TRIAGEM,17,EXERC,Prof. Rodrigo Teixeira,Macro – Aula 1b,,False,False,?,questão só em imagem (Macro aula 1b),,ausente_irrecuperavel,frente e verso só imagem,
ECO-E1-0390-1,E1-0390,1,E1,17.1 - Obj.,25,⚙️ Modelo clássico,C/E,Prof. Rodrigo Teixeira,Macro – Aula 2,,False,False,CERTO,fundos emprestáveis: menos IR eleva poupança e investimento,,nenhuma,,
ECO-E1-0391-1,E1-0391,1,E1,17.1 - Obj.,25,⚙️ Modelo clássico,C/E,Prof. Rodrigo Teixeira,Macro – Aula 2,,False,False,ERRADO,ajuste fiscal reduz juros e eleva investimento,,nenhuma,,
ECO-E1-0392-1,E1-0392,1,E1,17.1 - Obj.,25,⚙️ Modelo clássico,C/E,Prof. Rodrigo Teixeira,Macro – Aula 2,,False,False,ERRADO,desoneração de bens de capital desloca demanda por fundos à direita,,nenhuma,,
ECO-E1-0393-1,E1-0393,1,E1,17.1 - Obj.,25,⚙️ Modelo clássico,C/E,Prof. Rodrigo Teixeira,Macro – Aula 2,,False,False,ERRADO,teto de juros abaixo do equilíbrio reduz investimento,,nenhuma,,
ECO-E1-0394-1,E1-0394,1,E1,17.1 - Obj.,17,"📏 PIB, PNB, RNB e conceitos derivados",C/E,Banca não identificada,,,False,False,ERRADO,PIB: bens finais produzidos a preços de mercado,,nenhuma,,
ECO-E1-0395-1,E1-0395,1,E1,17.1 - Obj.,17,🧾 SCN e tabelas,C/E,Banca não identificada,,,False,False,CERTO,FBCF do governo a partir dos balanços orçamentários,,nenhuma,,
ECO-E1-0396-1,E1-0396,1,E1,17.1 - Obj.,16,🧭 Agregados e conceitos básicos,C/E,Banca não identificada,,,False,False,ERRADO,fluxo circular: famílias não organizam a produção,,nenhuma,,
ECO-E1-0397-1,E1-0397,1,E1,17.1 - Obj.,16,🧭 Agregados e conceitos básicos,C/E,Banca não identificada,,,False,False,CERTO,fluxo circular: empresas organizam a produção,,nenhuma,,
ECO-E1-0398-1,E1-0398,1,E1,17.1 - Obj.,17,"📏 PIB, PNB, RNB e conceitos derivados",C/E,Banca não identificada,,,False,False,CERTO,conceito de PIB: bens finais de residentes,,nenhuma,,
ECO-E1-0399-1,E1-0399,1,E1,17.1 - Obj.,17,"📏 PIB, PNB, RNB e conceitos derivados",C/E,Banca não identificada,,,False,False,ERRADO,produção final não é poupança bruta,,nenhuma,,
ECO-E1-0400-1,E1-0400,1,E1,17.1 - Obj.,17,"📏 PIB, PNB, RNB e conceitos derivados",C/E,Banca não identificada,,,False,False,ERRADO,"PIB: valor adicionado no território, não por residentes",,nenhuma,,
ECO-E1-0401-1,E1-0401,1,E1,17.1 - Obj.,17,🔄 Identidades e óticas do produto,C/E,Banca não identificada,,,False,False,CERTO,investimento bruto = FBCF + variação de estoques,,nenhuma,,
ECO-E1-0402-1,E1-0402,1,E1,17.1 - Obj.,16,🧭 Agregados e conceitos básicos,C/E,Banca não identificada,,,False,False,CERTO,fluxo circular da renda,,nenhuma,,
ECO-E1-0403-1,E1-0403,1,E1,17.1 - Obj.,17,🔄 Identidades e óticas do produto,C/E,Banca não identificada,,,False,False,CERTO,economia fechada sem governo: poupança = FBCF + estoques,,nenhuma,,
ECO-E1-0404-1,E1-0404,1,E1,17.1 - Obj.,17,🔄 Identidades e óticas do produto,C/E,Banca não identificada,,,False,False,ERRADO,ótica da produção ≠ consumo das famílias + governo,,nenhuma,,
ECO-E1-0405-1,E1-0405,1,E1,17.1 - Obj.,17,🔄 Identidades e óticas do produto,C/E,Banca não identificada,,,False,False,CERTO,ótica da produção: VBP − CI + impostos líquidos,,nenhuma,,
ECO-E1-0406-1,E1-0406,1,E1,17.1 - Obj.,17,"📏 PIB, PNB, RNB e conceitos derivados",C/E,Banca não identificada,,,False,False,CERTO,unidade residente: centro de interesse econômico,,nenhuma,,
ECO-E1-0407-1,E1-0407,1,E1,17.1 - Obj.,17,🔄 Identidades e óticas do produto,C/E,Banca não identificada,,,False,False,ERRADO,(M−X) contribui ao investimento só se M > X,,nenhuma,,
ECO-E1-0408-1,E1-0408,1,E1,17.1 - Obj.,17,🔄 Identidades e óticas do produto,C/E,Banca não identificada,,,False,False,CERTO,(M−X) como transferência de poupança externa,,nenhuma,,
ECO-E1-0409-1,E1-0409,1,E1,17.1 - Obj.,17,🔄 Identidades e óticas do produto,C/E,Banca não identificada,,,False,False,CERTO,S − I = X − M e poupança externa,,nenhuma,,
ECO-E1-0410-1,E1-0410,1,E1,17.1 - Obj.,17,🔄 Identidades e óticas do produto,C/E,Banca não identificada,,,False,False,CERTO,identidade Y = C + I + G + (X − M),,nenhuma,,
ECO-E1-0411-1,E1-0411,1,E1,17.1 - Obj.,17,"📏 PIB, PNB, RNB e conceitos derivados",C/E,Banca não identificada,,,False,False,CERTO,produto bruto = produto líquido + depreciação,,nenhuma,,
ECO-E1-0412-1,E1-0412,1,E1,17.1 - Obj.,17,🔄 Identidades e óticas do produto,C/E,Banca não identificada,,,False,False,CERTO,poupança = renda − consumo,,nenhuma,,
ECO-E1-0413-1,E1-0413,1,E1,17.1 - Obj.,16,🧭 Agregados e conceitos básicos,C/E,Banca não identificada,,,False,False,CERTO,demanda agregada = gastos de todos os agentes,,nenhuma,,
ECO-E1-0414-1,E1-0414,1,E1,18.1 - Obj.,17,🧾 SCN e tabelas,C/E,Banca não identificada,,2022,False,False,CERTO,transferências sociais em espécie (SCN/IBGE),,nenhuma,,"C/E (2022), questões IBGE/SCN; banca não informada"
ECO-E1-0415-1,E1-0415,1,E1,18.1 - Obj.,17,🧾 SCN e tabelas,C/E,Banca não identificada,,2022,False,False,CERTO,importação de bens registrada a preços FOB no SCN,,nenhuma,,"C/E (2022), questões IBGE/SCN; banca não informada"
ECO-E1-0416-1,E1-0416,1,E1,18.1 - Obj.,17,🧾 SCN e tabelas,C/E,Banca não identificada,,2022,False,False,CERTO,usos e recursos dos setores institucionais,,nenhuma,,"C/E (2022), questões IBGE/SCN; banca não informada"
ECO-E1-0417-1,E1-0417,1,E1,18.1 - Obj.,17,🧾 SCN e tabelas,C/E,Banca não identificada,,2022,False,False,CERTO,transferências sociais em espécie (SCN/IBGE),E1-0414,nenhuma,,"C/E (2022), questões IBGE/SCN; banca não informada"
ECO-E1-0418-1,E1-0418,1,E1,18.1 - Obj.,17,🧾 SCN e tabelas,C/E,Nidi/Jacqueline Bueno,Simulado Nidi,2023,False,True,ERRADO,CEI por setor institucional; TRU por atividade,,nenhuma,,
ECO-E1-0419-1,E1-0419,1,E1,18.1 - Obj.,17,"📏 PIB, PNB, RNB e conceitos derivados",C/E,Nidi/Jacqueline Bueno,Simulado Nidi,2023,False,False,CERTO,RNB × PIB e renda disponível,,nenhuma,,
ECO-E1-0420-1,E1-0420,1,E1,18.1 - Obj.,17,🧾 SCN e tabelas,C/E,Nidi/Jacqueline Bueno,Simulado Nidi,2023,False,True,CERTO,conta de capital: capacidade/necessidade de financiamento,,nenhuma,,
ECO-E1-0421-1,E1-0421,1,E1,18.1 - Obj.,17,🧾 SCN e tabelas,C/E,Nidi/Jacqueline Bueno,Simulado Nidi,2023,False,False,ERRADO,encadeamento de saldos das contas do SCN,,nenhuma,,
ECO-E1-0422-1,E1-0422,1,E1,18.1 - Obj.,18,🏗️ Estrutura do BP (BPM6),ME,Banca não identificada,Senado/Consultor/2022,2022,False,False,?,balança comercial no BPM6: assinalar a incorreta,,nenhuma,,
ECO-E1-0423-1,E1-0423,1,E1,18.1 - Obj.,18,✍️ Lançamentos,EXERC,Prof. Rodrigo Teixeira,Macro – Aula 20,,False,False,RESPOSTA,calcular saldos do BP a partir de transações,,nenhuma,,
ECO-E1-0424-1,E1-0424,1,E1,18.1 - Obj.,18,✍️ Lançamentos,C/E,Banca não identificada,,,False,False,ERRADO,venda à vista: contrapartida não é renda de capitais,,nenhuma,,
ECO-E1-0425-1,E1-0425,1,E1,18.1 - Obj.,18,✍️ Lançamentos,C/E,Banca não identificada,,,False,False,CERTO,importação financiada: bem por título de dívida,,nenhuma,,
ECO-E1-0426-1,E1-0426,1,E1,18.1 - Obj.,66,📈 Determinantes do câmbio,C/E,Banca não identificada,,,False,False,ERRADO,queda de juros: depreciação e aumento de X−M,,nenhuma,,
ECO-E1-0427-1,E1-0427,1,E1,18.1 - Obj.,66,📈 Determinantes do câmbio,C/E,Banca não identificada,,,False,False,CERTO,queda de juros: depreciação e aumento de X−M,,nenhuma,,
ECO-E1-0428-1,E1-0428,1,E1,18.1 - Obj.,66,📈 Determinantes do câmbio,C/E,Banca não identificada,,,False,False,ERRADO,queda de juros não gera apreciação,,nenhuma,,
ECO-E1-0429-1,E1-0429,1,E1,18.1 - Obj.,26,✖️ Multiplicadores,C/E,Banca não identificada,,,False,False,CERTO,expansão dos EUA eleva importações e renda alheia,,nenhuma,,
ECO-E1-0430-1,E1-0430,1,E1,18.1 - Obj.,18,🏗️ Estrutura do BP (BPM6),C/E,Banca não identificada,,,False,False,CERTO,transações autônomas × compensatórias,,nenhuma,,
ECO-E1-0431-1,E1-0431,1,E1,18.1 - Obj.,18,🏗️ Estrutura do BP (BPM6),C/E,Banca não identificada,,,False,False,CERTO,erros e omissões no BP,,nenhuma,,
ECO-E1-0432-1,E1-0432,1,E1,19.1 - Obj.,04,⚖️ Escolha ótima do consumidor,C/E,Clipping,Simuladão Clipping,2025,False,False,ERRADO,ótimo do consumidor: TMS = preço relativo,,nenhuma,,
ECO-E1-0433-1,E1-0433,1,E1,19.1 - Obj.,04,💵 Restrição orçamentária,C/E,Clipping,Simuladão Clipping,2025,False,False,ERRADO,restrição orçamentária muda com renda e preços,,nenhuma,,
ECO-E1-0434-1,E1-0434,1,E1,19.1 - Obj.,04,🧠 Preferências e axiomas,C/E,Clipping,Simuladão Clipping,2025,False,False,CERTO,axioma da transitividade,,nenhuma,,
ECO-E1-0435-1,E1-0435,1,E1,19.1 - Obj.,08,👑 Equilíbrio do monopólio,C/E,Clipping,Simuladão Clipping,2025,False,False,ERRADO,monopólio: RMg abaixo do preço,,nenhuma,,
ECO-E1-0436-1,E1-0436,1,E1,19.1 - Obj.,03,💸 Tributos: incidência e peso morto,C/E,Clipping,Simuladão Clipping,2025,False,False,ERRADO,incidência de imposto depende das elasticidades,,nenhuma,,
ECO-E1-0437-1,E1-0437,1,E1,19.1 - Obj.,08,👑 Equilíbrio do monopólio,C/E,Clipping,Simuladão Clipping,2025,False,False,CERTO,monopólio gera peso morto,,nenhuma,,
ECO-E1-0438-1,E1-0438,1,E1,19.1 - Obj.,48,📏 Conceitos de déficit e dívida,C/E,Clipping,Simuladão Clipping,2025,False,False,ERRADO,déficit nominal inclui juros,,nenhuma,,
ECO-E1-0439-1,E1-0439,1,E1,19.1 - Obj.,47,🔮 Equivalência ricardiana,C/E,Clipping,Simuladão Clipping,2025,False,False,ERRADO,"ricardiana: agentes poupam, não gastam",,nenhuma,,
ECO-E1-0440-1,E1-0440,1,E1,19.1 - Obj.,19,💰 Resultados fiscais (NFSP),C/E,Clipping,Simuladão Clipping,2025,False,False,CERTO,resultado estrutural ajustado ao ciclo,,nenhuma,,
ECO-E1-0441-1,E1-0441,1,E1,19.1 - Obj.,48,🧮 Financiamento e sustentabilidade,C/E,Clipping,Simuladão Clipping,2025,False,False,ERRADO,superávit primário não garante queda da dívida,,nenhuma,,
ECO-E1-0442-1,E1-0442,1,E1,19.1 - Obj.,79,🧾 Tarifas,C/E,Clipping,Simuladão Clipping,2025,False,False,CERTO,tarifas têm efeito regressivo sobre o consumo,,nenhuma,,
ECO-E1-0443-1,E1-0443,1,E1,19.1 - Obj.,76,⭐ Cadeias globais de valor,C/E,Clipping,Simuladão Clipping,2025,False,False,CERTO,guerras comerciais reduzem investimento em cadeias globais,,nenhuma,,
ECO-E1-0444-1,E1-0444,1,E1,19.1 - Obj.,73,⛵ Vantagens absolutas e comparativas,C/E,Clipping,Simuladão Clipping,2025,False,False,ERRADO,guerra comercial não é realocação eficiente,,nenhuma,,
ECO-E1-0445-1,E1-0445,1,E1,19.1 - Obj.,36,🛠️ Instrumentos de política monetária,C/E,Clipping,Simuladão Clipping,2025,False,False,ERRADO,controle da base monetária: vários instrumentos,,nenhuma,,
ECO-E1-0446-1,E1-0446,1,E1,19.1 - Obj.,25,💵 Teoria quantitativa da moeda,C/E,Clipping,Simuladão Clipping,2025,False,False,CERTO,"TQM clássica: V constante, M eleva P proporcionalmente",,nenhuma,,
ECO-E1-0447-1,E1-0447,1,E1,19.1 - Obj.,36,🛠️ Instrumentos de política monetária,C/E,Clipping,Simuladão Clipping,2025,False,False,CERTO,canal do crédito e liquidez dos bancos,,nenhuma,,
ECO-E1-0448-1,E1-0448,1,E1,19.1 - Obj.,70,🔒 Câmbio fixo,C/E,Clipping,Simuladão Clipping,2025,False,False,ERRADO,câmbio fixo e mobilidade perfeita: fiscal eficaz,,nenhuma,,
ECO-E1-0449-1,E1-0449,1,E1,19.1 - Obj.,70,🌊 Câmbio flutuante,C/E,Clipping,Simuladão Clipping,2025,False,False,CERTO,câmbio flutuante: monetária mais eficaz que fiscal,,nenhuma,,
ECO-E1-0450-1,E1-0450,1,E1,19.1 - Obj.,70,📍 Curva BP e mobilidade de capital,C/E,Clipping,Simuladão Clipping,2025,False,False,CERTO,BP horizontal com perfeita mobilidade de capitais,,nenhuma,,
ECO-E1-0451-1,E1-0451,1,E1,19.1 - Obj.,56,⚙️ Estado estacionário,C/E,Clipping,Simuladão Clipping,2025,False,False,ERRADO,Solow: poupança afeta crescimento só na transição,,nenhuma,,
ECO-E1-0452-1,E1-0452,1,E1,19.1 - Obj.,57,💡 Teorias do crescimento,C/E,Clipping,Simuladão Clipping,2025,False,False,CERTO,Schumpeter: destruição criadora,,nenhuma,,
ECO-E1-0453-1,E1-0453,1,E1,19.1 - Obj.,57,💡 Teorias do crescimento,C/E,Clipping,Simuladão Clipping,2025,False,False,ERRADO,capital humano relevante (crescimento endógeno),,nenhuma,,
ECO-E1-0454-1,E1-0454,1,E1,19.1 - Obj.,65,💥 Crises e pós-Bretton Woods,C/E,Clipping,Simuladão Clipping,2025,False,False,CERTO,crise da dívida dos anos 1980: juros e termos de troca,,nenhuma,,
ECO-E1-0455-1,E1-0455,1,E1,19.1 - Obj.,TRIAGEM,HECON,C/E,Clipping,Simuladão Clipping,2025,False,False,ERRADO,"Plano Cruzado: congelamento, não liberalização",,nenhuma,história econômica do Brasil,
ECO-E1-0456-1,E1-0456,1,E1,19.1 - Obj.,37,🔥 Tipos e teorias da inflação,C/E,Clipping,Simuladão Clipping,2025,False,False,CERTO,planos de congelamento e inflação de custos/inercial,,nenhuma,,
ECO-E1-0457-1,E1-0457,1,E1,19.1 - Obj.,TRIAGEM,HECON,C/E,Clipping,Simuladão Clipping,2025,False,False,CERTO,"anos 1980: inflação, descontrole fiscal e investimento",,nenhuma,história econômica do Brasil,
ECO-E1-0458-1,E1-0458,1,E1,25.1 - Obj.,29,🔮 Expectativas e NAIRU,C/E,Daniel – Economia CACD (Telegram),,,False,False,CERTO,expectativas racionais anulam efetividade de políticas,,nenhuma,,
ECO-E1-0459-1,E1-0459,1,E1,25.1 - Obj.,26,📈 Demanda efetiva e cruz keynesiana,C/E,Daniel – Economia CACD (Telegram),,,False,False,CERTO,Keynes: demanda efetiva contra a Lei de Say,,nenhuma,,
ECO-E1-0460-1,E1-0460,1,E1,25.1 - Obj.,25,⚙️ Modelo clássico,C/E,Prof. Rodrigo Teixeira,Macro – Aula 5,,False,False,ERRADO,clássicos: produto determinado pela oferta,,nenhuma,,
ECO-E1-0461-1,E1-0461,1,E1,25.1 - Obj.,25,⚙️ Modelo clássico,C/E,Prof. Rodrigo Teixeira,Macro – Aula 5,,False,False,CERTO,clássicos: sem desemprego involuntário,,nenhuma,,
ECO-E1-0462-1,E1-0462,1,E1,25.1 - Obj.,25,💵 Teoria quantitativa da moeda,C/E,Prof. Rodrigo Teixeira,Macro – Aula 5,,False,False,CERTO,TQM e dicotomia clássica,,nenhuma,,
ECO-E1-0463-1,E1-0463,1,E1,25.1 - Obj.,25,⚙️ Modelo clássico,C/E,Prof. Rodrigo Teixeira,Macro – Aula 5,,False,False,ERRADO,incerteza sobre o futuro é argumento keynesiano,,nenhuma,,
ECO-E1-0464-1,E1-0464,1,E1,26.1 - Obj.,65,🏦 Bretton Woods,C/E,Banca não identificada,,2017,False,False,ERRADO,Keynes em Bretton Woods não propôs câmbio flutuante,,nenhuma,,"⌚/2017: provável CACD, fonte não diz"
ECO-E1-0465-1,E1-0465,1,E1,26.1 - Obj.,26,📈 Demanda efetiva e cruz keynesiana,C/E,Banca não identificada,,2017,False,False,CERTO,"Keynes: emprego pela demanda efetiva, desemprego involuntário",,nenhuma,,"⌚/2017: provável CACD, fonte não diz"
ECO-E1-0466-1,E1-0466,1,E1,26.1 - Obj.,26,📈 Demanda efetiva e cruz keynesiana,C/E,Banca não identificada,,2017,False,False,ERRADO,salários nominais constantes não alteram raciocínio de Keynes,,nenhuma,,"C/E (2017): provável CACD, fonte não diz"
ECO-E1-0467-1,E1-0467,1,E1,26.1 - Obj.,26,📈 Demanda efetiva e cruz keynesiana,C/E,Banca não identificada,,2017,False,False,CERTO,política keynesiana anticíclica de gastos,,nenhuma,,"⌚/2017: provável CACD, fonte não diz"
ECO-E1-0468-1,E1-0468,1,E1,26.1 - Obj.,47,🔮 Equivalência ricardiana,C/E,Daniel – Economia CACD (Telegram),,,False,False,ERRADO,equivalência ricardiana não é keynesiana,,nenhuma,,
ECO-E1-0469-1,E1-0469,1,E1,27.1 - Obj.,27,🏦 Política fiscal e monetária,C/E,Nidi/Jacqueline Bueno,Simulado Nidi,2023,False,False,ERRADO,"alta de impostos: IS à esquerda, juros e renda caem",,nenhuma,,
ECO-E1-0470-1,E1-0470,1,E1,27.1 - Obj.,27,📈 Curva LM,C/E,Banca não identificada,,,False,False,CERTO,LM: equilíbrio entre demanda e oferta de moeda,,nenhuma,,
ECO-E1-0471-1,E1-0471,1,E1,27.1 - Obj.,27,🏦 Política fiscal e monetária,C/E,Banca não identificada,,,False,False,CERTO,política monetária fraca com investimento pouco sensível aos juros,,nenhuma,,
ECO-E1-0472-1,E1-0472,1,E1,27.1 - Obj.,27,🏦 Política fiscal e monetária,C/E,Banca não identificada,,,False,False,ERRADO,eficácia monetária depende da inclinação das curvas,,nenhuma,,
ECO-E1-0473-1,E1-0473,1,E1,27.1 - Obj.,27,🕳️ Casos extremos,C/E,Banca não identificada,,,False,False,ERRADO,IS vertical: política monetária ineficaz,,nenhuma,,
ECO-E1-0474-1,E1-0474,1,E1,27.1 - Obj.,27,🕳️ Casos extremos,C/E,Banca não identificada,,,False,False,ERRADO,LM horizontal: crowding out nulo,,nenhuma,,
ECO-E1-0475-1,E1-0475,1,E1,27.1 - Obj.,27,🕳️ Casos extremos,C/E,Banca não identificada,,,False,False,CERTO,armadilha da liquidez: fiscal com eficácia máxima,,nenhuma,,
ECO-E1-0476-1,E1-0476,1,E1,27.1 - Obj.,27,📉 Curva IS,C/E,Banca não identificada,,,False,False,CERTO,investimento pouco sensível ao juro: IS mais vertical,,nenhuma,,
ECO-E1-0477-1,E1-0477,1,E1,27.1 - Obj.,27,🏦 Política fiscal e monetária,C/E,Banca não identificada,,,False,False,ERRADO,baixa sensibilidade-juros do investimento: monetária pouco eficaz,,nenhuma,,
ECO-E1-0478-1,E1-0478,1,E1,27.1 - Obj.,27,📈 Curva LM,C/E,Banca não identificada,,,False,False,ERRADO,"I = S é a curva IS, não a LM",,nenhuma,,
ECO-E1-0479-1,E1-0479,1,E1,27.1 - Obj.,27,📈 Curva LM,C/E,Banca não identificada,,,False,False,CERTO,redução da oferta de moeda desloca LM à esquerda,,nenhuma,,
ECO-E1-0480-1,E1-0480,1,E1,27.1 - Obj.,27,🕳️ Casos extremos,C/E,Banca não identificada,,,False,False,CERTO,armadilha da liquidez: preferir política fiscal,,nenhuma,,
ECO-E1-0481-1,E1-0481,1,E1,27.1 - Obj.,27,📈 Curva LM,C/E,Banca não identificada,,,False,False,ERRADO,aumento da oferta monetária desloca LM à direita,,nenhuma,,
ECO-E1-0482-1,E1-0482,1,E1,27.1 - Obj.,27,📉 Curva IS,C/E,Banca não identificada,,,False,False,CERTO,IS à esquerda: menor produto para cada juro,,nenhuma,,
ECO-E1-0483-1,E1-0483,1,E1,27.1 - Obj.,27,🕳️ Casos extremos,C/E,Banca não identificada,,,False,False,ERRADO,LM vertical: política fiscal ineficaz,,nenhuma,,
ECO-E1-0484-1,E1-0484,1,E1,27.1 - Obj.,27,🕳️ Casos extremos,C/E,Banca não identificada,,,False,False,CERTO,investimento inelástico ao juro: fiscal eficaz,,nenhuma,,
ECO-E1-0485-1,E1-0485,1,E1,27.1 - Obj.,27,🏦 Política fiscal e monetária,C/E,Banca não identificada,,,False,False,ERRADO,expandir renda não se faz reduzindo gastos,,nenhuma,,
ECO-E1-0486-1,E1-0486,1,E1,29.1 - Obj.,29,🔮 Expectativas e NAIRU,C/E,Banca não identificada,,2017,False,True,CERTO,neutralidade da moeda e Phillips vertical,,nenhuma,,"⌚/2017: provável CACD, fonte não diz"
ECO-E1-0487-1,E1-0487,1,E1,29.1 - Obj.,56,⚙️ Estado estacionário,C/E,Banca não identificada,,2017,False,True,ERRADO,Solow: poupança não eleva crescimento permanentemente,,nenhuma,,"⌚/2017: provável CACD, fonte não diz"
ECO-E1-0488-1,E1-0488,1,E1,29.1 - Obj.,56,"👥 População, tecnologia e convergência",C/E,Banca não identificada,,2017,False,True,ERRADO,Solow prevê convergência; retornos decrescentes,,nenhuma,,"⌚/2017: provável CACD, fonte não diz"
ECO-E1-0489-1,E1-0489,1,E1,29.1 - Obj.,83,🌋 Conjuntura brasileira,C/E,Banca não identificada,,2017,False,False,CERTO,desindustrialização e doença holandesa no Brasil,,nenhuma,,"⌚/2017: provável CACD, fonte não diz"
ECO-E1-0490-1,E1-0490,1,E1,29.1 - Obj.,59,👷 Desemprego e mercado de trabalho,C/E,Banca não identificada,,2016,False,False,CERTO,desalento reduz desocupados na recessão,,nenhuma,,"⌚/2016: provável CACD, fonte não diz"
ECO-E1-0491-1,E1-0491,1,E1,29.1 - Obj.,29,📉 Phillips original e aceleracionista,C/E,Banca não identificada,,2016,False,True,ERRADO,Phillips: relação inversa desemprego × salários,,nenhuma,,"⌚/2016: provável CACD, fonte não diz"
ECO-E1-0492-1,E1-0492,1,E1,29.1 - Obj.,59,👷 Desemprego e mercado de trabalho,C/E,Banca não identificada,,2016,False,True,ERRADO,causas do desemprego natural,,nenhuma,,"C/E (2016): provável CACD, fonte não diz"
ECO-E1-0493-1,E1-0493,1,E1,29.1 - Obj.,59,👷 Desemprego e mercado de trabalho,C/E,Banca não identificada,,2016,False,True,CERTO,PNAD Contínua mais abrangente que a PME,,nenhuma,,"⌚/2016: provável CACD, fonte não diz"
ECO-E1-0494-1,E1-0494,1,E1,29.1 - Obj.,59,👷 Desemprego e mercado de trabalho,C/E,Banca não identificada,,2020,False,False,CERTO,pedido de demissão para estudar: desemprego natural,,nenhuma,,"⌚/2020: provável CACD, fonte não diz"
ECO-E1-0495-1,E1-0495,1,E1,29.1 - Obj.,59,👷 Desemprego e mercado de trabalho,C/E,Banca não identificada,,2020,False,False,CERTO,diplomata é ocupado mesmo sem carteira,,nenhuma,,"⌚/2020: provável CACD, fonte não diz"
ECO-E1-0496-1,E1-0496,1,E1,29.1 - Obj.,59,👷 Desemprego e mercado de trabalho,C/E,Banca não identificada,,2020,False,False,ERRADO,salário mínimo acima do equilíbrio gera desemprego involuntário,,nenhuma,,"⌚/2020: provável CACD, fonte não diz"
ECO-E1-0497-1,E1-0497,1,E1,29.1 - Obj.,59,📏 Lei de Okun,C/E,Banca não identificada,,2020,False,False,ERRADO,Okun: PIB = potencial não implica desemprego zero,,nenhuma,,"⌚/2020: provável CACD, fonte não diz"
ECO-E1-0498-1,E1-0498,1,E1,29.1 - Obj.,29,🔮 Expectativas e NAIRU,C/E,Banca não identificada,,2022,False,False,ERRADO,novos clássicos × monetaristas: expectativas diferentes,,nenhuma,,"❗C/E (2022): provável CACD, fonte não diz"
ECO-E1-0499-1,E1-0499,1,E1,29.1 - Obj.,29,🔮 Expectativas e NAIRU,C/E,Banca não identificada,,2022,False,False,CERTO,Lucas: desemprego natural quando inflação = esperada,,nenhuma,,"❗C/E (2022): provável CACD, fonte não diz"
ECO-E1-0500-1,E1-0500,1,E1,29.1 - Obj.,29,🔮 Expectativas e NAIRU,C/E,Banca não identificada,,2022,False,True,ERRADO,expectativas racionais admitem erros não sistemáticos,,nenhuma,,"C/E (2022): provável CACD, fonte não diz"
ECO-E1-0501-1,E1-0501,1,E1,29.1 - Obj.,36,🏛️ Funções do Banco Central,C/E,Banca não identificada,,2022,False,False,ERRADO,BCB não decide meta de inflação (CMN),,nenhuma,,"❗C/E (2022): provável CACD, fonte não diz"
ECO-E1-0502-1,E1-0502,1,E1,29.1 - Obj.,59,👷 Desemprego e mercado de trabalho,C/E,Clio,Clio 04/2022,2022,False,False,ERRADO,queda de desocupados não garante queda da taxa,,nenhuma,,
ECO-E1-0503-1,E1-0503,1,E1,29.1 - Obj.,16,🧭 Agregados e conceitos básicos,C/E,Clio,Clio 04/2022,2022,False,False,CERTO,hiato do produto: PIB distante do potencial,,nenhuma,,
ECO-E1-0504-1,E1-0504,1,E1,29.1 - Obj.,59,👷 Desemprego e mercado de trabalho,C/E,Clio,Clio 04/2022,2022,False,True,ERRADO,maior PMgL eleva a demanda por trabalho,,nenhuma,,
ECO-E1-0505-1,E1-0505,1,E1,29.1 - Obj.,59,👷 Desemprego e mercado de trabalho,C/E,Clio,Clio 04/2022,2022,False,True,CERTO,salário mínimo abaixo do equilíbrio não afeta desemprego,,nenhuma,,
ECO-E1-0506-1,E1-0506,1,E1,29.1 - Obj.,29,📉 Phillips original e aceleracionista,C/E,Banca não identificada,,,False,False,CERTO,Phillips e custo de desemprego para controlar inflação,,nenhuma,,
ECO-E1-0507-1,E1-0507,1,E1,29.1 - Obj.,29,🔮 Expectativas e NAIRU,C/E,Banca não identificada,,,False,False,CERTO,Lucas: surpresa afeta produto só temporariamente,,nenhuma,,
ECO-E1-0508-1,E1-0508,1,E1,29.1 - Obj.,29,📉 Phillips original e aceleracionista,C/E,Banca não identificada,,,False,False,CERTO,Phillips: menu de escolha inflação × desemprego,,nenhuma,,
ECO-E1-0509-1,E1-0509,1,E1,29.1 - Obj.,29,📉 Phillips original e aceleracionista,C/E,Banca não identificada,,,False,False,CERTO,Phillips: relação inversa desemprego × inflação,,nenhuma,,
ECO-E1-0510-1,E1-0510,1,E1,35.1 - Obj.,35,🪙 Funções e agregados monetários,C/E,Daniel – Economia CACD (Telegram),,,False,False,ERRADO,composição do agregado M3,,nenhuma,,
ECO-E1-0511-1,E1-0511,1,E1,35.1 - Obj.,35,🪙 Funções e agregados monetários,C/E,Daniel – Economia CACD (Telegram),,,False,False,ERRADO,"moeda única circula como divisa, não só referência",,nenhuma,,
ECO-E1-0512-1,E1-0512,1,E1,35.1 - Obj.,36,🏛️ Funções do Banco Central,C/E,Banca não identificada,,,False,False,CERTO,BC banco do governo e depositário das reservas,,ausente_deduzivel,,frente só imagem; verso indica o tema
ECO-E1-0513-1,E1-0513,1,E1,35.1 - Obj.,41,🏛️ Regulação e Basileia,C/E,Banca não identificada,,2018,False,False,ERRADO,supervisão de instituições financeiras cabe ao BCB,,nenhuma,,"C/E (2018): provável CACD, fonte não diz"
ECO-E1-0514-1,E1-0514,1,E1,35.1 - Obj.,36,🏛️ Funções do Banco Central,C/E,Banca não identificada,,2018,False,False,CERTO,BC guardião da moeda: estabilidade do poder de compra,,nenhuma,,"C/E (2018): provável CACD, fonte não diz"
ECO-E1-0515-1,E1-0515,1,E1,35.1 - Obj.,36,🛠️ Instrumentos de política monetária,C/E,Banca não identificada,,2018,False,False,ERRADO,instrumentos clássicos incluem mercado aberto,,nenhuma,,"C/E (2018): provável CACD, fonte não diz"
ECO-E1-0516-1,E1-0516,1,E1,35.1 - Obj.,35,🏦 Criação de moeda e multiplicador,C/E,Banca não identificada,,2013,False,False,ERRADO,multiplicador inverso a reservas e retenção do público,,nenhuma,,"C/E (2013): provável CACD, fonte não diz"
ECO-E1-0517-1,E1-0517,1,E1,35.1 - Obj.,35,🪙 Funções e agregados monetários,C/E,Banca não identificada,,2013,False,False,ERRADO,"M1 = PMPP + depósitos à vista, sem poupança",,nenhuma,,"C/E (2013): provável CACD, fonte não diz"
ECO-E1-0518-1,E1-0518,1,E1,35.1 - Obj.,35,📊 Demanda por moeda,C/E,Banca não identificada,,2013,False,False,ERRADO,inflação eleva razão papel-moeda/moeda bancária,,nenhuma,,"C/E (2013): provável CACD, fonte não diz"
ECO-E1-0519-1,E1-0519,1,E1,35.1 - Obj.,35,🏦 Criação de moeda e multiplicador,C/E,Banca não identificada,,2013,False,False,CERTO,resgate de empréstimo bancário destrói moeda,,nenhuma,,"C/E (2013): provável CACD, fonte não diz"
ECO-E1-0520-1,E1-0520,1,E1,35.1 - Obj.,36,🏛️ Funções do Banco Central,C/E,Banca não identificada,,2013,False,False,ERRADO,"emissão de papel-moeda cabe ao BC, não ao Tesouro",,nenhuma,,"C/E (2013): provável CACD, fonte não diz"
ECO-E1-0521-1,E1-0521,1,E1,36.1 - Obj.,TRIAGEM,HECON,C/E,Clipping,Simulado Clipping,2024,False,True,ERRADO,petrodólares e Milagre Econômico (1968-73),,nenhuma,história econômica do Brasil,
ECO-E1-0522-1,E1-0522,1,E1,36.1 - Obj.,59,📏 Lei de Okun,C/E,Clipping,Simulado Clipping,2024,False,True,ERRADO,Okun: PIB maior reduz desemprego,,nenhuma,,
ECO-E1-0523-1,E1-0523,1,E1,36.1 - Obj.,56,⚙️ Estado estacionário,C/E,Clipping,Simulado Clipping,2024,False,True,CERTO,steady state: poupança per capita = alargamento do capital,,nenhuma,,
ECO-E1-0524-1,E1-0524,1,E1,36.1 - Obj.,36,🛠️ Instrumentos de política monetária,C/E,Banca não identificada,,,False,False,CERTO,resgate de títulos é política monetária expansionista,,nenhuma,,
ECO-E1-0525-1,E1-0525,1,E1,36.1 - Obj.,36,🛠️ Instrumentos de política monetária,C/E,Banca não identificada,,,False,False,CERTO,alta do redesconto é contracionista,,nenhuma,,
ECO-E1-0526-1,E1-0526,1,E1,36.1 - Obj.,36,🛠️ Instrumentos de política monetária,C/E,Banca não identificada,,,False,False,CERTO,aumento do compulsório contrai o crédito,,nenhuma,,
ECO-E1-0527-1,E1-0527,1,E1,36.1 - Obj.,36,🛠️ Instrumentos de política monetária,C/E,Banca não identificada,,,False,False,ERRADO,"ampliar redesconto é expansionista, não anti-inflacionário",,nenhuma,,
ECO-E1-0528-1,E1-0528,1,E1,36.1 - Obj.,36,🛠️ Instrumentos de política monetária,C/E,Banca não identificada,,,False,False,ERRADO,redesconto ampliado não visa contrair produto,,nenhuma,,
ECO-E1-0529-1,E1-0529,1,E1,36.1 - Obj.,36,🛠️ Instrumentos de política monetária,C/E,Banca não identificada,,,False,False,CERTO,redesconto ampliado estimula crédito,,nenhuma,,
ECO-E1-0530-1,E1-0530,1,E1,36.1 - Obj.,36,🛠️ Instrumentos de política monetária,C/E,Banca não identificada,,,False,False,ERRADO,comprar carteiras de crédito é expansionista,,nenhuma,,
ECO-E1-0531-1,E1-0531,1,E1,36.1 - Obj.,36,🛠️ Instrumentos de política monetária,C/E,Banca não identificada,,,False,False,CERTO,elevar compulsório reduz pressões inflacionárias,,nenhuma,,
ECO-E1-0532-1,E1-0532,1,E1,36.1 - Obj.,36,🛠️ Instrumentos de política monetária,C/E,Banca não identificada,,,False,False,CERTO,redesconto expandido abre espaço para crédito,,nenhuma,,
ECO-E1-0533-1,E1-0533,1,E1,36.1 - Obj.,36,🛠️ Instrumentos de política monetária,C/E,Banca não identificada,,,False,False,CERTO,reduzir compulsório aumenta oferta de moeda,,nenhuma,,
ECO-E1-0534-1,E1-0534,1,E1,40.1 - Obj.,04,⚖️ Escolha ótima do consumidor,C/E,Clipping,Simuladão Clipping,2025,False,False,ERRADO,ótimo do consumidor: TMS = preço relativo,E1-0432,nenhuma,,
ECO-E1-0535-1,E1-0535,1,E1,40.1 - Obj.,04,💵 Restrição orçamentária,C/E,Clipping,Simuladão Clipping,2025,False,False,ERRADO,restrição orçamentária muda com renda e preços,E1-0433,nenhuma,,
ECO-E1-0536-1,E1-0536,1,E1,40.1 - Obj.,04,🧠 Preferências e axiomas,C/E,Clipping,Simuladão Clipping,2025,False,False,CERTO,axioma da transitividade,E1-0434,nenhuma,,
ECO-E1-0537-1,E1-0537,1,E1,40.1 - Obj.,08,👑 Equilíbrio do monopólio,C/E,Clipping,Simuladão Clipping,2025,False,False,ERRADO,monopólio: RMg abaixo do preço,E1-0435,nenhuma,,
ECO-E1-0538-1,E1-0538,1,E1,40.1 - Obj.,03,💸 Tributos: incidência e peso morto,C/E,Clipping,Simuladão Clipping,2025,False,False,ERRADO,incidência de imposto depende das elasticidades,E1-0436,nenhuma,,
ECO-E1-0539-1,E1-0539,1,E1,40.1 - Obj.,08,👑 Equilíbrio do monopólio,C/E,Clipping,Simuladão Clipping,2025,False,False,CERTO,monopólio gera peso morto,E1-0437,nenhuma,,
ECO-E1-0540-1,E1-0540,1,E1,40.1 - Obj.,48,📏 Conceitos de déficit e dívida,C/E,Clipping,Simuladão Clipping,2025,False,False,ERRADO,déficit nominal inclui juros,E1-0438,nenhuma,,
ECO-E1-0541-1,E1-0541,1,E1,40.1 - Obj.,47,🔮 Equivalência ricardiana,C/E,Clipping,Simuladão Julho/2025,2025,False,False,ERRADO,"equivalência ricardiana: agentes poupam, não gastam",E1-0439,nenhuma,,
ECO-E1-0542-1,E1-0542,1,E1,40.1 - Obj.,48,📏 Conceitos de déficit e dívida,C/E,Clipping,Simuladão Julho/2025,2025,False,False,CERTO,resultado orçamentário estrutural ajustado ao ciclo,E1-0440,nenhuma,,
ECO-E1-0543-1,E1-0543,1,E1,40.1 - Obj.,48,🧮 Financiamento e sustentabilidade,C/E,Clipping,Simuladão Julho/2025,2025,False,False,ERRADO,superávit primário não garante queda da dívida (r vs g),E1-0441,nenhuma,,
ECO-E1-0544-1,E1-0544,1,E1,40.1 - Obj.,79,🧾 Tarifas,C/E,Clipping,Simuladão Julho/2025,2025,False,False,CERTO,tarifas têm efeito regressivo sobre consumo,E1-0442,nenhuma,,
ECO-E1-0545-1,E1-0545,1,E1,40.1 - Obj.,78,🌐 Globalização e vulnerabilidade,C/E,Clipping,Simuladão Julho/2025,2025,False,False,CERTO,guerras comerciais reduzem investimento em cadeias globais,E1-0443,nenhuma,,
ECO-E1-0546-1,E1-0546,1,E1,40.1 - Obj.,73,⛵ Vantagens absolutas e comparativas,C/E,Clipping,Simuladão Julho/2025,2025,False,False,ERRADO,guerra comercial não é realocação eficiente (vantagens comparativas),E1-0444,nenhuma,,
ECO-E1-0547-1,E1-0547,1,E1,40.1 - Obj.,36,🛠️ Instrumentos de política monetária,C/E,Clipping,Simuladão Julho/2025,2025,False,False,ERRADO,"controle da base monetária: vários instrumentos, não só juros",E1-0445,nenhuma,,
ECO-E1-0548-1,E1-0548,1,E1,40.1 - Obj.,25,💵 Teoria quantitativa da moeda,C/E,Clipping,Simuladão Julho/2025,2025,False,False,CERTO,"TQM clássica: V constante, M proporcional a P",E1-0446,nenhuma,,
ECO-E1-0549-1,E1-0549,1,E1,40.1 - Obj.,36,🛠️ Instrumentos de política monetária,C/E,Clipping,Simuladão Julho/2025,2025,False,False,CERTO,canal do crédito e liquidez dos bancos,E1-0447,nenhuma,,
ECO-E1-0550-1,E1-0550,1,E1,40.1 - Obj.,70,🔒 Câmbio fixo,C/E,Clipping,Simuladão Julho/2025,2025,False,False,ERRADO,câmbio fixo e mobilidade perfeita: política fiscal eficaz,E1-0448,nenhuma,,
ECO-E1-0551-1,E1-0551,1,E1,40.1 - Obj.,70,🌊 Câmbio flutuante,C/E,Clipping,Simuladão Julho/2025,2025,False,False,CERTO,câmbio flutuante: política monetária mais eficaz,E1-0449,nenhuma,,
ECO-E1-0552-1,E1-0552,1,E1,40.1 - Obj.,70,📍 Curva BP e mobilidade de capital,C/E,Clipping,Simuladão Julho/2025,2025,False,False,CERTO,BP horizontal com mobilidade perfeita de capitais,E1-0450,nenhuma,,
ECO-E1-0553-1,E1-0553,1,E1,40.1 - Obj.,56,⚙️ Estado estacionário,C/E,Clipping,Simuladão Julho/2025,2025,False,False,ERRADO,Solow: poupança afeta crescimento só na transição,E1-0451,nenhuma,,
ECO-E1-0554-1,E1-0554,1,E1,40.1 - Obj.,57,💡 Teorias do crescimento,C/E,Clipping,Simuladão Julho/2025,2025,False,False,CERTO,Schumpeter: destruição criadora,E1-0452,nenhuma,,
ECO-E1-0555-1,E1-0555,1,E1,40.1 - Obj.,57,💡 Teorias do crescimento,C/E,Clipping,Simuladão Julho/2025,2025,False,False,ERRADO,capital humano central no crescimento endógeno,E1-0453,nenhuma,,
ECO-E1-0556-1,E1-0556,1,E1,40.1 - Obj.,TRIAGEM,HECON,C/E,Clipping,Simuladão Julho/2025,2025,False,False,CERTO,crise da dívida dos anos 1980: juros e termos de troca,E1-0454,nenhuma,história econômica (crise da dívida anos 1980),
ECO-E1-0557-1,E1-0557,1,E1,40.1 - Obj.,TRIAGEM,HECON,C/E,Clipping,Simuladão Julho/2025,2025,False,False,ERRADO,"Plano Cruzado: congelamento, não liberalização",E1-0455,nenhuma,história econômica (Plano Cruzado),
ECO-E1-0558-1,E1-0558,1,E1,40.1 - Obj.,TRIAGEM,HECON,C/E,Clipping,Simuladão Julho/2025,2025,False,False,CERTO,planos dos anos 1980 e congelamentos,E1-0456,nenhuma,história econômica (planos heterodoxos),
ECO-E1-0559-1,E1-0559,1,E1,40.1 - Obj.,TRIAGEM,HECON,C/E,Clipping,Simuladão Julho/2025,2025,False,False,CERTO,inflação e descontrole fiscal nos anos 1980,E1-0457,nenhuma,história econômica (anos 1980),
ECO-E1-0560-1,E1-0560,1,E1,40.1 - Obj.,38,🎯 Metas de inflação e regras,C/E,Banca não identificada,,,False,False,ERRADO,metas de inflação: medidas sobre expectativas são efetivas,,nenhuma,,
ECO-E1-0561-1,E1-0561,1,E1,40.1 - Obj.,38,🎯 Metas de inflação e regras,C/E,Banca não identificada,,,False,False,ERRADO,compromisso do BC ancora expectativas,,nenhuma,,
ECO-E1-0562-1,E1-0562,1,E1,40.1 - Obj.,38,🎯 Metas de inflação e regras,C/E,Banca não identificada,,,False,False,ERRADO,horizonte de planejamento e credibilidade,,nenhuma,,
ECO-E1-0563-1,E1-0563,1,E1,42.1 - Obj.,42,💳 Pagamentos e economia digital,C/E,Banca não identificada,,2023,False,False,ERRADO,bancos digitais sujeitos à regulação do BCB,,nenhuma,,
ECO-E1-0564-1,E1-0564,1,E1,42.1 - Obj.,42,💳 Pagamentos e economia digital,C/E,Banca não identificada,,2023,False,False,ERRADO,banco digital não precisa ser banco comercial,,nenhuma,,
ECO-E1-0565-1,E1-0565,1,E1,42.1 - Obj.,42,💳 Pagamentos e economia digital,C/E,Banca não identificada,,2023,False,False,CERTO,banco digital como decisão operacional e mercadológica,,nenhuma,,
ECO-E1-0566-1,E1-0566,1,E1,42.1 - Obj.,42,💳 Pagamentos e economia digital,C/E,Banca não identificada,,2023,False,False,ERRADO,bancos digitais aumentam concorrência bancária,,nenhuma,,
ECO-E1-0567-1,E1-0567,1,E1,47.1 - Obj.,47,🏛️ Funções do Estado,C/E,Banca não identificada,,2022,False,False,CERTO,função estabilizadora da política fiscal,,nenhuma,,
ECO-E1-0568-1,E1-0568,1,E1,47.1 - Obj.,47,🏛️ Funções do Estado,C/E,Banca não identificada,,2022,False,True,?,processo político substitui mercado na alocação de bens públicos,,nenhuma,,
ECO-E1-0569-1,E1-0569,1,E1,47.1 - Obj.,47,🏛️ Funções do Estado,C/E,Banca não identificada,,2022,False,False,ERRADO,política fiscal altera distribuição da renda (função distributiva),,nenhuma,,
ECO-E1-0570-1,E1-0570,1,E1,47.1 - Obj.,47,🏛️ Funções do Estado,C/E,Banca não identificada,,2022,False,False,CERTO,tributos como instrumento da função distributiva,,nenhuma,,
ECO-E1-0571-1,E1-0571,1,E1,47.1 - Obj.,47,💸 Tributação: princípios e incidência,C/E,Banca não identificada,,,False,False,CERTO,princípio do benefício: tributo = benefício marginal,,nenhuma,,
ECO-E1-0572-1,E1-0572,1,E1,47.1 - Obj.,47,💸 Tributação: princípios e incidência,C/E,Banca não identificada,,,False,False,ERRADO,neutralidade tributária: não afetar decisões alocativas,,nenhuma,,
ECO-E1-0573-1,E1-0573,1,E1,47.1 - Obj.,47,💸 Tributação: princípios e incidência,C/E,Banca não identificada,,,False,False,ERRADO,IR regressivo contraria capacidade de pagamento,,nenhuma,,
ECO-E1-0574-1,E1-0574,1,E1,47.1 - Obj.,47,💸 Tributação: princípios e incidência,C/E,Banca não identificada,,,False,False,CERTO,princípio da equidade na tributação,,nenhuma,,
ECO-E1-0575-1,E1-0575,1,E1,47.1 - Obj.,47,💸 Tributação: princípios e incidência,C/E,Banca não identificada,,,False,False,ERRADO,conceito de imposto regressivo,,nenhuma,,
ECO-E1-0576-1,E1-0576,1,E1,47.1 - Obj.,47,💸 Tributação: princípios e incidência,C/E,Banca não identificada,,,False,False,CERTO,produtividade tributária e elasticidade-renda da receita,,nenhuma,,
ECO-E1-0577-1,E1-0577,1,E1,47.1 - Obj.,47,💸 Tributação: princípios e incidência,C/E,Banca não identificada,,,False,False,CERTO,impostos indiretos são regressivos no Brasil,,nenhuma,,
ECO-E1-0578-1,E1-0578,1,E1,47.1 - Obj.,47,💸 Tributação: princípios e incidência,C/E,Banca não identificada,,,False,False,ERRADO,impostos diretos não são obrigatoriamente progressivos,,nenhuma,,
ECO-E1-0579-1,E1-0579,1,E1,47.1 - Obj.,47,💸 Tributação: princípios e incidência,C/E,Banca não identificada,,,False,False,ERRADO,carga tributária = arrecadação/PIB,,nenhuma,,
ECO-E1-0580-1,E1-0580,1,E1,47.1 - Obj.,47,💸 Tributação: princípios e incidência,C/E,Banca não identificada,,,False,False,ERRADO,tributação de lucros pode ser repassada a preços,,nenhuma,,
ECO-E1-0581-1,E1-0581,1,E1,47.1 - Obj.,47,💸 Tributação: princípios e incidência,C/E,Banca não identificada,,,False,False,CERTO,benefício→alocativa; capacidade de pagamento→distributiva,,nenhuma,,
ECO-E1-0582-1,E1-0582,1,E1,47.1 - Obj.,47,💸 Tributação: princípios e incidência,C/E,Banca não identificada,,,False,False,ERRADO,"tributação ótima minimiza distorções, não preferências",,nenhuma,,
ECO-E1-0583-1,E1-0583,1,E1,47.1 - Obj.,47,💸 Tributação: princípios e incidência,C/E,Banca não identificada,,,False,False,CERTO,princípio do benefício difícil em bens públicos,,nenhuma,,
ECO-E1-0584-1,E1-0584,1,E1,47.1 - Obj.,47,💸 Tributação: princípios e incidência,C/E,Banca não identificada,,,False,False,ERRADO,progressividade promove equidade,,nenhuma,,
ECO-E1-0585-1,E1-0585,1,E1,47.1 - Obj.,47,💸 Tributação: princípios e incidência,C/E,Banca não identificada,,,False,False,ERRADO,"imposto sobre bebidas é extrafiscal, não neutro",,nenhuma,,
ECO-E1-0586-1,E1-0586,1,E1,47.1 - Obj.,47,💸 Tributação: princípios e incidência,C/E,Banca não identificada,,,False,False,ERRADO,incentivo fiscal viola neutralidade,,nenhuma,,
ECO-E1-0587-1,E1-0587,1,E1,47.1 - Obj.,47,💸 Tributação: princípios e incidência,C/E,Banca não identificada,,,False,False,CERTO,progressividade e transferências para redistribuição,,nenhuma,,
ECO-E1-0588-1,E1-0588,1,E1,47.1 - Obj.,47,💸 Tributação: princípios e incidência,C/E,Banca não identificada,,,False,False,CERTO,princípio da transparência fiscal,,nenhuma,,
ECO-E1-0589-1,E1-0589,1,E1,47.1 - Obj.,47,💸 Tributação: princípios e incidência,C/E,Banca não identificada,,,False,False,ERRADO,imposto progressivo × regressivo (definição),,nenhuma,,
ECO-E1-0590-1,E1-0590,1,E1,47.1 - Obj.,47,💸 Tributação: princípios e incidência,C/E,Banca não identificada,,,False,False,ERRADO,imposto direto × indireto (definição),,nenhuma,,
ECO-E1-0591-1,E1-0591,1,E1,47.1 - Obj.,47,💸 Tributação: princípios e incidência,C/E,Banca não identificada,,,False,False,ERRADO,imposto neutro não altera decisões,,nenhuma,,
ECO-E1-0592-1,E1-0592,1,E1,47.1 - Obj.,47,💸 Tributação: princípios e incidência,C/E,Banca não identificada,,,False,False,CERTO,imposto sobre valor adicionado (não cumulativo),,nenhuma,,
ECO-E1-0593-1,E1-0593,1,E1,47.1 - Obj.,47,💸 Tributação: princípios e incidência,C/E,Banca não identificada,,,False,False,CERTO,trade-off eficiência × equidade na tributação,,nenhuma,,
ECO-E1-0594-1,E1-0594,1,E1,47.1 - Obj.,47,💸 Tributação: princípios e incidência,C/E,Banca não identificada,,,False,False,CERTO,impostos indiretos ampliam desigualdade,,nenhuma,,
ECO-E1-0595-1,E1-0595,1,E1,47.1 - Obj.,47,💸 Tributação: princípios e incidência,C/E,Banca não identificada,,,False,False,CERTO,IR progressivo com faixas melhora distribuição,,nenhuma,,
ECO-E1-0596-1,E1-0596,1,E1,47.1 - Obj.,47,💸 Tributação: princípios e incidência,C/E,Banca não identificada,,,False,False,CERTO,sistema tributário ideal: equidade,,nenhuma,,
ECO-E1-0597-1,E1-0597,1,E1,47.1 - Obj.,47,💸 Tributação: princípios e incidência,C/E,Banca não identificada,,,False,False,ERRADO,progressividade: tributar mais quem ganha mais,,nenhuma,,
ECO-E1-0598-1,E1-0598,1,E1,47.1 - Obj.,47,💸 Tributação: princípios e incidência,C/E,Banca não identificada,,,False,False,ERRADO,não existe princípio de justiça empresarial,,nenhuma,,
ECO-E1-0599-1,E1-0599,1,E1,47.1 - Obj.,47,💸 Tributação: princípios e incidência,C/E,Banca não identificada,,,False,False,CERTO,critério da simplicidade tributária,,nenhuma,,
ECO-E1-0600-1,E1-0600,1,E1,47.1 - Obj.,47,💸 Tributação: princípios e incidência,C/E,Banca não identificada,,,False,False,ERRADO,"Imposto de Importação é extrafiscal, não só arrecadatório",,nenhuma,,
ECO-E1-0601-1,E1-0601,1,E1,47.1 - Obj.,47,💸 Tributação: princípios e incidência,C/E,Banca não identificada,,,False,False,CERTO,extrafiscalidade do Imposto de Importação,,nenhuma,,
ECO-E1-0602-1,E1-0602,1,E1,47.1 - Obj.,47,💸 Tributação: princípios e incidência,C/E,Banca não identificada,,,False,False,CERTO,arrecadação de impostos indiretos no Brasil,,nenhuma,,
ECO-E1-0603-1,E1-0603,1,E1,47.1 - Obj.,47,📊 Política fiscal e multiplicadores,C/E,Banca não identificada,,,False,False,CERTO,política fiscal anticíclica como estabilização,,nenhuma,,
ECO-E1-0604-1,E1-0604,1,E1,47.1 - Obj.,47,📊 Política fiscal e multiplicadores,C/E,Banca não identificada,,,False,False,ERRADO,política fiscal contracionista não envolve juros,,nenhuma,,
ECO-E1-0605-1,E1-0605,1,E1,47.1 - Obj.,47,📊 Política fiscal e multiplicadores,C/E,Banca não identificada,,,False,False,ERRADO,política fiscal contracionista não emite moeda,,nenhuma,,
ECO-E1-0606-1,E1-0606,1,E1,47.1 - Obj.,47,📊 Política fiscal e multiplicadores,C/E,Banca não identificada,,,False,False,CERTO,política fiscal contracionista: aumento de impostos,,nenhuma,,
ECO-E1-0607-1,E1-0607,1,E1,47.1 - Obj.,47,📊 Política fiscal e multiplicadores,C/E,Banca não identificada,,,False,False,ERRADO,política fiscal contracionista reduz gastos privados,,nenhuma,,
ECO-E1-0608-1,E1-0608,1,E1,47.1 - Obj.,47,📊 Política fiscal e multiplicadores,C/E,Banca não identificada,,,False,False,ERRADO,aumento de gasto público é expansionista,,nenhuma,,
ECO-E1-0609-1,E1-0609,1,E1,47.1 - Obj.,47,📊 Política fiscal e multiplicadores,C/E,Banca não identificada,,,False,False,CERTO,aumento do gasto do governo é expansionista,,nenhuma,,
ECO-E1-0610-1,E1-0610,1,E1,47.1 - Obj.,47,📊 Política fiscal e multiplicadores,C/E,Banca não identificada,,,False,False,ERRADO,mudar alíquotas com arrecadação constante não expande,,nenhuma,,
ECO-E1-0611-1,E1-0611,1,E1,47.1 - Obj.,47,📊 Política fiscal e multiplicadores,C/E,Banca não identificada,,,False,False,ERRADO,reduzir agregados monetários é contracionista,,nenhuma,,
ECO-E1-0612-1,E1-0612,1,E1,47.1 - Obj.,47,📊 Política fiscal e multiplicadores,C/E,Banca não identificada,,,False,False,CERTO,redução de impostos em cenário deflacionário,,nenhuma,,
ECO-E1-0613-1,E1-0613,1,E1,47.1 - Obj.,47,📊 Política fiscal e multiplicadores,C/E,Banca não identificada,,,False,False,ERRADO,déficits sistemáticos não controlam inflação,,nenhuma,,
ECO-E1-0614-1,E1-0614,1,E1,47.1 - Obj.,47,📊 Política fiscal e multiplicadores,C/E,Banca não identificada,,,False,False,CERTO,definição de política fiscal (três níveis de governo),,nenhuma,,
ECO-E1-0615-1,E1-0615,1,E1,47.1 - Obj.,47,🏛️ Funções do Estado,C/E,Banca não identificada,,,False,False,CERTO,desemprego e inflação justificam função estabilizadora,,nenhuma,,
ECO-E1-0616-1,E1-0616,1,E1,47.1 - Obj.,47,🏛️ Funções do Estado,C/E,Banca não identificada,,,False,False,ERRADO,"bens meritórios: função alocativa, não estabilizadora",,nenhuma,,
ECO-E1-0617-1,E1-0617,1,E1,47.1 - Obj.,47,🏛️ Funções do Estado,C/E,Banca não identificada,,,False,False,ERRADO,redistribuição de renda é função distributiva,,nenhuma,,
ECO-E1-0618-1,E1-0618,1,E1,47.1 - Obj.,47,🏛️ Funções do Estado,C/E,Banca não identificada,,,False,False,CERTO,política monetária materializa função estabilizadora,,nenhuma,,
ECO-E1-0619-1,E1-0619,1,E1,47.1 - Obj.,47,🏛️ Funções do Estado,C/E,Banca não identificada,,,False,False,CERTO,política monetária na função estabilizadora,,nenhuma,,
ECO-E1-0620-1,E1-0620,1,E1,47.1 - Obj.,47,🏛️ Funções do Estado,C/E,Banca não identificada,,,False,False,CERTO,financiamento público de infraestrutura sem interesse privado,,nenhuma,,
ECO-E1-0621-1,E1-0621,1,E1,47.1 - Obj.,47,🏛️ Funções do Estado,C/E,Banca não identificada,,,False,False,ERRADO,"externalidades são da função alocativa, não estabilizadora",,nenhuma,,
ECO-E1-0622-1,E1-0622,1,E1,47.1 - Obj.,47,🏛️ Funções do Estado,C/E,Banca não identificada,,,False,False,CERTO,função alocativa: eficiência e necessidades coletivas,,nenhuma,,
ECO-E1-0623-1,E1-0623,1,E1,47.1 - Obj.,47,🏛️ Funções do Estado,C/E,Banca não identificada,,,False,False,CERTO,função distributiva e justiça social,,nenhuma,,
ECO-E1-0624-1,E1-0624,1,E1,47.1 - Obj.,47,🏛️ Funções do Estado,C/E,Banca não identificada,,,False,False,ERRADO,não existe função competitiva; educação/saúde meritórios,,nenhuma,,
ECO-E1-0625-1,E1-0625,1,E1,47.1 - Obj.,47,🏛️ Funções do Estado,C/E,Banca não identificada,,,False,False,CERTO,função alocativa decorre de bens públicos,,nenhuma,,
ECO-E1-0626-1,E1-0626,1,E1,47.1 - Obj.,47,🏛️ Funções do Estado,C/E,Banca não identificada,,,False,False,ERRADO,função estabilizadora não atua só em recessões,,nenhuma,,
ECO-E1-0627-1,E1-0627,1,E1,47.1 - Obj.,47,🏛️ Funções do Estado,C/E,Banca não identificada,,,False,False,ERRADO,Estado não deve servir grupos econômicos dominantes,,nenhuma,,
ECO-E1-0628-1,E1-0628,1,E1,47.1 - Obj.,47,🏛️ Funções do Estado,C/E,Banca não identificada,,,False,False,CERTO,"papel do Estado no desenvolvimento: infraestrutura, educação, saúde",,nenhuma,,
ECO-E1-0629-1,E1-0629,1,E1,47.1 - Obj.,47,🏛️ Funções do Estado,C/E,Banca não identificada,,,False,False,CERTO,função alocativa corrige imperfeições de mercado,,nenhuma,,
ECO-E1-0630-1,E1-0630,1,E1,48.1 - Obj.,02,🔗 Elasticidade-renda e cruzada,C/E,Simulado Sapientia,Simulado Sapientia Set/2024,2024,False,False,ERRADO,soma ponderada das elasticidades-renda igual a 1,,ausente_deduzivel,,
ECO-E1-0631-1,E1-0631,1,E1,48.1 - Obj.,04-A,🔀 Efeitos renda e substituição,C/E,Simulado Sapientia,Simulado Sapientia Set/2024,2024,False,False,CERTO,efeito substituição com utilidade constante,,ausente_deduzivel,,
ECO-E1-0632-1,E1-0632,1,E1,48.1 - Obj.,04,🧠 Preferências e axiomas,C/E,Simulado Sapientia,Simulado Sapientia Set/2024,2024,False,False,ERRADO,"preferir mais a menos é monotonicidade, não transitividade",,ausente_deduzivel,,
ECO-E1-0633-1,E1-0633,1,E1,48.1 - Obj.,04,📊 Demanda individual e de mercado,C/E,Simulado Sapientia,Simulado Sapientia Set/2024,2024,False,False,CERTO,utilidade varia ao longo da curva de demanda,,ausente_deduzivel,,
ECO-E1-0634-1,E1-0634,1,E1,48.1 - Obj.,TRIAGEM,,C/E,Simulado Sapientia,Simulado Sapientia Set/2024,2024,False,False,?,questão só em imagem (conteúdo desconhecido),,ausente_irrecuperavel,frente e verso só em imagem,
ECO-E1-0635-1,E1-0635,1,E1,48.1 - Obj.,TRIAGEM,,C/E,Simulado Sapientia,Simulado Sapientia Set/2024,2024,False,False,?,questão só em imagem (conteúdo desconhecido),,ausente_irrecuperavel,frente e verso só em imagem,
ECO-E1-0636-1,E1-0636,1,E1,48.1 - Obj.,TRIAGEM,,C/E,Simulado Sapientia,Simulado Sapientia Set/2024,2024,False,False,?,questão só em imagem (conteúdo desconhecido),,ausente_irrecuperavel,frente e verso só em imagem,
ECO-E1-0637-1,E1-0637,1,E1,48.1 - Obj.,TRIAGEM,,C/E,Simulado Sapientia,Simulado Sapientia Set/2024,2024,False,True,?,questão só em imagem (conteúdo desconhecido),,ausente_irrecuperavel,frente e verso só em imagem,
ECO-E1-0638-1,E1-0638,1,E1,48.1 - Obj.,26,✖️ Multiplicadores,C/E,Simulado Sapientia,Simulado Sapientia Set/2024,2024,False,True,ERRADO,multiplicador: componente que cai não é necessariamente consumo,,ausente_deduzivel,,
ECO-E1-0639-1,E1-0639,1,E1,48.1 - Obj.,28,📈 Demanda agregada,C/E,Simulado Sapientia,Simulado Sapientia Set/2024,2024,False,True,ERRADO,"IS-LM gera DA, mas não determina a OA",,ausente_deduzivel,,
ECO-E1-0640-1,E1-0640,1,E1,48.1 - Obj.,70,🌊 Câmbio flutuante,C/E,Simulado Sapientia,Simulado Sapientia Set/2024,2024,False,False,ERRADO,expansão monetária no câmbio flexível deprecia o câmbio,,ausente_deduzivel,,
ECO-E1-0641-1,E1-0641,1,E1,48.1 - Obj.,73,❓ Paradoxo de Leontief e termos de troca,C/E,Simulado Sapientia,Simulado Sapientia Set/2024,2024,False,True,CERTO,crescimento enviesado pela exportação piora termos de troca,,ausente_deduzivel,,
ECO-E1-0642-1,E1-0642,1,E1,48.1 - Obj.,79,🧾 Tarifas,C/E,Simulado Sapientia,Simulado Sapientia Set/2024,2024,False,False,ERRADO,tarifa em país grande: efeitos sobre preços e bem-estar,,ausente_deduzivel,,
ECO-E1-0643-1,E1-0643,1,E1,48.1 - Obj.,75,🔬 Novas teorias do comércio,C/E,Simulado Sapientia,Simulado Sapientia Set/2024,2024,False,True,ERRADO,Linder: exportação depende da demanda doméstica,,ausente_deduzivel,,
ECO-E1-0644-1,E1-0644,1,E1,48.1 - Obj.,75,🔬 Novas teorias do comércio,DISC,Banca não identificada,,,False,False,RESPOSTA,comércio intraindústria e teorias que o explicam,,nenhuma,,
ECO-E1-0645-1,E1-0645,1,E1,48.1 - Obj.,TRIAGEM,HECON,C/E,Banca não identificada,,,False,False,ERRADO,Instrução 70 da SUMOC e ágios cambiais,,nenhuma,história econômica (SUMOC),
ECO-E1-0646-1,E1-0646,1,E1,48.1 - Obj.,TRIAGEM,HECON,DISC,Banca não identificada,,,False,False,RESPOSTA,Instrução 70 da SUMOC: adoção e impactos,,nenhuma,história econômica (SUMOC),
ECO-E1-0647-1,E1-0647,1,E1,48.1 - Obj.,TRIAGEM,HECON,C/E,Banca não identificada,,,False,False,CERTO,Instrução 70: monopólio cambial e leilões de câmbio,,nenhuma,história econômica (SUMOC),
ECO-E1-0648-1,E1-0648,1,E1,48.1 - Obj.,TRIAGEM,HECON,C/E,Banca não identificada,,,False,False,CERTO,Instrução 204 desvalorizou o cruzeiro,,nenhuma,história econômica (SUMOC),
ECO-E1-0649-1,E1-0649,1,E1,48.1 - Obj.,TRIAGEM,HECON,C/E,Banca não identificada,,,False,False,ERRADO,Instrução 70 acabou com licenciamento de importações,,nenhuma,história econômica (SUMOC),
ECO-E1-0650-1,E1-0650,1,E1,48.1 - Obj.,TRIAGEM,HECON,C/E,Simulado Sapientia,Simulado Sapientia Set/2024,2024,False,False,ERRADO,Instrução 113 da SUMOC baixada em 1955 (Café Filho),,ausente_deduzivel,história econômica (SUMOC),
ECO-E1-0651-1,E1-0651,1,E1,48.1 - Obj.,TRIAGEM,HECON,C/E,Banca não identificada,,,False,False,ERRADO,"Instrução 113 atraiu capital estrangeiro, não café",,nenhuma,história econômica (SUMOC),
ECO-E1-0652-1,E1-0652,1,E1,48.1 - Obj.,TRIAGEM,HECON,C/E,Simulado Sapientia,Simulado Sapientia Set/2024,2024,False,False,ERRADO,SUMOC 113 no governo JK favoreceu capital estrangeiro,,nenhuma,"história econômica (JK, SUMOC 113)",
ECO-E1-0653-1,E1-0653,1,E1,48.1 - Obj.,TRIAGEM,HECON,C/E,Banca não identificada,,,False,False,CERTO,Instrução 204 no governo Jânio desvalorizou câmbio,,nenhuma,história econômica (SUMOC),
ECO-E1-0654-1,E1-0654,1,E1,48.1 - Obj.,TRIAGEM,HECON,C/E,Banca não identificada,,,False,False,CERTO,Instrução 204: desvalorização e unificação cambial,,nenhuma,história econômica (SUMOC),
ECO-E1-0655-1,E1-0655,1,E1,48.1 - Obj.,TRIAGEM,HECON,C/E,Banca não identificada,,,False,False,ERRADO,"Instrução 204 desvalorizou, não valorizou, o cruzeiro",,nenhuma,história econômica (SUMOC),
ECO-E1-0656-1,E1-0656,1,E1,48.1 - Obj.,48,🧮 Financiamento e sustentabilidade,C/E,Banca não identificada,,,False,False,CERTO,dívida pública afetada por Tesouro e compromissadas do BC,,nenhuma,,
ECO-E1-0657-1,E1-0657,1,E1,48.1 - Obj.,48,📈 Wagner e Laffer,C/E,Banca não identificada,,,False,False,CERTO,curva de Laffer: alíquota alta reduz arrecadação,,nenhuma,,
ECO-E1-0658-1,E1-0658,1,E1,48.1 - Obj.,48,📈 Wagner e Laffer,C/E,Banca não identificada,,,False,False,ERRADO,Laffer mostra limite à arrecadação,,nenhuma,,
ECO-E1-0659-1,E1-0659,1,E1,48.1 - Obj.,48,📈 Wagner e Laffer,C/E,Banca não identificada,,,False,False,ERRADO,Laffer não é relação sempre inversa,,nenhuma,,
ECO-E1-0660-1,E1-0660,1,E1,48.1 - Obj.,48,📈 Wagner e Laffer,C/E,Banca não identificada,,,False,False,CERTO,Laffer e elasticidades de oferta e demanda,,nenhuma,,
ECO-E1-0661-1,E1-0661,1,E1,49.1 - Obj.,19,🌐 Indicadores externos,C/E,CEBRASPE,IRBr/CACD/2025,2025,True,False,CERTO,dívida externa/PIB e risco de inadimplência,,nenhuma,,
ECO-E1-0662-1,E1-0662,1,E1,49.1 - Obj.,19,🌐 Indicadores externos,C/E,CEBRASPE,IRBr/CACD/2025,2025,True,False,ERRADO,serviço da dívida/exportações inclui juros,,nenhuma,,
ECO-E1-0663-1,E1-0663,1,E1,49.1 - Obj.,19,🌐 Indicadores externos,C/E,CEBRASPE,IRBr/CACD/2025,2025,True,False,ERRADO,dívida externa/exportações baixa = menor vulnerabilidade,,nenhuma,,
ECO-E1-0664-1,E1-0664,1,E1,49.1 - Obj.,19,🌐 Indicadores externos,C/E,CEBRASPE,IRBr/CACD/2025,2025,True,False,CERTO,dívida de curto prazo/reservas: liquidez externa,,nenhuma,,
ECO-E1-0665-1,E1-0665,1,E1,49.1 - Obj.,40,"🖨️ QE, tapering e QT",C/E,CEBRASPE,IRBr/CACD/2025,2025,True,False,CERTO,juros negativos sobre reservas como política não convencional,,nenhuma,,
ECO-E1-0666-1,E1-0666,1,E1,49.1 - Obj.,38,🎯 Metas de inflação e regras,C/E,CEBRASPE,IRBr/CACD/2025,2025,True,False,CERTO,forward guidance como comunicação do BC,,nenhuma,,
ECO-E1-0667-1,E1-0667,1,E1,49.1 - Obj.,40,"🖨️ QE, tapering e QT",C/E,CEBRASPE,IRBr/CACD/2025,2025,True,False,ERRADO,"QE aumenta liquidez, não eleva juros",,nenhuma,,
ECO-E1-0668-1,E1-0668,1,E1,49.1 - Obj.,40,"🖨️ QE, tapering e QT",C/E,CEBRASPE,IRBr/CACD/2025,2025,True,False,CERTO,política monetária não convencional melhora crédito,,nenhuma,,
ECO-E1-0669-1,E1-0669,1,E1,49.1 - Obj.,67,📘 Reservas e intervenção,C/E,CEBRASPE,IRBr/CACD/2025,2025,True,False,ERRADO,BC pode intervir no câmbio flutuante,,nenhuma,,
ECO-E1-0670-1,E1-0670,1,E1,49.1 - Obj.,66,💱 Regimes cambiais,C/E,CEBRASPE,IRBr/CACD/2025,2025,True,False,ERRADO,política cambial afeta o cotidiano do cidadão,,nenhuma,,
ECO-E1-0671-1,E1-0671,1,E1,49.1 - Obj.,67,📘 Reservas e intervenção,C/E,CEBRASPE,IRBr/CACD/2025,2025,True,False,CERTO,câmbio fixo exige reservas adequadas,,nenhuma,,
ECO-E1-0672-1,E1-0672,1,E1,49.1 - Obj.,69,🔗 Paridades e repasse cambial,C/E,CEBRASPE,IRBr/CACD/2025,2025,True,False,CERTO,diferencial de juros atrai capital e valoriza câmbio,,nenhuma,,
ECO-E1-0673-1,E1-0673,1,E1,49.1 - Obj.,73,🧪 Heckscher-Ohlin e teoremas,C/E,CEBRASPE,IRBr/CACD/2025,2025,True,False,ERRADO,Stolper-Samuelson: proteção a Y no país B,,nenhuma,,
ECO-E1-0674-1,E1-0674,1,E1,49.1 - Obj.,73,🧪 Heckscher-Ohlin e teoremas,C/E,CEBRASPE,IRBr/CACD/2025,2025,True,False,CERTO,H-O: comércio eleva salário no país abundante em trabalho,,nenhuma,,
ECO-E1-0675-1,E1-0675,1,E1,49.1 - Obj.,74,🌎 CEPAL e termos de troca,C/E,CEBRASPE,IRBr/CACD/2025,2025,True,False,CERTO,Prebisch-Singer e inelasticidade dos primários,,nenhuma,,
ECO-E1-0676-1,E1-0676,1,E1,49.1 - Obj.,74,🌎 CEPAL e termos de troca,C/E,CEBRASPE,IRBr/CACD/2025,2025,True,False,CERTO,periféricos como tomadores de preço,,nenhuma,,
ECO-E1-0677-1,E1-0677,1,E1,49.1 - Obj.,66,💱 Regimes cambiais,C/E,CEBRASPE,IRBr/CACD/2025,2025,True,False,ERRADO,"bandas cambiais: no teto, BC vende divisas",,nenhuma,,
ECO-E1-0678-1,E1-0678,1,E1,49.1 - Obj.,79,🚫 Cotas e barreiras não tarifárias,C/E,CEBRASPE,IRBr/CACD/2025,2025,True,False,ERRADO,normas técnicas distintas configuram barreira não tarifária,,nenhuma,,
ECO-E1-0679-1,E1-0679,1,E1,49.1 - Obj.,79,🚫 Cotas e barreiras não tarifárias,C/E,CEBRASPE,IRBr/CACD/2025,2025,True,False,CERTO,quotas e tarifas reduzem quantidade importada,,nenhuma,,
ECO-E1-0680-1,E1-0680,1,E1,49.1 - Obj.,TRIAGEM,HECON,C/E,CEBRASPE,IRBr/CACD/2025,2025,True,False,CERTO,1ª Guerra e indústria de alimentos no Brasil,,nenhuma,história econômica (1ª Guerra e indústria),
ECO-E1-0681-1,E1-0681,1,E1,49.1 - Obj.,TRIAGEM,HECON,C/E,CEBRASPE,IRBr/CACD/2025,2025,True,False,ERRADO,indústria do fim do séc. XIX não era de máquinas,,nenhuma,história econômica (indústria no séc. XIX),
ECO-E1-0682-1,E1-0682,1,E1,49.1 - Obj.,TRIAGEM,HECON,C/E,CEBRASPE,IRBr/CACD/2025,2025,True,False,ERRADO,protecionismo da ISI não favoreceu competitividade,,nenhuma,história econômica (ISI),
ECO-E1-0683-1,E1-0683,1,E1,49.1 - Obj.,TRIAGEM,HECON,C/E,CEBRASPE,IRBr/CACD/2025,2025,True,False,ERRADO,ISI começou por bens de consumo não duráveis,,nenhuma,história econômica (ISI),
ECO-E1-0684-1,E1-0684,1,E1,49.1 - Obj.,TRIAGEM,HECON,C/E,CEBRASPE,IRBr/CACD/2025,2025,True,False,ANULADO,"Plano de Metas: duráveis cresceram, não duráveis recuaram",,nenhuma,história econômica (Plano de Metas),
ECO-E1-0685-1,E1-0685,1,E1,49.1 - Obj.,TRIAGEM,HECON,C/E,CEBRASPE,IRBr/CACD/2025,2025,True,False,CERTO,financiamento público do Plano de Metas,,nenhuma,história econômica (Plano de Metas),
ECO-E1-0686-1,E1-0686,1,E1,49.1 - Obj.,TRIAGEM,HECON,C/E,CEBRASPE,IRBr/CACD/2025,2025,True,False,ERRADO,II PND usou recursos externos,,nenhuma,história econômica (II PND),
ECO-E1-0687-1,E1-0687,1,E1,50.1 - Obj.,04,⚖️ Escolha ótima do consumidor,C/E,Clipping,Simuladão Março/2026,2026,False,False,ERRADO,equilíbrio do consumidor: TMS = preço relativo,,nenhuma,,
ECO-E1-0688-1,E1-0688,1,E1,50.1 - Obj.,04,🧠 Preferências e axiomas,C/E,Clipping,Simuladão Março/2026,2026,False,False,CERTO,axioma da transitividade,,nenhuma,,
ECO-E1-0689-1,E1-0689,1,E1,50.1 - Obj.,04,🎯 Utilidade e curvas de indiferença,C/E,Clipping,Simuladão Março/2026,2026,False,False,ERRADO,curvas de indiferença mais altas = mais utilidade,,nenhuma,,
ECO-E1-0690-1,E1-0690,1,E1,50.1 - Obj.,10,🧮 Cournot e Bertrand,C/E,Clipping,Simuladão Março/2026,2026,False,False,CERTO,equilíbrio de Cournot,,nenhuma,,
ECO-E1-0691-1,E1-0691,1,E1,50.1 - Obj.,08,🏛️ Monopólio natural e regulação,C/E,Clipping,Simuladão Março/2026,2026,False,False,ERRADO,monopólio natural: custos médios decrescentes,,nenhuma,,
ECO-E1-0692-1,E1-0692,1,E1,50.1 - Obj.,09,🧩 Modelo de Chamberlin,C/E,Clipping,Simuladão Março/2026,2026,False,False,CERTO,concorrência monopolística: lucro zero no longo prazo,,nenhuma,,
ECO-E1-0693-1,E1-0693,1,E1,50.1 - Obj.,08,👑 Equilíbrio do monopólio,C/E,Clipping,Simuladão Março/2026,2026,False,False,ERRADO,"monopólio maximiza com RMg = CMg, não P = CMg",,nenhuma,,
ECO-E1-0694-1,E1-0694,1,E1,50.1 - Obj.,66,💱 Regimes cambiais,C/E,Clipping,Simuladão Março/2026,2026,False,True,CERTO,câmbio flutuante puro sem intervenção do BC,,nenhuma,,gabarito alterado de ERRADO para CERTO (polêmico)
ECO-E1-0695-1,E1-0695,1,E1,50.1 - Obj.,67,📘 Reservas e intervenção,C/E,Clipping,Simuladão Março/2026,2026,False,False,CERTO,câmbio fixo exige reservas para sustentar paridade,,nenhuma,,
ECO-E1-0696-1,E1-0696,1,E1,50.1 - Obj.,67,📘 Reservas e intervenção,C/E,Clipping,Simuladão Março/2026,2026,False,True,CERTO,venda de reservas sem ajuste cambial: instrumento limitado,,nenhuma,,
ECO-E1-0697-1,E1-0697,1,E1,50.1 - Obj.,79,🧾 Tarifas,C/E,Clipping,Simuladão Março/2026,2026,False,False,CERTO,tarifas recíprocas EUA afetam cadeias globais e preços,,nenhuma,,
ECO-E1-0698-1,E1-0698,1,E1,50.1 - Obj.,84,🌐 Conjuntura internacional,C/E,Clipping,Simuladão Março/2026,2026,False,False,CERTO,retaliação às tarifas americanas e volatilidade,,nenhuma,,
ECO-E1-0699-1,E1-0699,1,E1,50.1 - Obj.,79,🧾 Tarifas,C/E,Clipping,Simuladão Março/2026,2026,False,False,ERRADO,"guerra tarifária gera peso morto, não eficiência",,nenhuma,,
ECO-E1-0700-1,E1-0700,1,E1,50.1 - Obj.,36,🛠️ Instrumentos de política monetária,C/E,Clipping,Simuladão Março/2026,2026,False,False,ERRADO,política monetária expansionista reduz juros,,nenhuma,,
ECO-E1-0701-1,E1-0701,1,E1,50.1 - Obj.,36,🛠️ Instrumentos de política monetária,C/E,Clipping,Simuladão Março/2026,2026,False,False,ERRADO,redução do redesconto barateia crédito,,nenhuma,,
ECO-E1-0702-1,E1-0702,1,E1,50.1 - Obj.,38,🎯 Metas de inflação e regras,C/E,Clipping,Simuladão Março/2026,2026,False,False,CERTO,metas de inflação operam via juros de curto prazo,,nenhuma,,
ECO-E1-0703-1,E1-0703,1,E1,50.1 - Obj.,70,🌊 Câmbio flutuante,C/E,Clipping,Simuladão Março/2026,2026,False,True,ERRADO,expansão fiscal com mobilidade perfeita: efeito anulado totalmente,,nenhuma,,gabarito alterado de CERTO para ERRADO
ECO-E1-0704-1,E1-0704,1,E1,50.1 - Obj.,27,📈 Curva LM,C/E,Clipping,Simuladão Março/2026,2026,False,False,ERRADO,expansão monetária desloca LM para a direita,,nenhuma,,
ECO-E1-0705-1,E1-0705,1,E1,50.1 - Obj.,70,🔒 Câmbio fixo,C/E,Clipping,Simuladão Março/2026,2026,False,False,ERRADO,câmbio fixo: política monetária ineficaz,,nenhuma,,
ECO-E1-0706-1,E1-0706,1,E1,50.1 - Obj.,57,💡 Teorias do crescimento,C/E,Clipping,Simuladão Março/2026,2026,False,False,CERTO,Harrod-Domar: poupança e relação capital-produto,,nenhuma,,
ECO-E1-0707-1,E1-0707,1,E1,50.1 - Obj.,56,"👥 População, tecnologia e convergência",C/E,Clipping,Simuladão Março/2026,2026,False,True,CERTO,Solow: progresso técnico exógeno sustenta crescimento per capita,,nenhuma,,
ECO-E1-0708-1,E1-0708,1,E1,50.1 - Obj.,59,📏 Lei de Okun,C/E,Clipping,Simuladão Março/2026,2026,False,False,ERRADO,Lei de Okun: relação inversa produto-desemprego,,nenhuma,,
ECO-E1-0709-1,E1-0709,1,E1,50.1 - Obj.,56,⚙️ Estado estacionário,C/E,Clipping,Simuladão Março/2026,2026,False,False,CERTO,"Solow: poupança eleva nível, não taxa de longo prazo",,nenhuma,,
ECO-E1-0710-1,E1-0710,1,E1,50.1 - Obj.,TRIAGEM,HECON,C/E,Clipping,Simuladão Março/2026,2026,False,False,ERRADO,anos 1930: deslocamento do centro dinâmico para a indústria,,nenhuma,história econômica (anos 1930),
ECO-E1-0711-1,E1-0711,1,E1,50.1 - Obj.,TRIAGEM,HECON,C/E,Clipping,Simuladão Março/2026,2026,False,False,ERRADO,Plano Real usou âncora cambial com valorização,,nenhuma,história econômica (Plano Real),
ECO-E1-0712-1,E1-0712,1,E1,50.1 - Obj.,TRIAGEM,HECON,C/E,Clipping,Simuladão Março/2026,2026,False,False,ERRADO,Milagre: endividamento externo e investimento estatal,,nenhuma,história econômica (Milagre),
ECO-E1-0713-1,E1-0713,1,E1,56.1 -  Obj.,57,💡 Teorias do crescimento,C/E,Banca não identificada,,2019,False,False,ERRADO,Harrod-Domar: crescimento via poupança e relação capital-produto,,nenhuma,,
ECO-E1-0714-1,E1-0714,1,E1,56.1 -  Obj.,56,⚙️ Estado estacionário,C/E,Banca não identificada,,2019,False,False,CERTO,poupança acelera crescimento só temporariamente,,nenhuma,,
ECO-E1-0715-1,E1-0715,1,E1,56.1 -  Obj.,56,⚙️ Estado estacionário,C/E,Banca não identificada,,2019,False,False,CERTO,crescimento balanceado: K/Y constante,,nenhuma,,
ECO-E1-0716-1,E1-0716,1,E1,56.1 -  Obj.,57,💡 Teorias do crescimento,C/E,Banca não identificada,,2019,False,False,CERTO,crescimento endógeno: inovação como variável interna,,nenhuma,,
ECO-E1-0717-1,E1-0717,1,E1,56.1 -  Obj.,57,💡 Teorias do crescimento,C/E,Banca não identificada,,2022,False,False,CERTO,Schumpeter: destruição criadora,,nenhuma,,
ECO-E1-0718-1,E1-0718,1,E1,56.1 -  Obj.,56,"👥 População, tecnologia e convergência",C/E,Banca não identificada,,2022,False,True,CERTO,resíduo de Solow como progresso tecnológico,,nenhuma,,
ECO-E1-0719-1,E1-0719,1,E1,56.1 -  Obj.,56,"👥 População, tecnologia e convergência",C/E,Banca não identificada,,2022,False,True,ERRADO,progresso técnico é exógeno em Solow,,nenhuma,,
ECO-E1-0720-1,E1-0720,1,E1,56.1 -  Obj.,79,🏛️ Política comercial e OMC,C/E,Banca não identificada,,2022,False,False,CERTO,"patentes, P&D e acordo TRIPS",,nenhuma,,
ECO-E1-0721-1,E1-0721,1,E1,56.1 -  Obj.,56,⚙️ Estado estacionário,C/E,Banca não identificada,,2022,False,False,ERRADO,poupança determina renda per capita de longo prazo,,nenhuma,,
ECO-E1-0722-1,E1-0722,1,E1,56.1 -  Obj.,58,🌾 Teorias do desenvolvimento,C/E,Banca não identificada,,2022,False,True,CERTO,North: instituições explicam aumento da renda,,nenhuma,,
ECO-E1-0723-1,E1-0723,1,E1,56.1 -  Obj.,58,🌾 Teorias do desenvolvimento,C/E,Banca não identificada,,2022,False,True,CERTO,Robert Allen: salários altos e energia barata na Revolução Industrial,,nenhuma,,
ECO-E1-0724-1,E1-0724,1,E1,56.1 -  Obj.,58,🌾 Teorias do desenvolvimento,C/E,Banca não identificada,,2022,False,False,CERTO,"Sachs: geografia, malária e armadilhas de pobreza",,nenhuma,,
ECO-E1-0725-1,E1-0725,1,E1,56.1 -  Obj.,56,⚙️ Estado estacionário,C/E,Clipping,Simulado 07/2023,2023,False,False,CERTO,Solow: acumulação de capital via investimento,,nenhuma,,
ECO-E1-0726-1,E1-0726,1,E1,56.1 -  Obj.,56,⚙️ Estado estacionário,C/E,Clipping,Simulado 07/2023,2023,False,True,ERRADO,"Solow: é a poupança, não o consumo, que eleva k*",,nenhuma,,
ECO-E1-0727-1,E1-0727,1,E1,56.1 -  Obj.,56,⚙️ Estado estacionário,C/E,Clipping,Simulado 07/2023,2023,False,True,CERTO,steady state: poupança per capita = alargamento do capital,,nenhuma,,
ECO-E1-0728-1,E1-0728,1,E1,56.1 -  Obj.,56,⚙️ Estado estacionário,C/E,Clipping,Simulado 07/2023,2023,False,False,CERTO,PIB per capita crescente em capital por trabalhador,,nenhuma,,
ECO-E1-0729-1,E1-0729,1,E1,56.1 -  Obj.,57,💡 Teorias do crescimento,C/E,Nidi/Jacqueline Bueno,Simulado 07/2023,2023,False,False,CERTO,Harrod-Domar: taxa garantida instável (fio da navalha),,nenhuma,,
ECO-E1-0730-1,E1-0730,1,E1,56.1 -  Obj.,56,⚙️ Estado estacionário,C/E,Nidi/Jacqueline Bueno,Simulado 07/2023,2023,False,True,CERTO,"Solow: investimento afeta nível, não taxa de crescimento",,nenhuma,,
ECO-E1-0731-1,E1-0731,1,E1,56.1 -  Obj.,57,💡 Teorias do crescimento,ME,Banca não identificada,Senado/Consultor/2022,2022,False,True,B,"Harrod-Domar: duplo papel do investimento, fio da navalha, g = s·σ",,nenhuma,,
ECO-E1-0732-1,E1-0732,1,E1,56.1 -  Obj.,56,⚙️ Estado estacionário,C/E,Daniel – Economia CACD (Telegram),,,False,False,CERTO,aumento da poupança eleva PIB per capita até novo steady state,,nenhuma,,
ECO-E1-0733-1,E1-0733,1,E1,56.1 -  Obj.,57,💡 Teorias do crescimento,C/E,Daniel – Economia CACD (Telegram),,,False,True,CERTO,Harrod-Domar: sem pleno emprego e crescimento estável automáticos,,nenhuma,,
ECO-E1-0734-1,E1-0734,1,E1,56.1 -  Obj.,56,⚙️ Estado estacionário,C/E,Daniel – Economia CACD (Telegram),,,False,False,ERRADO,"Solow: crescimento estável, não instável",,nenhuma,,
ECO-E1-0735-1,E1-0735,1,E1,56.1 -  Obj.,56,⚙️ Estado estacionário,C/E,Daniel – Economia CACD (Telegram),,,False,False,CERTO,poupança determina capital de estado estacionário,,nenhuma,,
ECO-E1-0736-1,E1-0736,1,E1,56.1 -  Obj.,57,💡 Teorias do crescimento,C/E,Daniel – Economia CACD (Telegram),,,False,False,CERTO,Harrod-Domar: primazia da acumulação e sem equilíbrio automático,,nenhuma,,
ECO-E1-0737-1,E1-0737,1,E1,56.1 -  Obj.,56,"👥 População, tecnologia e convergência",C/E,Prof. Rodrigo Teixeira,,,False,False,ERRADO,maior crescimento populacional reduz renda per capita,,nenhuma,,
ECO-E1-0738-1,E1-0738,1,E1,56.1 -  Obj.,56,🥇 Regra de ouro,C/E,Prof. Rodrigo Teixeira,,,False,False,CERTO,abaixo da regra de ouro: elevar poupança aumenta consumo,,nenhuma,,
ECO-E1-0739-1,E1-0739,1,E1,56.1 -  Obj.,56,"👥 População, tecnologia e convergência",C/E,Prof. Rodrigo Teixeira,,,False,True,ERRADO,Solow com tecnologia: produto per capita cresce à taxa g,,nenhuma,,
ECO-E1-0740-1,E1-0740,1,E1,56.1 -  Obj.,57,💡 Teorias do crescimento,C/E,Prof. Rodrigo Teixeira,,,False,False,ERRADO,Harrod-Domar: equilíbrio instável (fio da navalha),,nenhuma,,
ECO-E1-0741-1,E1-0741,1,E1,56.1 -  Obj.,57,💡 Teorias do crescimento,C/E,Prof. Rodrigo Teixeira,,,False,False,CERTO,Schumpeter: rejeita fluxo circular e neutralidade da moeda; crédito,,nenhuma,,
ECO-E1-0742-1,E1-0742,1,E1,56.1 -  Obj.,57,💡 Teorias do crescimento,C/E,Prof. Rodrigo Teixeira,,,False,False,CERTO,destruição criadora: falências e desemprego,,nenhuma,,
ECO-E1-0743-1,E1-0743,1,E1,66.1 - Obj.,TRIAGEM,HECON,C/E,Banca não identificada,,2015,False,True,ERRADO,minidesvalorizações sem prazo fixo entre ajustes,,nenhuma,história econômica (minidesvalorizações),
ECO-E1-0744-1,E1-0744,1,E1,66.1 - Obj.,66,💱 Regimes cambiais,C/E,Banca não identificada,,2015,False,False,ERRADO,crawling band: piso e teto móveis,,nenhuma,,
ECO-E1-0745-1,E1-0745,1,E1,66.1 - Obj.,66,💱 Regimes cambiais,C/E,Banca não identificada,,2015,False,False,CERTO,união monetária: abre mão da política cambial própria,,nenhuma,,
ECO-E1-0746-1,E1-0746,1,E1,66.1 - Obj.,66,💱 Regimes cambiais,C/E,Banca não identificada,,2015,False,False,CERTO,currency board vincula política monetária,,nenhuma,,
ECO-E1-0747-1,E1-0747,1,E1,66.1 - Obj.,69,🔗 Paridades e repasse cambial,C/E,Banca não identificada,,2014,False,False,CERTO,diferencial de juros atrai fluxos de capital,,nenhuma,,
ECO-E1-0748-1,E1-0748,1,E1,66.1 - Obj.,66,📈 Determinantes do câmbio,C/E,Banca não identificada,,2014,False,False,CERTO,desvalorização eleva exportações e reduz importações,,nenhuma,,
ECO-E1-0749-1,E1-0749,1,E1,66.1 - Obj.,66,💱 Regimes cambiais,C/E,Banca não identificada,,2014,False,False,ERRADO,câmbio fixo não ajusta automaticamente a economia,,nenhuma,,
ECO-E1-0750-1,E1-0750,1,E1,66.1 - Obj.,66,💱 Regimes cambiais,C/E,Banca não identificada,,2014,False,True,ERRADO,câmbio flutuante: desvantagem não onera autoridade,,nenhuma,,
ECO-E1-0751-1,E1-0751,1,E1,66.1 - Obj.,67,📘 Reservas e intervenção,C/E,Banca não identificada,,2019,False,False,ERRADO,venda de reservas reduz moeda e aprecia o câmbio,,nenhuma,,
ECO-E1-0752-1,E1-0752,1,E1,66.1 - Obj.,69,🔗 Paridades e repasse cambial,C/E,Banca não identificada,,2019,False,False,CERTO,câmbio fixo de equilíbrio com paridade de juros,,nenhuma,,
ECO-E1-0753-1,E1-0753,1,E1,66.1 - Obj.,70,🌊 Câmbio flutuante,C/E,Banca não identificada,,2019,False,False,ERRADO,expansão monetária no câmbio flutuante eleva produto,,nenhuma,,
ECO-E1-0754-1,E1-0754,1,E1,66.1 - Obj.,70,🔒 Câmbio fixo,C/E,Banca não identificada,,2019,False,False,CERTO,"câmbio fixo com mobilidade: política monetária ineficaz, afeta reservas",,nenhuma,,
ECO-E1-0755-1,E1-0755,1,E1,66.1 - Obj.,TRIAGEM,HECON,C/E,Banca não identificada,,2019,False,False,CERTO,câmbio fixo e supervalorização do cruzeiro no pós-guerra,,nenhuma,"história econômica (pós-guerra, câmbio)",
ECO-E1-0756-1,E1-0756,1,E1,66.1 - Obj.,TRIAGEM,HECON,C/E,Banca não identificada,,2019,False,False,CERTO,minidesvalorizações no milagre preservam câmbio real,,nenhuma,história econômica (minidesvalorizações),
ECO-E1-0757-1,E1-0757,1,E1,66.1 - Obj.,TRIAGEM,HECON,C/E,Banca não identificada,,2019,False,False,CERTO,câmbio fixo no Cruzado e supervalorização real,,nenhuma,história econômica (Plano Cruzado),
ECO-E1-0758-1,E1-0758,1,E1,66.1 - Obj.,TRIAGEM,HECON,C/E,Banca não identificada,,2019,False,True,CERTO,abertura comercial e âncora cambial no Plano Real,,nenhuma,história econômica (Plano Real),
ECO-E1-0759-1,E1-0759,1,E1,66.1 - Obj.,70,🌊 Câmbio flutuante,C/E,Banca não identificada,,2020,False,False,CERTO,câmbio flutuante: expansão monetária eleva exportações líquidas,,nenhuma,,
ECO-E1-0760-1,E1-0760,1,E1,66.1 - Obj.,70,🌊 Câmbio flutuante,C/E,Banca não identificada,,2020,False,False,CERTO,câmbio flutuante: expansão fiscal pode ter efeito nulo,,nenhuma,,
ECO-E1-0761-1,E1-0761,1,E1,66.1 - Obj.,70,🔒 Câmbio fixo,C/E,Banca não identificada,,2020,False,True,ERRADO,tarifa sob câmbio fixo eleva a renda,,nenhuma,,
ECO-E1-0762-1,E1-0762,1,E1,66.1 - Obj.,70,🔒 Câmbio fixo,C/E,Banca não identificada,,2020,False,True,ERRADO,efeito cambial nem sempre altera exportações líquidas,,nenhuma,,
ECO-E1-0763-1,E1-0763,1,E1,66.1 - Obj.,66,💱 Regimes cambiais,C/E,Clipping,Simulado 07/2023,2023,False,False,ERRADO,características do câmbio fixo × flutuante,,nenhuma,,
ECO-E1-0764-1,E1-0764,1,E1,66.1 - Obj.,66,💱 Regimes cambiais,C/E,Clipping,Simulado 07/2023,2023,False,False,ERRADO,câmbio flutuante não é taxa fixada pelo BC,,nenhuma,,
ECO-E1-0765-1,E1-0765,1,E1,66.1 - Obj.,66,💱 Regimes cambiais,C/E,Clipping,Simulado 07/2023,2023,False,False,ERRADO,previsibilidade é vantagem do câmbio fixo,,nenhuma,,
ECO-E1-0766-1,E1-0766,1,E1,66.1 - Obj.,66,💱 Regimes cambiais,C/E,Clipping,Simulado 07/2023,2023,False,False,ERRADO,câmbio fixo não é determinado pelo mercado,,nenhuma,,
ECO-E1-0767-1,E1-0767,1,E1,66.1 - Obj.,66,📈 Determinantes do câmbio,C/E,Daniel – Economia CACD (Telegram),,,False,False,ERRADO,política monetária expansionista deprecia a moeda,,nenhuma,,
ECO-E1-0768-1,E1-0768,1,E1,66.1 - Obj.,70,🌊 Câmbio flutuante,C/E,Daniel – Economia CACD (Telegram),,,False,True,CERTO,câmbio flutuante e mobilidade perfeita: política monetária eficaz,,nenhuma,,
ECO-E1-0769-1,E1-0769,1,E1,66.1 - Obj.,70,🔒 Câmbio fixo,C/E,Daniel – Economia CACD (Telegram),,,False,False,CERTO,"trindade impossível: mobilidade, política monetária ativa e câmbio fixo",,nenhuma,,
ECO-E1-0770-1,E1-0770,1,E1,66.1 - Obj.,66,💱 Regimes cambiais,C/E,Banca não identificada,,,False,False,CERTO,câmbio fixo: BC compra e vende divisas ao preço fixado,,nenhuma,,
ECO-E1-0771-1,E1-0771,1,E1,66.1 - Obj.,68,🔗 Hiatos e restrição externa,C/E,Banca não identificada,,,False,False,CERTO,câmbio fixo e déficit em conta corrente dependem de liquidez externa,,nenhuma,,
ECO-E1-0772-1,E1-0772,1,E1,66.1 - Obj.,66,📈 Determinantes do câmbio,C/E,Banca não identificada,,,False,False,CERTO,curva J após desvalorização,,nenhuma,,
ECO-E1-0773-1,E1-0773,1,E1,66.1 - Obj.,66,📏 Câmbio nominal × real e PPC,C/E,Banca não identificada,,,False,False,CERTO,PPC válida no longo prazo,,nenhuma,,
ECO-E1-0774-1,E1-0774,1,E1,66.1 - Obj.,TRIAGEM,HECON,C/E,Banca não identificada,,,False,False,CERTO,crawling peg no Brasil a partir de 1996,,nenhuma,história econômica (regime cambial do Plano Real),
ECO-E1-0775-1,E1-0775,1,E1,66.1 - Obj.,66,💱 Regimes cambiais,C/E,Banca não identificada,,,False,False,CERTO,câmbio flutuante puro sem intervenção,,nenhuma,,
ECO-E1-0776-1,E1-0776,1,E1,66.1 - Obj.,66,💱 Regimes cambiais,C/E,Banca não identificada,,,False,False,CERTO,flutuação suja e swaps cambiais,,nenhuma,,
ECO-E1-0777-1,E1-0777,1,E1,66.1 - Obj.,66,💱 Regimes cambiais,C/E,Banca não identificada,,,False,False,CERTO,câmbio flutuante preserva autonomia da taxa de juros,,nenhuma,,
ECO-E1-0778-1,E1-0778,1,E1,67.1 - Obj. 🪖,67,📘 Reservas e intervenção,C/E,CEBRASPE,IRBr/CACD/2024,2024,True,False,ERRADO,gestão das reservas afetada por juros e paridades,,nenhuma,,
ECO-E1-0779-1,E1-0779,1,E1,67.1 - Obj. 🪖,65,💥 Crises e pós-Bretton Woods,C/E,CEBRASPE,IRBr/CACD/2024,2024,True,True,CERTO,sistema monetário multipolar exige coordenação,,nenhuma,,
ECO-E1-0780-1,E1-0780,1,E1,67.1 - Obj. 🪖,35,🪙 Funções e agregados monetários,C/E,CEBRASPE,IRBr/CACD/2024,2024,True,False,CERTO,moeda internacional: funções e uso em reservas oficiais,,nenhuma,,
ECO-E1-0781-1,E1-0781,1,E1,67.1 - Obj. 🪖,65,💥 Crises e pós-Bretton Woods,C/E,CEBRASPE,IRBr/CACD/2024,2024,True,False,CERTO,dominância do dólar como anomalia histórica,,nenhuma,,
ECO-E1-0782-1,E1-0782,1,E1,67.1 - Obj. 🪖,18,🏗️ Estrutura do BP (BPM6),C/E,CEBRASPE,IRBr/CACD/2024,2024,True,False,ERRADO,conta corrente não é só balança comercial,,nenhuma,,gabarito alterado de CERTO para ERRADO
ECO-E1-0783-1,E1-0783,1,E1,67.1 - Obj. 🪖,18,🏗️ Estrutura do BP (BPM6),C/E,CEBRASPE,IRBr/CACD/2024,2024,True,True,ERRADO,transferências unilaterais (renda secundária) na conta corrente,,nenhuma,,
ECO-E1-0784-1,E1-0784,1,E1,67.1 - Obj. 🪖,18,🔗 BP e contas nacionais,C/E,CEBRASPE,IRBr/CACD/2024,2024,True,False,ANULADO,identidade da renda em economia aberta e conta corrente,,nenhuma,,
ECO-E1-0785-1,E1-0785,1,E1,67.1 - Obj. 🪖,18,🏗️ Estrutura do BP (BPM6),C/E,CEBRASPE,IRBr/CACD/2024,2024,True,False,ERRADO,intangíveis e recursos naturais na conta de capital,,nenhuma,,
ECO-E1-0786-1,E1-0786,1,E1,67.1 - Obj. 🪖,41,🏛️ Regulação e Basileia,C/E,CEBRASPE,IRBr/CACD/2024,2024,True,False,CERTO,regulação prudencial: riscos e capital mínimo,,nenhuma,,
ECO-E1-0787-1,E1-0787,1,E1,67.1 - Obj. 🪖,41,🏛️ Regulação e Basileia,C/E,CEBRASPE,IRBr/CACD/2024,2024,True,False,ERRADO,Basileia III eleva requisitos de liquidez e capital,,nenhuma,,
ECO-E1-0788-1,E1-0788,1,E1,67.1 - Obj. 🪖,41,🏛️ Regulação e Basileia,C/E,CEBRASPE,IRBr/CACD/2024,2024,True,False,CERTO,"colegiado CMN, BCB e CVM no SFN",,nenhuma,,
ECO-E1-0789-1,E1-0789,1,E1,67.1 - Obj. 🪖,41,🏛️ Regulação e Basileia,C/E,CEBRASPE,IRBr/CACD/2024,2024,True,False,ERRADO,nem todas as instituições do SFN são supervisionadas pelo BCB,,nenhuma,,
ECO-E1-0790-1,E1-0790,1,E1,67.1 - Obj. 🪖,73,⛵ Vantagens absolutas e comparativas,C/E,CEBRASPE,IRBr/CACD/2024,2024,True,True,CERTO,vantagem comparativa de Carlos como guitarrista,,nenhuma,,
ECO-E1-0791-1,E1-0791,1,E1,67.1 - Obj. 🪖,73,⛵ Vantagens absolutas e comparativas,C/E,CEBRASPE,IRBr/CACD/2024,2024,True,False,ERRADO,João não tem vantagem absoluta como guitarrista,,nenhuma,,
ECO-E1-0792-1,E1-0792,1,E1,67.1 - Obj. 🪖,73,⛵ Vantagens absolutas e comparativas,C/E,CEBRASPE,IRBr/CACD/2024,2024,True,False,CERTO,custo de oportunidade de João ser baterista é menor,,nenhuma,,
ECO-E1-0793-1,E1-0793,1,E1,67.1 - Obj. 🪖,73,⛵ Vantagens absolutas e comparativas,C/E,CEBRASPE,IRBr/CACD/2024,2024,True,False,ANULADO,custo de oportunidade de João ser guitarrista,,nenhuma,,"item anulado (redação ""custo de custo de oportunidade"")"
ECO-E1-0794-1,E1-0794,1,E1,67.1 - Obj. 🪖,77,💼 IED e portfólio,C/E,CEBRASPE,IRBr/CACD/2024,2024,True,False,ERRADO,países em desenvolvimento recebem fluxos de capital,,nenhuma,,
ECO-E1-0795-1,E1-0795,1,E1,67.1 - Obj. 🪖,67,📘 Reservas e intervenção,C/E,CEBRASPE,IRBr/CACD/2024,2024,True,True,ERRADO,reservas são ativo do banco central,,nenhuma,,
ECO-E1-0796-1,E1-0796,1,E1,67.1 - Obj. 🪖,18,🏗️ Estrutura do BP (BPM6),C/E,CEBRASPE,IRBr/CACD/2024,2024,True,False,ERRADO,investimento em portfólio entra na conta financeira,,nenhuma,,
ECO-E1-0797-1,E1-0797,1,E1,67.1 - Obj. 🪖,77,💼 IED e portfólio,C/E,CEBRASPE,IRBr/CACD/2024,2024,True,False,ERRADO,"IED inclui reinvestimento de lucros, não só capital que cruza fronteira",,nenhuma,,
ECO-E1-0798-1,E1-0798,1,E1,67.1 - Obj. 🪖,TRIAGEM,HECON,C/E,CEBRASPE,IRBr/CACD/2024,2024,True,True,CERTO,Plano de Metas: recursos para energia e transporte,,nenhuma,história econômica (Plano de Metas),
ECO-E1-0799-1,E1-0799,1,E1,67.1 - Obj. 🪖,TRIAGEM,HECON,C/E,CEBRASPE,IRBr/CACD/2024,2024,True,False,CERTO,Plano de Metas: queda de não duráveis no PIB,,nenhuma,história econômica (Plano de Metas),
ECO-E1-0800-1,E1-0800,1,E1,67.1 - Obj. 🪖,TRIAGEM,HECON,C/E,CEBRASPE,IRBr/CACD/2024,2024,True,True,CERTO,Lei da Usura limitou emissão de títulos no Plano de Metas,,nenhuma,história econômica (Plano de Metas),
ECO-E1-0801-1,E1-0801,1,E1,67.1 - Obj. 🪖,TRIAGEM,HECON,C/E,CEBRASPE,IRBr/CACD/2024,2024,True,False,ERRADO,"CMBEU criada em 1951, governo Vargas",,nenhuma,história econômica (CMBEU),
ECO-E1-0802-1,E1-0802,1,E1,67.1 - Obj. 🪖,37,🔥 Tipos e teorias da inflação,C/E,CEBRASPE,IRBr/CACD/2024,2024,True,False,CERTO,inflação de conflito distributivo,,nenhuma,,
ECO-E1-0803-1,E1-0803,1,E1,67.1 - Obj. 🪖,TRIAGEM,HECON,C/E,CEBRASPE,IRBr/CACD/2024,2024,True,False,CERTO,Plano Cruzado: congelamento e gatilho salarial,,nenhuma,história econômica (Plano Cruzado),
ECO-E1-0804-1,E1-0804,1,E1,67.1 - Obj. 🪖,TRIAGEM,HECON,C/E,CEBRASPE,IRBr/CACD/2024,2024,True,True,CERTO,Plano Verão: medidas híbridas e cruzado novo,,nenhuma,história econômica (Plano Verão),
ECO-E1-0805-1,E1-0805,1,E1,67.1 - Obj. 🪖,TRIAGEM,HECON,C/E,CEBRASPE,IRBr/CACD/2024,2024,True,False,ERRADO,Plano Bresser misturava ortodoxia e heterodoxia,,nenhuma,história econômica (Plano Bresser),
ECO-E1-0807-1,E1-0807,1,E1,68.1 - Obj.,04,🎯 Utilidade e curvas de indiferença,C/E,CEBRASPE,IRBr/CACD/2026,2026,True,False,CERTO,U = x1x2 é Cobb-Douglas,,nenhuma,,
ECO-E1-0808-1,E1-0808,1,E1,68.1 - Obj.,04,💵 Restrição orçamentária,C/E,CEBRASPE,IRBr/CACD/2026,2026,True,True,ERRADO,dobrar preços com renda fixa altera a demanda ótima,,nenhuma,,
ECO-E1-0809-1,E1-0809,1,E1,68.1 - Obj.,04,⚖️ Escolha ótima do consumidor,C/E,CEBRASPE,IRBr/CACD/2026,2026,True,False,CERTO,"ótimo Cobb-Douglas: TMS = p1/p2, (4,10)",,nenhuma,,
ECO-E1-0810-1,E1-0810,1,E1,68.1 - Obj.,04-A,📉 Curva renda-consumo e Engel,C/E,CEBRASPE,IRBr/CACD/2026,2026,True,False,CERTO,"preferências homotéticas: renda dobra, consumo dobra",,nenhuma,,
ECO-E1-0811-1,E1-0811,1,E1,68.1 - Obj.,04,⚖️ Escolha ótima do consumidor,C/E,CEBRASPE,IRBr/CACD/2026,2026,True,False,ERRADO,Cobb-Douglas: gastos iguais nos dois bens no ótimo,,nenhuma,,
ECO-E1-0812-1,E1-0812,1,E1,68.1 - Obj.,28,🏭 Oferta agregada e choques,C/E,CEBRASPE,IRBr/CACD/2026,2026,True,False,CERTO,"sem oferta de trabalho, choques nominais afetam produto",,nenhuma,,
ECO-E1-0813-1,E1-0813,1,E1,68.1 - Obj.,28,📈 Demanda agregada,C/E,CEBRASPE,IRBr/CACD/2026,2026,True,False,ERRADO,aumento de M com salário nominal dado não é neutro,,nenhuma,,
ECO-E1-0814-1,E1-0814,1,E1,68.1 - Obj.,27,🏦 Política fiscal e monetária,C/E,CEBRASPE,IRBr/CACD/2026,2026,True,False,CERTO,crowding-out depende de sensibilidade do I e da LM,,nenhuma,,
ECO-E1-0815-1,E1-0815,1,E1,68.1 - Obj.,28,🏭 Oferta agregada e choques,C/E,CEBRASPE,IRBr/CACD/2026,2026,True,True,CERTO,alta do salário nominal eleva P e reduz renda,,nenhuma,,
ECO-E1-0816-1,E1-0816,1,E1,68.1 - Obj.,25,⚙️ Modelo clássico,C/E,CEBRASPE,IRBr/CACD/2026,2026,True,False,ERRADO,dicotomia clássica não vale com salário nominal dado,,nenhuma,,
ECO-E1-0817-1,E1-0817,1,E1,68.1 - Obj.,18,🔗 BP e contas nacionais,C/E,CEBRASPE,IRBr/CACD/2026,2026,True,False,ERRADO,déficit em TC não implica déficit comercial,,nenhuma,,
ECO-E1-0818-1,E1-0818,1,E1,68.1 - Obj.,18,🔗 BP e contas nacionais,C/E,CEBRASPE,IRBr/CACD/2026,2026,True,False,ERRADO,poupança externa positiva = déficit em transações correntes,,nenhuma,,
ECO-E1-0819-1,E1-0819,1,E1,68.1 - Obj.,69,🔗 Paridades e repasse cambial,C/E,CEBRASPE,IRBr/CACD/2026,2026,True,False,ERRADO,"diferencial de juros persistente aprecia câmbio, não deprecia",,nenhuma,,
ECO-E1-0820-1,E1-0820,1,E1,68.1 - Obj.,67,📘 Reservas e intervenção,C/E,CEBRASPE,IRBr/CACD/2026,2026,True,False,ANULADO,trade-offs da política cambial: reservas e inflação,,nenhuma,,"gabarito preliminar ERRADO, anulado"
ECO-E1-0821-1,E1-0821,1,E1,68.1 - Obj.,66,📈 Determinantes do câmbio,C/E,CEBRASPE,IRBr/CACD/2026,2026,True,False,CERTO,alta do risco-país gera saída de capitais e depreciação,,nenhuma,,
ECO-E1-0822-1,E1-0822,1,E1,68.1 - Obj.,66,📏 Câmbio nominal × real e PPC,C/E,CEBRASPE,IRBr/CACD/2026,2026,True,False,CERTO,câmbio real ascendente eleva competitividade-preço,,nenhuma,,
ECO-E1-0823-1,E1-0823,1,E1,68.1 - Obj.,66,💱 Regimes cambiais,C/E,CEBRASPE,IRBr/CACD/2026,2026,True,False,ERRADO,câmbio fixo: juros usados para defender a paridade,,nenhuma,,
ECO-E1-0824-1,E1-0824,1,E1,68.1 - Obj.,TRIAGEM,HECON,C/E,CEBRASPE,IRBr/CACD/2026,2026,True,False,ERRADO,PAI e fases do Plano Real,,nenhuma,história econômica do Brasil,
ECO-E1-0825-1,E1-0825,1,E1,68.1 - Obj.,TRIAGEM,HECON,C/E,CEBRASPE,IRBr/CACD/2026,2026,True,False,CERTO,milagre: crédito expansionista e controle de preços,,nenhuma,história econômica do Brasil,
ECO-E1-0826-1,E1-0826,1,E1,68.1 - Obj.,TRIAGEM,HECON,C/E,CEBRASPE,IRBr/CACD/2026,2026,True,False,CERTO,reforma tributária do PAEG e ajuste fiscal,,nenhuma,história econômica do Brasil,
ECO-E1-0827-1,E1-0827,1,E1,68.1 - Obj.,TRIAGEM,HECON,C/E,CEBRASPE,IRBr/CACD/2026,2026,True,True,ERRADO,setores prioritários do Plano de Metas e do SALTE,,nenhuma,história econômica do Brasil,
ECO-E1-0828-1,E1-0828,1,E1,68.1 - Obj.,42,💳 Pagamentos e economia digital,C/E,CEBRASPE,IRBr/CACD/2026,2026,True,False,CERTO,CBDC altera captação bancária e transmissão monetária,,nenhuma,,
ECO-E1-0829-1,E1-0829,1,E1,68.1 - Obj.,42,💳 Pagamentos e economia digital,C/E,CEBRASPE,IRBr/CACD/2026,2026,True,True,CERTO,pagamentos digitais têm externalidades de rede,,nenhuma,,
ECO-E1-0830-1,E1-0830,1,E1,68.1 - Obj.,42,💳 Pagamentos e economia digital,C/E,CEBRASPE,IRBr/CACD/2026,2026,True,False,ERRADO,BCB supervisiona também instituições financeiras digitais,,nenhuma,,
ECO-E1-0831-1,E1-0831,1,E1,68.1 - Obj.,42,💳 Pagamentos e economia digital,C/E,CEBRASPE,IRBr/CACD/2026,2026,True,False,ERRADO,pagamentos digitais não eliminam intermediação bancária de crédito,,nenhuma,,
ECO-E1-0834-1,E1-0834,1,E1,68.1 - Obj.,04,🎯 Utilidade e curvas de indiferença,C/E,Nidi/Jacqueline Bueno,,2026,False,False,ERRADO,TMS decrescente ao longo da curva de indiferença convexa,,nenhuma,,
ECO-E1-0835-1,E1-0835,1,E1,68.1 - Obj.,04,🎯 Utilidade e curvas de indiferença,C/E,Nidi/Jacqueline Bueno,,2026,False,False,ERRADO,curvas de indiferença de níveis distintos não se cruzam,,nenhuma,,
ECO-E1-0836-1,E1-0836,1,E1,68.1 - Obj.,04-A,📉 Curva renda-consumo e Engel,C/E,Nidi/Jacqueline Bueno,,2026,False,False,CERTO,aumento de renda pode reduzir consumo de bem inferior,,nenhuma,,
ECO-E1-0837-1,E1-0837,1,E1,68.1 - Obj.,04,🧠 Preferências e axiomas,C/E,Nidi/Jacqueline Bueno,,2026,False,False,ERRADO,não saciedade não implica utilidade sempre crescente,,nenhuma,,
ECO-E1-0838-1,E1-0838,1,E1,68.1 - Obj.,04,🎯 Utilidade e curvas de indiferença,C/E,Nidi/Jacqueline Bueno,,2026,False,False,CERTO,lei da utilidade marginal decrescente,,nenhuma,,
ECO-E1-0839-1,E1-0839,1,E1,68.1 - Obj.,04,📊 Demanda individual e de mercado,C/E,Nidi/Jacqueline Bueno,,2026,False,False,ERRADO,UMg negativa não gera demanda crescente,,nenhuma,,
ECO-E1-0840-1,E1-0840,1,E1,68.1 - Obj.,04,⚖️ Escolha ótima do consumidor,C/E,Nidi/Jacqueline Bueno,,2026,False,False,CERTO,Cobb-Douglas: fração da renda gasta em Y,,nenhuma,,
ECO-E1-0841-1,E1-0841,1,E1,68.1 - Obj.,04,🧠 Preferências e axiomas,C/E,Nidi/Jacqueline Bueno,,2026,False,False,ERRADO,convexidade não equivale a TMS decrescente,,nenhuma,,
ECO-E1-0842-1,E1-0842,1,E1,68.1 - Obj.,04,🧠 Preferências e axiomas,C/E,Nidi/Jacqueline Bueno,,2026,False,False,ERRADO,U = -x1x2 não é monotônica,,nenhuma,,
ECO-E1-0843-1,E1-0843,1,E1,68.1 - Obj.,17,📊 Nominal × real e deflator,C/E,Nidi/Jacqueline Bueno,,2026,False,False,CERTO,melhoria de qualidade enviesa PIB real para baixo,,nenhuma,,
ECO-E1-0844-1,E1-0844,1,E1,68.1 - Obj.,17,"📏 PIB, PNB, RNB e conceitos derivados",C/E,Nidi/Jacqueline Bueno,,2026,False,False,CERTO,renda enviada > recebida implica PI > PN,,nenhuma,,
ECO-E1-0845-1,E1-0845,1,E1,68.1 - Obj.,17,📊 Nominal × real e deflator,C/E,Nidi/Jacqueline Bueno,,2026,False,False,ERRADO,PIB real pode crescer mais que nominal com deflação,,nenhuma,,
ECO-E1-0846-1,E1-0846,1,E1,68.1 - Obj.,17,🔄 Identidades e óticas do produto,C/E,Nidi/Jacqueline Bueno,,2026,False,False,ERRADO,conceito contábil de investimento nas Contas Nacionais,,nenhuma,,
ECO-E1-0847-1,E1-0847,1,E1,68.1 - Obj.,17,💲 Preços de mercado × custo de fatores,C/E,Nidi/Jacqueline Bueno,,2026,False,False,CERTO,PILcf = PIB − depreciação − impostos indiretos líquidos,,nenhuma,,
ECO-E1-0848-1,E1-0848,1,E1,68.1 - Obj.,TRIAGEM,HECON,C/E,Nidi/Jacqueline Bueno,,2026,False,False,CERTO,Comissão Mista Brasil-EUA e pontos de estrangulamento,,nenhuma,história econômica do Brasil,
ECO-E1-0849-1,E1-0849,1,E1,68.1 - Obj.,TRIAGEM,HECON,C/E,Nidi/Jacqueline Bueno,,2026,False,False,ERRADO,Instrução 113 da SUMOC: governo e conteúdo,,nenhuma,história econômica do Brasil,
ECO-E1-0850-1,E1-0850,1,E1,68.1 - Obj.,TRIAGEM,HECON,C/E,Nidi/Jacqueline Bueno,,2026,False,False,CERTO,inflação no governo JK: crescimento sobre estabilização,,nenhuma,história econômica do Brasil,
ECO-E1-0851-1,E1-0851,1,E1,68.1 - Obj.,TRIAGEM,HECON,C/E,Nidi/Jacqueline Bueno,,2026,False,False,ERRADO,Programa de Estabilização Monetária de 1958,,nenhuma,história econômica do Brasil,
ECO-E1-0852-1,E1-0852,1,E1,68.1 - Obj.,TRIAGEM,HECON,C/E,Nidi/Jacqueline Bueno,,2026,False,False,CERTO,Convênio de Taubaté e valorização do café,,nenhuma,história econômica do Brasil,
ECO-E1-0853-1,E1-0853,1,E1,68.1 - Obj.,TRIAGEM,HECON,C/E,Nidi/Jacqueline Bueno,,2026,False,False,CERTO,indústria dependente do complexo exportador na Primeira República,,nenhuma,história econômica do Brasil,
ECO-E1-0854-1,E1-0854,1,E1,68.1 - Obj.,TRIAGEM,HECON,C/E,Nidi/Jacqueline Bueno,,2026,False,False,ERRADO,Primeira Guerra e capacidade da indústria têxtil,,nenhuma,história econômica do Brasil,
ECO-E1-0855-1,E1-0855,1,E1,68.1 - Obj.,TRIAGEM,HECON,C/E,Nidi/Jacqueline Bueno,,2026,False,False,ERRADO,Caixa de Conversão de 1906 e câmbio,,nenhuma,história econômica do Brasil,
ECO-E1-0856-1,E1-0856,1,E1,68.1 - Obj.,76,⭐ Cadeias globais de valor,C/E,Nidi/Jacqueline Bueno,,2026,False,False,CERTO,governança distribuída das CGVs e normas da OMC,,nenhuma,,
ECO-E1-0857-1,E1-0857,1,E1,68.1 - Obj.,76,⭐ Cadeias globais de valor,C/E,Nidi/Jacqueline Bueno,,2026,False,False,ERRADO,verticalizar ou subcontratar: processos contínuos,,nenhuma,,
ECO-E1-0858-1,E1-0858,1,E1,68.1 - Obj.,75,🔬 Novas teorias do comércio,C/E,Nidi/Jacqueline Bueno,,2026,False,False,CERTO,economias de escala determinam padrão de comércio,,nenhuma,,
ECO-E1-0859-1,E1-0859,1,E1,68.1 - Obj.,73,🧪 Heckscher-Ohlin e teoremas,C/E,Nidi/Jacqueline Bueno,,2026,False,False,CERTO,H-O: dotação relativa e intensidade fatorial,,nenhuma,,
ECO-E1-0860-1,E1-0860,1,E1,70.1 - Obj.,17,📊 Nominal × real e deflator,C/E,Banca não identificada,,2016,False,True,ERRADO,deflator do PIB = PIB nominal / PIB real,,nenhuma,,"provável CACD 2016 (contexto diplomata); sem banca no texto; ❌ no início da linha do item, não da frente"
ECO-E1-0861-1,E1-0861,1,E1,70.1 - Obj.,70,🌊 Câmbio flutuante,C/E,Banca não identificada,,2016,False,True,ERRADO,fiscal com câmbio flutuante e mobilidade alta imperfeita,,nenhuma,,"provável CACD 2016 (contexto diplomata); sem banca no texto; ❌ no início da linha do item, não da frente"
ECO-E1-0862-1,E1-0862,1,E1,70.1 - Obj.,70,🔒 Câmbio fixo,C/E,Banca não identificada,,2016,False,False,ERRADO,fiscal eficaz em câmbio fixo com baixa mobilidade,,nenhuma,,provável CACD 2016 (contexto diplomata); sem banca no texto
ECO-E1-0863-1,E1-0863,1,E1,70.1 - Obj.,37,🔥 Tipos e teorias da inflação,C/E,Banca não identificada,,2016,False,False,CERTO,efeitos nocivos da inflação alta com câmbio fixo,,nenhuma,,provável CACD 2016 (contexto diplomata); sem banca no texto
ECO-E1-0864-1,E1-0864,1,E1,70.1 - Obj.,69,🔗 Paridades e repasse cambial,C/E,Banca não identificada,,2022,False,False,CERTO,alta dos juros domésticos aprecia moeda nacional,,nenhuma,,
ECO-E1-0865-1,E1-0865,1,E1,70.1 - Obj.,70,🌊 Câmbio flutuante,C/E,Banca não identificada,,2022,False,False,ERRADO,monetária expansionista deprecia câmbio no Mundell-Fleming,,nenhuma,,
ECO-E1-0866-1,E1-0866,1,E1,70.1 - Obj.,69,🔗 Paridades e repasse cambial,C/E,Banca não identificada,,2022,False,False,CERTO,risco-país na paridade descoberta amplia diferencial de juros,,nenhuma,,
ECO-E1-0867-1,E1-0867,1,E1,70.1 - Obj.,66,📏 Câmbio nominal × real e PPC,C/E,Banca não identificada,,2022,False,False,ERRADO,inflação doméstica aprecia câmbio real,,nenhuma,,
ECO-E1-0868-1,E1-0868,1,E1,70.1 - Obj.,70,🔒 Câmbio fixo,C/E,Nidi/Jacqueline Bueno,,2023,False,True,CERTO,fiscal expansionista em câmbio fixo acumula reservas,,nenhuma,,
ECO-E1-0869-1,E1-0869,1,E1,70.1 - Obj.,26,✖️ Multiplicadores,C/E,Nidi/Jacqueline Bueno,,2023,False,False,CERTO,multiplicador do gasto maior que o da redução de tributos,,nenhuma,,
ECO-E1-0870-1,E1-0870,1,E1,70.1 - Obj.,67,📘 Reservas e intervenção,C/E,Nidi/Jacqueline Bueno,,2023,False,False,CERTO,venda de reservas esterilizada valoriza câmbio,,nenhuma,,
ECO-E1-0871-1,E1-0871,1,E1,70.1 - Obj.,70,🔒 Câmbio fixo,C/E,Prof. Daniel (Telegram Economia CACD),,,False,False,ERRADO,câmbio fixo e mobilidade perfeita: PM ineficaz,,nenhuma,,
ECO-E1-0872-1,E1-0872,1,E1,70.1 - Obj.,27,🕳️ Casos extremos,C/E,Prof. Daniel (Telegram Economia CACD),,,False,False,CERTO,"armadilha da liquidez: LM horizontal, PM inoperante",,nenhuma,,
ECO-E1-0873-1,E1-0873,1,E1,70.1 - Obj.,27,🏦 Política fiscal e monetária,C/E,Prof. Daniel (Telegram Economia CACD),,,False,False,ERRADO,expansão fiscal desloca IS à direita e eleva juros,,nenhuma,,
ECO-E1-0874-1,E1-0874,1,E1,70.1 - Obj.,70,🔒 Câmbio fixo,C/E,Prof. Rodrigo Teixeira,,,False,True,ERRADO,trilema: câmbio fixo e mobilidade perfeita anulam PM,,ausente_deduzivel,,"frente só imagem; verso indica tema (trilema, câmbio fixo)"
ECO-E1-0875-1,E1-0875,1,E1,70.1 - Obj.,70,📍 Curva BP e mobilidade de capital,C/E,Prof. Rodrigo Teixeira,,,False,False,CERTO,curva BP: combinações de renda e juros com BP = 0,,ausente_irrecuperavel,frente só imagem; assertiva não reconstituível,"verso explica curva BP, assertiva exata desconhecida"
ECO-E1-0876-1,E1-0876,1,E1,70.1 - Obj.,70,📍 Curva BP e mobilidade de capital,C/E,Prof. Rodrigo Teixeira,,,False,False,CERTO,maior abertura comercial reduz impacto da política fiscal,,transcrita_ok,,
ECO-E1-0877-1,E1-0877,1,E1,70.1 - Obj.,70,🔒 Câmbio fixo,C/E,Prof. Rodrigo Teixeira,,,False,False,CERTO,câmbio fixo e mobilidade perfeita: oferta de moeda endógena,,transcrita_ok,,
ECO-E1-0878-1,E1-0878,1,E1,70.1 - Obj.,70,🔒 Câmbio fixo,C/E,Prof. Rodrigo Teixeira,,,False,False,CERTO,câmbio fixo e mobilidade perfeita: máxima eficácia fiscal,,ausente_deduzivel,,frente só imagem; verso permite reconstruir
ECO-E1-0879-1,E1-0879,1,E1,70.1 - Obj.,66,📈 Determinantes do câmbio,C/E,Banca não identificada,,,False,False,CERTO,queda dos juros deprecia câmbio flutuante com mobilidade,,nenhuma,,
ECO-E1-0880-1,E1-0880,1,E1,70.1 - Obj.,70,🔒 Câmbio fixo,C/E,Banca não identificada,,,False,False,CERTO,baixa mobilidade e câmbio fixo: fiscal eficaz,,nenhuma,,
ECO-E1-0881-1,E1-0881,1,E1,70.1 - Obj.,70,🔒 Câmbio fixo,C/E,Banca não identificada,,,False,False,ERRADO,"expansão fiscal não reduz juros (baixa mobilidade, câmbio fixo)",,nenhuma,,
ECO-E1-0882-1,E1-0882,1,E1,70.1 - Obj.,70,🔒 Câmbio fixo,C/E,Banca não identificada,,,False,False,ERRADO,expansão fiscal desloca IS; LM só depois via reservas,,nenhuma,,
ECO-E1-0883-1,E1-0883,1,E1,70.1 - Obj.,70,🔒 Câmbio fixo,C/E,Banca não identificada,,,False,False,ERRADO,expansão fiscal desloca IS para a direita,,nenhuma,,
ECO-E1-0884-1,E1-0884,1,E1,70.1 - Obj.,70,🌊 Câmbio flutuante,C/E,Banca não identificada,,,False,False,CERTO,"PM expansionista: juros caem, câmbio deprecia, IS desloca",,nenhuma,,
ECO-E1-0885-1,E1-0885,1,E1,70.1 - Obj.,70,🌊 Câmbio flutuante,C/E,Banca não identificada,,,False,False,ERRADO,PM contracionista reduz produto em câmbio flexível,,nenhuma,,
ECO-E1-0886-1,E1-0886,1,E1,70.1 - Obj.,66,💱 Regimes cambiais,C/E,Banca não identificada,,,False,False,CERTO,câmbio flutuante em crise fiscal estimula exportações,,nenhuma,,
ECO-E1-0887-1,E1-0887,1,E1,70.1 - Obj.,66,💱 Regimes cambiais,C/E,Banca não identificada,,,False,False,ERRADO,"sem reservas, câmbio fixo é insustentável",,nenhuma,,
ECO-E1-0888-1,E1-0888,1,E1,70.1 - Obj.,70,🔒 Câmbio fixo,C/E,Banca não identificada,,,False,False,CERTO,fiscal eficaz em câmbio fixo; BC amplia efeito,,nenhuma,,
ECO-E1-0889-1,E1-0889,1,E1,70.1 - Obj.,70,🔒 Câmbio fixo,C/E,Banca não identificada,,,False,False,ERRADO,desvalorização cambial eleva a renda,,nenhuma,,
ECO-E1-0890-1,E1-0890,1,E1,70.1 - Obj.,70,🔒 Câmbio fixo,C/E,Banca não identificada,,,False,False,CERTO,desvalorização eleva reservas e base monetária,,nenhuma,,
ECO-E1-0891-1,E1-0891,1,E1,70.1 - Obj.,70,📍 Curva BP e mobilidade de capital,C/E,Banca não identificada,,,False,False,ERRADO,desvalorização desloca BP para a direita,,nenhuma,,
ECO-E1-0892-1,E1-0892,1,E1,70.1 - Obj.,70,🔒 Câmbio fixo,C/E,Banca não identificada,,,False,False,CERTO,PM expansionista com câmbio fixo gera fuga de capitais,,nenhuma,,
ECO-E1-0893-1,E1-0893,1,E1,75.1 - Obj.,73,⛵ Vantagens absolutas e comparativas,C/E,Banca não identificada,,2016,False,False,ERRADO,Ricardo: vantagens comparativas baseadas só no trabalho,,nenhuma,,
ECO-E1-0894-1,E1-0894,1,E1,75.1 - Obj.,73,🧪 Heckscher-Ohlin e teoremas,C/E,Banca não identificada,,2016,False,False,CERTO,H-O: comércio por dotações distintas de fatores,,nenhuma,,
ECO-E1-0895-1,E1-0895,1,E1,75.1 - Obj.,73,🧪 Heckscher-Ohlin e teoremas,C/E,Banca não identificada,,2016,False,False,CERTO,HOS: comércio leva à convergência dos preços dos fatores,,nenhuma,,
ECO-E1-0896-1,E1-0896,1,E1,75.1 - Obj.,74,🌎 CEPAL e termos de troca,C/E,Banca não identificada,,2016,False,True,ERRADO,CEPAL: baixa elasticidade-renda dos bens primários,,nenhuma,,
ECO-E1-0897-1,E1-0897,1,E1,75.1 - Obj.,73,⛵ Vantagens absolutas e comparativas,C/E,Banca não identificada,,2020,False,False,ERRADO,Ricardo não exige especialização completa para ganhos,,nenhuma,,
ECO-E1-0898-1,E1-0898,1,E1,75.1 - Obj.,75,🔬 Novas teorias do comércio,C/E,Banca não identificada,,2020,False,False,ERRADO,economias de escala: FPP não é linear,,nenhuma,,
ECO-E1-0899-1,E1-0899,1,E1,75.1 - Obj.,73,⛵ Vantagens absolutas e comparativas,C/E,Banca não identificada,,2020,False,False,CERTO,comércio permite consumo além da FPP,,nenhuma,,
ECO-E1-0900-1,E1-0900,1,E1,75.1 - Obj.,73,⛵ Vantagens absolutas e comparativas,C/E,Banca não identificada,,2020,False,False,CERTO,vantagens comparativas por funções de produção diferentes,,nenhuma,,
ECO-E1-0901-1,E1-0901,1,E1,75.1 - Obj.,73,⛵ Vantagens absolutas e comparativas,C/E,Banca não identificada,,2013,False,False,CERTO,clássicos: produtividade do trabalho; neoclássicos: dotações,,nenhuma,,
ECO-E1-0902-1,E1-0902,1,E1,75.1 - Obj.,79,💰 Subsídios e defesa comercial,C/E,Banca não identificada,,2013,False,False,ANULADO,salvaguarda × antidumping: abrangência das importações,,nenhuma,,
ECO-E1-0903-1,E1-0903,1,E1,75.1 - Obj.,79,🏛️ Política comercial e OMC,C/E,Banca não identificada,,2013,False,False,ERRADO,TRIMs: regras multilaterais sobre investimentos,,nenhuma,,
ECO-E1-0904-1,E1-0904,1,E1,75.1 - Obj.,79,🏛️ Política comercial e OMC,C/E,Banca não identificada,,2013,False,False,ERRADO,acordos regionais e compatibilidade com normas multilaterais,,nenhuma,,
ECO-E1-0905-1,E1-0905,1,E1,75.1 - Obj.,73,⛵ Vantagens absolutas e comparativas,C/E,Banca não identificada,,2010,False,False,ERRADO,vantagem comparativa ≠ produção pelo de menor custo absoluto,,nenhuma,,
ECO-E1-0906-1,E1-0906,1,E1,75.1 - Obj.,74,🌎 CEPAL e termos de troca,C/E,Banca não identificada,,2010,False,False,CERTO,Prebisch: elasticidades-renda e termos de troca,,nenhuma,,
ECO-E1-0907-1,E1-0907,1,E1,75.1 - Obj.,66,📏 Câmbio nominal × real e PPC,C/E,Banca não identificada,,2010,False,False,ERRADO,PPC: inflação maior pressiona depreciação,,nenhuma,,
ECO-E1-0908-1,E1-0908,1,E1,75.1 - Obj.,73,⛵ Vantagens absolutas e comparativas,C/E,Banca não identificada,,2010,False,False,ERRADO,modelo clássico aplicável a comércio de serviços,,nenhuma,,
ECO-E1-0909-1,E1-0909,1,E1,75.1 - Obj.,79,🧾 Tarifas,C/E,Banca não identificada,,2010,False,False,ERRADO,barreiras comerciais apreciam câmbio real no longo prazo,,nenhuma,,
ECO-E1-0910-1,E1-0910,1,E1,75.1 - Obj.,74,🌎 CEPAL e termos de troca,C/E,Banca não identificada,,2010,False,False,ERRADO,criação da CEPAL sem apoio decidido dos EUA,,nenhuma,,
ECO-E1-0911-1,E1-0911,1,E1,75.1 - Obj.,74,🌎 CEPAL e termos de troca,C/E,Banca não identificada,,2010,False,False,CERTO,ideias de Prebisch e criação da UNCTAD,,nenhuma,,
ECO-E1-0912-1,E1-0912,1,E1,75.1 - Obj.,74,🌎 CEPAL e termos de troca,C/E,Banca não identificada,,2010,False,False,ERRADO,Prebisch não defendeu industrialização voltada à exportação,,nenhuma,,
ECO-E1-0913-1,E1-0913,1,E1,75.1 - Obj.,74,🌎 CEPAL e termos de troca,C/E,Banca não identificada,,2010,False,False,CERTO,Celso Furtado e a CEPAL,,nenhuma,,
ECO-E1-0914-1,E1-0914,1,E1,75.1 - Obj.,73,⛵ Vantagens absolutas e comparativas,C/E,Banca não identificada,,2022,False,False,ERRADO,ganhos do comércio não são equivalentes entre países,,nenhuma,,
ECO-E1-0915-1,E1-0915,1,E1,75.1 - Obj.,73,🧪 Heckscher-Ohlin e teoremas,C/E,Banca não identificada,,2022,False,False,ERRADO,"fatores específicos: FPP côncava, PMg decrescente",,nenhuma,,
ECO-E1-0916-1,E1-0916,1,E1,75.1 - Obj.,73,🧪 Heckscher-Ohlin e teoremas,C/E,Banca não identificada,,2022,False,False,ERRADO,H-O: especialização no bem intensivo no fator abundante,,nenhuma,,
ECO-E1-0917-1,E1-0917,1,E1,75.1 - Obj.,73,⛵ Vantagens absolutas e comparativas,C/E,Banca não identificada,,2022,False,True,CERTO,mudança de preços relativos altera composição da produção,,nenhuma,,
ECO-E1-0918-1,E1-0918,1,E1,75.1 - Obj.,83,🌋 Conjuntura brasileira,C/E,Clipping,,2023,False,False,CERTO,exportações agropecuárias em 2022: valor e volume,,nenhuma,,
ECO-E1-0919-1,E1-0919,1,E1,75.1 - Obj.,73,🧪 Heckscher-Ohlin e teoremas,C/E,Clipping,,2023,False,False,ERRADO,H-O: abundância de capital → bens intensivos em capital,,nenhuma,,
ECO-E1-0920-1,E1-0920,1,E1,75.1 - Obj.,75,🔬 Novas teorias do comércio,C/E,Clipping,,2023,False,False,ERRADO,Ricardo não explica comércio intrassetorial,,nenhuma,,
ECO-E1-0921-1,E1-0921,1,E1,75.1 - Obj.,74,🌎 CEPAL e termos de troca,C/E,Clipping,,2023,False,False,CERTO,CEPAL: estrutura centro-periferia e dependência,,nenhuma,,
ECO-E1-0922-1,E1-0922,1,E1,75.1 - Obj.,75,🔬 Novas teorias do comércio,C/E,Nidi/Jacqueline Bueno,,2023,False,False,CERTO,modelo gravitacional: tamanho e distância,,nenhuma,,
ECO-E1-0923-1,E1-0923,1,E1,75.1 - Obj.,73,❓ Paradoxo de Leontief e termos de troca,C/E,Nidi/Jacqueline Bueno,,2023,False,False,CERTO,paradoxo de Leontief: EUA exportavam bens trabalho-intensivos,,nenhuma,,
ECO-E1-0924-1,E1-0924,1,E1,75.1 - Obj.,73,🧪 Heckscher-Ohlin e teoremas,C/E,Nidi/Jacqueline Bueno,,2023,False,False,ERRADO,Stolper-Samuelson: tarifa eleva renda do fator intensivo,,nenhuma,,
ECO-E1-0925-1,E1-0925,1,E1,75.1 - Obj.,79,🧾 Tarifas,C/E,Nidi/Jacqueline Bueno,,2023,False,True,ERRADO,tarifas ad valorem não são advogadas pelas teorias modernas,,nenhuma,,
ECO-E1-0926-1,E1-0926,1,E1,75.1 - Obj.,73,🧪 Heckscher-Ohlin e teoremas,ME,Banca não identificada,Senado/Consultor/2022,2022,False,False,?,características das teorias neoclássicas de comércio,,nenhuma,,Senado/Consultor 2022; gabarito no verso truncado (provável D)
ECO-E1-0927-1,E1-0927,1,E1,75.1 - Obj.,TRIAGEM,15,C/E,Prof. Daniel (Telegram Economia CACD),,,False,False,CERTO,Smith × Ricardo: objeto da economia,,nenhuma,"história do pensamento econômico, sem nota própria",
ECO-E1-0928-1,E1-0928,1,E1,75.1 - Obj.,73,⛵ Vantagens absolutas e comparativas,C/E,Prof. Daniel (Telegram Economia CACD),,,False,False,CERTO,vantagens comparativas: ganhos independem da eficiência absoluta,,nenhuma,,
ECO-E1-0929-1,E1-0929,1,E1,76.1 - Obj.,18,🏗️ Estrutura do BP (BPM6),C/E,Banca não identificada,,2015,False,False,ERRADO,saldo da conta de serviços a partir de tabela do BP,,ausente_deduzivel,,tabela do BP só em imagem; verso traz o cálculo
ECO-E1-0930-1,E1-0930,1,E1,76.1 - Obj.,18,🏗️ Estrutura do BP (BPM6),C/E,Banca não identificada,,2015,False,False,CERTO,déficit no BP financiado por redução de reservas,,ausente_deduzivel,,
ECO-E1-0931-1,E1-0931,1,E1,76.1 - Obj.,77,💼 IED e portfólio,C/E,Banca não identificada,,2015,False,True,CERTO,ações no secundário e reinvestimento não ampliam capital,,ausente_deduzivel,,verso: 'Correto' com ressalva
ECO-E1-0932-1,E1-0932,1,E1,76.1 - Obj.,18,🏗️ Estrutura do BP (BPM6),C/E,Banca não identificada,,2015,False,True,ERRADO,capitais autônomos a partir de tabela do BP,,ausente_deduzivel,,tabela do BP só em imagem; verso indica valor
ECO-E1-0933-1,E1-0933,1,E1,79.1 - Obj.,79,🧾 Tarifas,C/E,Banca não identificada,,2017,False,True,ERRADO,tarifa sem efeito de longo prazo na balança com câmbio flexível,,nenhuma,,
ECO-E1-0934-1,E1-0934,1,E1,79.1 - Obj.,83,🌋 Conjuntura brasileira,C/E,Banca não identificada,,2017,False,False,CERTO,commodities na pauta e peso crescente da Ásia,,nenhuma,,
ECO-E1-0935-1,E1-0935,1,E1,79.1 - Obj.,73,🧪 Heckscher-Ohlin e teoremas,C/E,Banca não identificada,,2017,False,True,ERRADO,H-O: tecnologia igual compatível com tecnologia bem público,,nenhuma,,
ECO-E1-0936-1,E1-0936,1,E1,79.1 - Obj.,73,🧪 Heckscher-Ohlin e teoremas,C/E,Banca não identificada,,2017,False,False,CERTO,dotação de fatores e armadilha da renda média,,nenhuma,,
ECO-E1-0937-1,E1-0937,1,E1,79.1 - Obj.,79,🧾 Tarifas,C/E,Banca não identificada,,2015,False,False,ERRADO,tarifa reduz excedente do consumidor e eleva o do produtor,,nenhuma,,
ECO-E1-0938-1,E1-0938,1,E1,79.1 - Obj.,73,⛵ Vantagens absolutas e comparativas,C/E,Banca não identificada,,2015,False,False,CERTO,Ricardo: diferenças de produtividade relativa do trabalho,,nenhuma,,
ECO-E1-0939-1,E1-0939,1,E1,79.1 - Obj.,18,✍️ Lançamentos,C/E,Banca não identificada,,2015,False,False,ERRADO,compra de empresa no exterior: investimento direto na conta financeira,,nenhuma,,
ECO-E1-0940-1,E1-0940,1,E1,79.1 - Obj.,70,🌊 Câmbio flutuante,C/E,Banca não identificada,,2015,False,True,ERRADO,fiscal expansionista aprecia câmbio e reduz exportações líquidas,,nenhuma,,
ECO-E1-0941-1,E1-0941,1,E1,79.1 - Obj.,78,🌐 Globalização e vulnerabilidade,C/E,Banca não identificada,,2015,False,False,ERRADO,contágio financeiro também afeta balança comercial,,nenhuma,,
ECO-E1-0942-1,E1-0942,1,E1,79.1 - Obj.,73,⛵ Vantagens absolutas e comparativas,C/E,Banca não identificada,,2011,False,False,ERRADO,livre comércio eleva especialização e interdependência,,nenhuma,,
ECO-E1-0943-1,E1-0943,1,E1,79.1 - Obj.,79,🚫 Cotas e barreiras não tarifárias,C/E,Banca não identificada,,2011,False,False,ERRADO,restrições fitossanitárias não geram economias de escala,,nenhuma,,
ECO-E1-0944-1,E1-0944,1,E1,79.1 - Obj.,79,🏛️ Política comercial e OMC,C/E,Banca não identificada,,2011,False,False,CERTO,argumento protecionista de evitar exportação de empregos,,nenhuma,,
ECO-E1-0945-1,E1-0945,1,E1,79.1 - Obj.,66,📈 Determinantes do câmbio,C/E,Banca não identificada,,2011,False,False,ERRADO,câmbio flutuante: déficit no BP deprecia o câmbio,,nenhuma,,
ECO-E1-0946-1,E1-0946,1,E1,79.1 - Obj.,78,🌐 Globalização e vulnerabilidade,C/E,Banca não identificada,,2011,False,True,CERTO,IOF sobre capital estrangeiro como controle de capitais,,nenhuma,,
ECO-E1-0947-1,E1-0947,1,E1,79.1 - Obj.,79,🧾 Tarifas,C/E,Banca não identificada,,2011,False,False,CERTO,tarifa transfere renda ao governo e gera ineficiência,,nenhuma,,
ECO-E1-0948-1,E1-0948,1,E1,79.1 - Obj.,70,🔒 Câmbio fixo,C/E,Banca não identificada,,2011,False,False,ERRADO,política monetária ineficaz em câmbio fixo,,nenhuma,,
ECO-E1-0949-1,E1-0949,1,E1,79.1 - Obj.,73,⛵ Vantagens absolutas e comparativas,C/E,Banca não identificada,,2011,False,False,ERRADO,especialização decorre das vantagens comparativas,,nenhuma,,
ECO-E1-0950-1,E1-0950,1,E1,79.1 - Obj.,79,🧾 Tarifas,C/E,Banca não identificada,,2019,False,False,CERTO,país grande: tarifa gera ganho nos termos de troca,,nenhuma,,
ECO-E1-0951-1,E1-0951,1,E1,79.1 - Obj.,79,💰 Subsídios e defesa comercial,C/E,Banca não identificada,,2019,False,False,ERRADO,subsídio à exportação prejudica consumidores domésticos,,nenhuma,,
ECO-E1-0952-1,E1-0952,1,E1,79.1 - Obj.,79,🚫 Cotas e barreiras não tarifárias,C/E,Banca não identificada,,2019,False,False,ERRADO,tarifa gera receita ao governo; cota não,,nenhuma,,
ECO-E1-0953-1,E1-0953,1,E1,79.1 - Obj.,79,🧾 Tarifas,C/E,Banca não identificada,,2019,False,False,CERTO,"tarifa de exportação: estabiliza preços, desestimula produção",,nenhuma,,
ECO-E1-0954-1,E1-0954,1,E1,79.1 - Obj.,12,🌫️ Externalidades e Coase,C/E,Nidi/Jacqueline Bueno,,2023,False,True,CERTO,imposto pigouviano sobre produção ou consumo,,nenhuma,,
ECO-E1-0955-1,E1-0955,1,E1,79.1 - Obj.,79,🏛️ Política comercial e OMC,C/E,Nidi/Jacqueline Bueno,,2023,False,False,ERRADO,protecionismo e externalidades positivas de transbordamento,,nenhuma,,
ECO-E1-0956-1,E1-0956,1,E1,79.1 - Obj.,02,🔗 Elasticidade-renda e cruzada,C/E,Nidi/Jacqueline Bueno,,2023,False,True,ERRADO,elasticidade cruzada baixa aumenta poder de preço,,nenhuma,,
ECO-E1-0957-1,E1-0957,1,E1,79.1 - Obj.,03,😊 Excedentes e eficiência,C/E,Nidi/Jacqueline Bueno,,2023,False,False,ERRADO,alta de preço reduz excedente do consumidor,,nenhuma,,
ECO-E1-0958-1,E1-0958,1,E1,84.1 - Obj.,84,🌐 Conjuntura internacional,C/E,Banca não identificada,,2017,False,False,ERRADO,Arranjo Contingente de Reservas do BRICS: contribuições,,nenhuma,,
ECO-E1-0959-1,E1-0959,1,E1,84.1 - Obj.,84,🌐 Conjuntura internacional,C/E,Banca não identificada,,2017,False,False,CERTO,NDB e AIIB e o papel dos bancos de desenvolvimento,,nenhuma,,
ECO-E1-0960-1,E1-0960,1,E1,84.1 - Obj.,84,🌐 Conjuntura internacional,C/E,Banca não identificada,,2017,False,False,CERTO,G20 2009: reforma de quotas do FMI e Banco Mundial,,nenhuma,,
ECO-E1-0961-1,E1-0961,1,E1,84.1 - Obj.,84,🌐 Conjuntura internacional,C/E,Banca não identificada,,2017,False,False,ERRADO,G20 incluiu reforma das agências de classificação de risco,,nenhuma,,
ECO-E1-0962-1,E1-0962,1,E1,84.1 - Obj.,79,🏛️ Política comercial e OMC,C/E,Banca não identificada,,2015,False,False,ERRADO,Brasil em Doha defende redução de tarifas,,nenhuma,,
ECO-E1-0963-1,E1-0963,1,E1,84.1 - Obj.,79,🏛️ Política comercial e OMC,C/E,Banca não identificada,,2015,False,False,CERTO,Doha: ênfase dos países em desenvolvimento na agricultura,,nenhuma,,
ECO-E1-0964-1,E1-0964,1,E1,84.1 - Obj.,79,🏛️ Política comercial e OMC,C/E,Banca não identificada,,2015,False,False,CERTO,GATT liberalizou manufaturas mais que agricultura,,nenhuma,,
ECO-E1-0965-1,E1-0965,1,E1,84.1 - Obj.,79,🏛️ Política comercial e OMC,C/E,Banca não identificada,,2015,False,False,ERRADO,distorções agrícolas: subsídios à produção e tarifas à importação,,nenhuma,,
ECO-E1-0966-1,E1-0966,1,E1,84.1 - Obj.,83,🌋 Conjuntura brasileira,C/E,Banca não identificada,,2014,False,True,ERRADO,classificação das exportações brasileiras por fator agregado,,nenhuma,,
ECO-E1-0967-1,E1-0967,1,E1,84.1 - Obj.,83,🌋 Conjuntura brasileira,C/E,Banca não identificada,,2014,False,False,ERRADO,balança comercial brasileira em 2013,,nenhuma,,
ECO-E1-0968-1,E1-0968,1,E1,84.1 - Obj.,83,🌋 Conjuntura brasileira,C/E,Banca não identificada,,2014,False,False,CERTO,MERCOSUL como destino das exportações brasileiras,,nenhuma,,
ECO-E1-0969-1,E1-0969,1,E1,84.1 - Obj.,83,🌋 Conjuntura brasileira,C/E,Banca não identificada,,2014,False,False,CERTO,petróleo bruto nas importações brasileiras,,nenhuma,,
ECO-E1-0970-1,E1-0970,1,E1,84.1 - Obj.,79,🏛️ Política comercial e OMC,C/E,Banca não identificada,,2014,False,False,ERRADO,Doha: primeira rodada da OMC e prioridades latino-americanas,,nenhuma,,
ECO-E1-0971-1,E1-0971,1,E1,84.1 - Obj.,79,🏛️ Política comercial e OMC,C/E,Banca não identificada,,2014,False,True,CERTO,UNCTAD e práticas empresariais restritivas,,nenhuma,,
ECO-E1-0972-1,E1-0972,1,E1,84.1 - Obj.,79,🏛️ Política comercial e OMC,C/E,Banca não identificada,,2014,False,False,CERTO,GATT sem organismo formal até a OMC,,nenhuma,,
ECO-E1-0973-1,E1-0973,1,E1,84.1 - Obj.,79,🏛️ Política comercial e OMC,C/E,Banca não identificada,,2014,False,True,ERRADO,Rodada Uruguai: subsídios agrícolas reduzem preços internacionais,,nenhuma,,
ECO-E1-0974-1,E1-0974,1,E1,84.1 - Obj.,79,🏛️ Política comercial e OMC,C/E,Banca não identificada,,2014,False,False,CERTO,Rodada Doha e atenção aos países em desenvolvimento,,nenhuma,,
ECO-E1-0975-1,E1-0975,1,E1,84.1 - Obj.,84,🌐 Conjuntura internacional,C/E,Banca não identificada,,2014,False,False,ERRADO,"integração regional: UNASUL, MERCOSUL, CELAC, CALC",,nenhuma,,
ECO-E1-0976-1,E1-0976,1,E1,84.1 - Obj.,65,🥇 Padrão-ouro,C/E,Banca não identificada,,2014,False,False,CERTO,padrão-ouro: câmbio limitado pelos pontos de ouro,,nenhuma,,
ECO-E1-0977-1,E1-0977,1,E1,84.1 - Obj.,18,🔗 BP e contas nacionais,C/E,Banca não identificada,,2014,False,False,ANULADO,I − S igual ao déficit em transações correntes,,nenhuma,,
ECO-E1-0978-1,E1-0978,1,E1,84.1 - Obj.,84,🌐 Conjuntura internacional,C/E,Banca não identificada,,2018,False,False,ERRADO,novos bancos de desenvolvimento e crédito de longo prazo,,nenhuma,,
ECO-E1-0979-1,E1-0979,1,E1,84.1 - Obj.,84,🌐 Conjuntura internacional,C/E,Banca não identificada,,2018,False,False,CERTO,bancos multilaterais suprem lacuna em infraestrutura,,nenhuma,,
ECO-E1-0980-1,E1-0980,1,E1,84.1 - Obj.,84,🌐 Conjuntura internacional,C/E,Banca não identificada,,2018,False,False,CERTO,"NDB: capital, voto igual e empréstimos em moeda local",,nenhuma,,
ECO-E1-0981-1,E1-0981,1,E1,84.1 - Obj.,84,🌐 Conjuntura internacional,C/E,Banca não identificada,,2018,False,False,ERRADO,AIIB pode atuar em cooperação com outros bancos,,nenhuma,,
ECO-E1-0982-1,E1-0982,1,E1,84.1 - Obj.,69,🔗 Paridades e repasse cambial,C/E,Prof. Daniel (Telegram Economia CACD),,,False,False,CERTO,alta de juros do BCE valoriza o euro,,nenhuma,,
ECO-E1-0983-1,E1-0983,1,E1,84.1 - Obj.,83,🌋 Conjuntura brasileira,C/E,Prof. Daniel (Telegram Economia CACD),,2022,False,False,ERRADO,redução de tarifas de insumos via Letec em 2022,,nenhuma,,
ECO-E2-L00011-1,E2-L00011,1,E2,01 — 📋 ECO - IDEG - BOZAN - Pré-TPS 2026 / Bloco Temático 01 - 5 erros/32 itens,02,⏳ Determinantes e prazos,C/E,IDEG – Prof. Bozan,Pré-TPS/2026,2026,False,False,CERTO,elasticidade-renda de duráveis maior no curto prazo,,nenhuma,,
ECO-E2-L00012-1,E2-L00012,1,E2,01 — 📋 ECO - IDEG - BOZAN - Pré-TPS 2026 / Bloco Temático 01 - 5 erros/32 itens,02,⏳ Determinantes e prazos,C/E,IDEG – Prof. Bozan,Pré-TPS/2026,2026,False,True,CERTO,elasticidade-renda de não duráveis maior no longo prazo,,nenhuma,,
ECO-E2-L00013-1,E2-L00013,1,E2,01 — 📋 ECO - IDEG - BOZAN - Pré-TPS 2026 / Bloco Temático 01 - 5 erros/32 itens,02,🏭 Elasticidade da oferta,C/E,IDEG – Prof. Bozan,Pré-TPS/2026,2026,False,False,ERRADO,oferta unitária: receita aumenta com o preço,,nenhuma,,
ECO-E2-L00014-1,E2-L00014,1,E2,01 — 📋 ECO - IDEG - BOZAN - Pré-TPS 2026 / Bloco Temático 01 - 5 erros/32 itens,02,⏳ Determinantes e prazos,C/E,IDEG – Prof. Bozan,Pré-TPS/2026,2026,False,False,ERRADO,elasticidade-renda de não duráveis no curto prazo,,nenhuma,,
ECO-E2-L00015-1,E2-L00015,1,E2,01 — 📋 ECO - IDEG - BOZAN - Pré-TPS 2026 / Bloco Temático 01 - 5 erros/32 itens,04,🎯 Utilidade e curvas de indiferença,C/E,IDEG – Prof. Bozan,Pré-TPS/2026,2026,False,False,ERRADO,curvas de indiferença côncavas são possíveis,,nenhuma,,
ECO-E2-L00016-1,E2-L00016,1,E2,01 — 📋 ECO - IDEG - BOZAN - Pré-TPS 2026 / Bloco Temático 01 - 5 erros/32 itens,04,⚖️ Escolha ótima do consumidor,C/E,IDEG – Prof. Bozan,Pré-TPS/2026,2026,False,False,CERTO,TMS = preço relativo; exceção nos substitutos perfeitos,,nenhuma,,
ECO-E2-L00017-1,E2-L00017,1,E2,01 — 📋 ECO - IDEG - BOZAN - Pré-TPS 2026 / Bloco Temático 01 - 5 erros/32 itens,04,💵 Restrição orçamentária,C/E,IDEG – Prof. Bozan,Pré-TPS/2026,2026,False,False,ERRADO,mudança de um preço altera inclinação; proporcional não,,nenhuma,,
ECO-E2-L00018-1,E2-L00018,1,E2,01 — 📋 ECO - IDEG - BOZAN - Pré-TPS 2026 / Bloco Temático 01 - 5 erros/32 itens,04,⚖️ Escolha ótima do consumidor,C/E,IDEG – Prof. Bozan,Pré-TPS/2026,2026,False,False,ERRADO,solução de canto típica de substitutos perfeitos,,nenhuma,,
ECO-E2-L00019-1,E2-L00019,1,E2,01 — 📋 ECO - IDEG - BOZAN - Pré-TPS 2026 / Bloco Temático 01 - 5 erros/32 itens,07-A,📐 Hipóteses e maximização de lucro,C/E,IDEG – Prof. Bozan,Pré-TPS/2026,2026,False,True,ERRADO,receita marginal constante na concorrência perfeita,,nenhuma,,
ECO-E2-L00020-1,E2-L00020,1,E2,01 — 📋 ECO - IDEG - BOZAN - Pré-TPS 2026 / Bloco Temático 01 - 5 erros/32 itens,06,💰 Custos de curto prazo,C/E,IDEG – Prof. Bozan,Pré-TPS/2026,2026,False,False,ERRADO,CMg corta CMe no mínimo; CMe em U,,nenhuma,,
ECO-E2-L00021-1,E2-L00021,1,E2,01 — 📋 ECO - IDEG - BOZAN - Pré-TPS 2026 / Bloco Temático 01 - 5 erros/32 itens,06,💰 Custos de curto prazo,C/E,IDEG – Prof. Bozan,Pré-TPS/2026,2026,False,False,ERRADO,CVMe se aproxima do CTMe pela diluição do custo fixo,,nenhuma,,
ECO-E2-L00022-1,E2-L00022,1,E2,01 — 📋 ECO - IDEG - BOZAN - Pré-TPS 2026 / Bloco Temático 01 - 5 erros/32 itens,06,📈 Custos de longo prazo e escala,C/E,IDEG – Prof. Bozan,Pré-TPS/2026,2026,False,False,CERTO,longo prazo sem custo fixo; escala molda custos,,nenhuma,,
ECO-E2-L00023-1,E2-L00023,1,E2,01 — 📋 ECO - IDEG - BOZAN - Pré-TPS 2026 / Bloco Temático 01 - 5 erros/32 itens,09,🧩 Modelo de Chamberlin,C/E,IDEG – Prof. Bozan,Pré-TPS/2026,2026,False,False,ERRADO,concorrência monopolística: poder de preço limitado,,nenhuma,,
ECO-E2-L00024-1,E2-L00024,1,E2,01 — 📋 ECO - IDEG - BOZAN - Pré-TPS 2026 / Bloco Temático 01 - 5 erros/32 itens,09,🧩 Modelo de Chamberlin,C/E,IDEG – Prof. Bozan,Pré-TPS/2026,2026,False,False,CERTO,entrada elimina lucros extraordinários no longo prazo,,nenhuma,,
ECO-E2-L00025-1,E2-L00025,1,E2,01 — 📋 ECO - IDEG - BOZAN - Pré-TPS 2026 / Bloco Temático 01 - 5 erros/32 itens,09,🧩 Modelo de Chamberlin,C/E,IDEG – Prof. Bozan,Pré-TPS/2026,2026,False,False,CERTO,lucros extraordinários no curto prazo por diferenciação,,nenhuma,,
ECO-E2-L00026-1,E2-L00026,1,E2,01 — 📋 ECO - IDEG - BOZAN - Pré-TPS 2026 / Bloco Temático 01 - 5 erros/32 itens,09,🧩 Modelo de Chamberlin,C/E,IDEG – Prof. Bozan,Pré-TPS/2026,2026,False,False,CERTO,livre entrada aproxima longo prazo da concorrência,,nenhuma,,
ECO-E2-L00032-1,E2-L00032,1,E2,01 — 📋 ECO - IDEG - BOZAN - Pré-TPS 2026 / Bloco Temático 01 - 5 erros/32 itens,03,🚧 Preços máximos e mínimos,C/E,IDEG – Prof. Bozan,Pré-TPS/2026,2026,False,True,CERTO,preço mínimo acima do equilíbrio protege ofertante,,nenhuma,,
ECO-E2-L00033-1,E2-L00033,1,E2,01 — 📋 ECO - IDEG - BOZAN - Pré-TPS 2026 / Bloco Temático 01 - 5 erros/32 itens,03,🚧 Preços máximos e mínimos,C/E,IDEG – Prof. Bozan,Pré-TPS/2026,2026,False,False,ERRADO,preço mínimo reduz excedente do consumidor,,nenhuma,,
ECO-E2-L00034-1,E2-L00034,1,E2,01 — 📋 ECO - IDEG - BOZAN - Pré-TPS 2026 / Bloco Temático 01 - 5 erros/32 itens,03,🚧 Preços máximos e mínimos,C/E,IDEG – Prof. Bozan,Pré-TPS/2026,2026,False,False,CERTO,preço mínimo com incentivo à exportação,,nenhuma,,
ECO-E2-L00035-1,E2-L00035,1,E2,01 — 📋 ECO - IDEG - BOZAN - Pré-TPS 2026 / Bloco Temático 01 - 5 erros/32 itens,03,🧾 Subsídios,C/E,IDEG – Prof. Bozan,Pré-TPS/2026,2026,False,True,ERRADO,subsídio × compra de estoques com demanda inelástica,,nenhuma,,
ECO-E2-L00036-1,E2-L00036,1,E2,01 — 📋 ECO - IDEG - BOZAN - Pré-TPS 2026 / Bloco Temático 01 - 5 erros/32 itens,05,🏭 Função de produção e curto prazo,C/E,IDEG – Prof. Bozan,Pré-TPS/2026,2026,False,False,ERRADO,curto prazo: fator fixo e rendimentos decrescentes,,nenhuma,,
ECO-E2-L00037-1,E2-L00037,1,E2,01 — 📋 ECO - IDEG - BOZAN - Pré-TPS 2026 / Bloco Temático 01 - 5 erros/32 itens,05,📉 Produto marginal e rendimentos,C/E,IDEG – Prof. Bozan,Pré-TPS/2026,2026,False,False,CERTO,lei dos rendimentos decrescentes,,nenhuma,,
ECO-E2-L00038-1,E2-L00038,1,E2,01 — 📋 ECO - IDEG - BOZAN - Pré-TPS 2026 / Bloco Temático 01 - 5 erros/32 itens,05,🗺️ Isoquantas e TMST,C/E,IDEG – Prof. Bozan,Pré-TPS/2026,2026,False,False,CERTO,isoquantas: combinações com mesmo produto,,nenhuma,,
ECO-E2-L00039-1,E2-L00039,1,E2,01 — 📋 ECO - IDEG - BOZAN - Pré-TPS 2026 / Bloco Temático 01 - 5 erros/32 itens,05,📏 Rendimentos de escala,C/E,IDEG – Prof. Bozan,Pré-TPS/2026,2026,False,False,ERRADO,rendimentos crescentes: produto mais que proporcional,,nenhuma,,
ECO-E2-L00040-1,E2-L00040,1,E2,01 — 📋 ECO - IDEG - BOZAN - Pré-TPS 2026 / Bloco Temático 01 - 5 erros/32 itens,08,👑 Equilíbrio do monopólio,C/E,IDEG – Prof. Bozan,Pré-TPS/2026,2026,False,False,ERRADO,receita marginal abaixo da demanda no monopólio,,nenhuma,,
ECO-E2-L00041-1,E2-L00041,1,E2,01 — 📋 ECO - IDEG - BOZAN - Pré-TPS 2026 / Bloco Temático 01 - 5 erros/32 itens,08,👑 Equilíbrio do monopólio,C/E,IDEG – Prof. Bozan,Pré-TPS/2026,2026,False,True,CERTO,monopolista não altera seu custo marginal,,nenhuma,,
ECO-E2-L00042-1,E2-L00042,1,E2,01 — 📋 ECO - IDEG - BOZAN - Pré-TPS 2026 / Bloco Temático 01 - 5 erros/32 itens,08,👑 Equilíbrio do monopólio,C/E,IDEG – Prof. Bozan,Pré-TPS/2026,2026,False,False,ERRADO,barreiras à entrada preservam lucro do monopólio,,nenhuma,,
ECO-E2-L00043-1,E2-L00043,1,E2,01 — 📋 ECO - IDEG - BOZAN - Pré-TPS 2026 / Bloco Temático 01 - 5 erros/32 itens,08,"📊 Markup, elasticidade e poder de mercado",C/E,IDEG – Prof. Bozan,Pré-TPS/2026,2026,False,False,CERTO,"RMg = CMg, preço acima do CMg e ineficiência",,nenhuma,,
ECO-E2-L00044-1,E2-L00044,1,E2,01 — 📋 ECO - IDEG - BOZAN - Pré-TPS 2026 / Bloco Temático 01 - 5 erros/32 itens,07,🗺️ Comparação entre estruturas,C/E,IDEG – Prof. Bozan,Pré-TPS/2026,2026,False,False,CERTO,monopólio/oligopólio e monopsônio/oligopsônio como falhas,,nenhuma,,
ECO-E2-L00045-1,E2-L00045,1,E2,01 — 📋 ECO - IDEG - BOZAN - Pré-TPS 2026 / Bloco Temático 01 - 5 erros/32 itens,12,🌫️ Externalidades e Coase,C/E,IDEG – Prof. Bozan,Pré-TPS/2026,2026,False,False,ERRADO,difusão tecnológica é externalidade positiva,,nenhuma,,
ECO-E2-L00046-1,E2-L00046,1,E2,01 — 📋 ECO - IDEG - BOZAN - Pré-TPS 2026 / Bloco Temático 01 - 5 erros/32 itens,12,🌫️ Externalidades e Coase,C/E,IDEG – Prof. Bozan,Pré-TPS/2026,2026,False,False,CERTO,teorema de Coase: negociação privada,,nenhuma,,
ECO-E2-L00047-1,E2-L00047,1,E2,01 — 📋 ECO - IDEG - BOZAN - Pré-TPS 2026 / Bloco Temático 01 - 5 erros/32 itens,12,🏞️ Bens públicos e comuns,C/E,IDEG – Prof. Bozan,Pré-TPS/2026,2026,False,False,CERTO,bens públicos: não rivais e não excludentes,,nenhuma,,
ECO-E2-L00055-1,E2-L00055,1,E2,01 — 📋 ECO - IDEG - BOZAN - Pré-TPS 2026 / Bloco Temático 02 - 5 erros/32 itens,26,✖️ Multiplicadores,C/E,IDEG – Prof. Bozan,Pré-TPS/2026,2026,False,False,ERRADO,multiplicador keynesiano e Lei de Say,,nenhuma,,
ECO-E2-L00056-1,E2-L00056,1,E2,01 — 📋 ECO - IDEG - BOZAN - Pré-TPS 2026 / Bloco Temático 02 - 5 erros/32 itens,26,✖️ Multiplicadores,C/E,IDEG – Prof. Bozan,Pré-TPS/2026,2026,False,False,CERTO,PMC maior eleva o multiplicador,,nenhuma,,
ECO-E2-L00057-1,E2-L00057,1,E2,01 — 📋 ECO - IDEG - BOZAN - Pré-TPS 2026 / Bloco Temático 02 - 5 erros/32 itens,26,✖️ Multiplicadores,C/E,IDEG – Prof. Bozan,Pré-TPS/2026,2026,False,False,ERRADO,gasto do governo eleva renda mais que proporcionalmente,,nenhuma,,
ECO-E2-L00058-1,E2-L00058,1,E2,01 — 📋 ECO - IDEG - BOZAN - Pré-TPS 2026 / Bloco Temático 02 - 5 erros/32 itens,26,📈 Demanda efetiva e cruz keynesiana,C/E,IDEG – Prof. Bozan,Pré-TPS/2026,2026,False,False,CERTO,consumo autônomo: intercepto positivo,,nenhuma,,
ECO-E2-L00059-1,E2-L00059,1,E2,01 — 📋 ECO - IDEG - BOZAN - Pré-TPS 2026 / Bloco Temático 02 - 5 erros/32 itens,17,💲 Preços de mercado × custo de fatores,C/E,IDEG – Prof. Bozan,Pré-TPS/2026,2026,False,False,CERTO,PIBpm inclui impostos indiretos menos subsídios,,nenhuma,,
ECO-E2-L00060-1,E2-L00060,1,E2,01 — 📋 ECO - IDEG - BOZAN - Pré-TPS 2026 / Bloco Temático 02 - 5 erros/32 itens,17,"📏 PIB, PNB, RNB e conceitos derivados",C/E,IDEG – Prof. Bozan,Pré-TPS/2026,2026,False,False,ERRADO,PN para PI: somar renda líquida enviada,,nenhuma,,
ECO-E2-L00061-1,E2-L00061,1,E2,01 — 📋 ECO - IDEG - BOZAN - Pré-TPS 2026 / Bloco Temático 02 - 5 erros/32 itens,17,"📏 PIB, PNB, RNB e conceitos derivados",C/E,IDEG – Prof. Bozan,Pré-TPS/2026,2026,False,False,ERRADO,renda disponível bruta inclui transferências unilaterais,,nenhuma,,
ECO-E2-L00062-1,E2-L00062,1,E2,01 — 📋 ECO - IDEG - BOZAN - Pré-TPS 2026 / Bloco Temático 02 - 5 erros/32 itens,17,"📏 PIB, PNB, RNB e conceitos derivados",C/E,IDEG – Prof. Bozan,Pré-TPS/2026,2026,False,True,ERRADO,renda disponível do governo desconta transferências,,nenhuma,,
ECO-E2-L00063-1,E2-L00063,1,E2,01 — 📋 ECO - IDEG - BOZAN - Pré-TPS 2026 / Bloco Temático 02 - 5 erros/32 itens,47,🏛️ Funções do Estado,C/E,IDEG – Prof. Bozan,Pré-TPS/2026,2026,False,True,CERTO,pós-1929: Estado keynesiano regulador e produtor,,nenhuma,,
ECO-E2-L00064-1,E2-L00064,1,E2,01 — 📋 ECO - IDEG - BOZAN - Pré-TPS 2026 / Bloco Temático 02 - 5 erros/32 itens,47,🏛️ Funções do Estado,C/E,IDEG – Prof. Bozan,Pré-TPS/2026,2026,False,False,CERTO,novos keynesianos: governo parceiro do setor privado,,nenhuma,,
ECO-E2-L00065-1,E2-L00065,1,E2,01 — 📋 ECO - IDEG - BOZAN - Pré-TPS 2026 / Bloco Temático 02 - 5 erros/32 itens,47,🏛️ Funções do Estado,C/E,IDEG – Prof. Bozan,Pré-TPS/2026,2026,False,False,ERRADO,"neoliberais: Estado mínimo, não ausente",,nenhuma,,
ECO-E2-L00066-1,E2-L00066,1,E2,01 — 📋 ECO - IDEG - BOZAN - Pré-TPS 2026 / Bloco Temático 02 - 5 erros/32 itens,47,🏛️ Funções do Estado,C/E,IDEG – Prof. Bozan,Pré-TPS/2026,2026,False,False,CERTO,neokeynesianos × neoclássicos sobre intervenção,,nenhuma,,
ECO-E2-L00067-1,E2-L00067,1,E2,01 — 📋 ECO - IDEG - BOZAN - Pré-TPS 2026 / Bloco Temático 02 - 5 erros/32 itens,48,📏 Conceitos de déficit e dívida,C/E,IDEG – Prof. Bozan,Pré-TPS/2026,2026,False,False,CERTO,déficit primário exclui juros,,nenhuma,,
ECO-E2-L00068-1,E2-L00068,1,E2,01 — 📋 ECO - IDEG - BOZAN - Pré-TPS 2026 / Bloco Temático 02 - 5 erros/32 itens,48,📏 Conceitos de déficit e dívida,C/E,IDEG – Prof. Bozan,Pré-TPS/2026,2026,False,True,ERRADO,déficit operacional exclui correção monetária,,nenhuma,,
ECO-E2-L00069-1,E2-L00069,1,E2,01 — 📋 ECO - IDEG - BOZAN - Pré-TPS 2026 / Bloco Temático 02 - 5 erros/32 itens,48,📏 Conceitos de déficit e dívida,C/E,IDEG – Prof. Bozan,Pré-TPS/2026,2026,False,False,ERRADO,inflação eleva juros nominais do déficit,,nenhuma,,
ECO-E2-L00070-1,E2-L00070,1,E2,01 — 📋 ECO - IDEG - BOZAN - Pré-TPS 2026 / Bloco Temático 02 - 5 erros/32 itens,19,💰 Resultados fiscais (NFSP),C/E,IDEG – Prof. Bozan,Pré-TPS/2026,2026,False,False,CERTO,NFSP nominal: conceito mais abrangente,,nenhuma,,
ECO-E2-L00076-1,E2-L00076,1,E2,01 — 📋 ECO - IDEG - BOZAN - Pré-TPS 2026 / Bloco Temático 02 - 5 erros/32 itens,15,📜 Escolas do pensamento macroeconômico,C/E,IDEG – Prof. Bozan,Pré-TPS/2026,2026,False,False,CERTO,ortodoxia: autoajuste e Lei de Say,,nenhuma,,
ECO-E2-L00077-1,E2-L00077,1,E2,01 — 📋 ECO - IDEG - BOZAN - Pré-TPS 2026 / Bloco Temático 02 - 5 erros/32 itens,15,📜 Escolas do pensamento macroeconômico,C/E,IDEG – Prof. Bozan,Pré-TPS/2026,2026,False,False,CERTO,Keynes: crises persistem sem intervenção,,nenhuma,,
ECO-E2-L00078-1,E2-L00078,1,E2,01 — 📋 ECO - IDEG - BOZAN - Pré-TPS 2026 / Bloco Temático 02 - 5 erros/32 itens,15,📜 Escolas do pensamento macroeconômico,C/E,IDEG – Prof. Bozan,Pré-TPS/2026,2026,False,False,ERRADO,Keynes: queda salarial não garante emprego,,nenhuma,,
ECO-E2-L00079-1,E2-L00079,1,E2,01 — 📋 ECO - IDEG - BOZAN - Pré-TPS 2026 / Bloco Temático 02 - 5 erros/32 itens,26,📈 Demanda efetiva e cruz keynesiana,C/E,IDEG – Prof. Bozan,Pré-TPS/2026,2026,False,True,CERTO,governo como demandante via multiplicador,,nenhuma,,
ECO-E2-L00080-1,E2-L00080,1,E2,01 — 📋 ECO - IDEG - BOZAN - Pré-TPS 2026 / Bloco Temático 02 - 5 erros/32 itens,47,📊 Política fiscal e multiplicadores,C/E,IDEG – Prof. Bozan,Pré-TPS/2026,2026,False,True,ERRADO,Keynes não prega déficit permanente,,nenhuma,,
ECO-E2-L00081-1,E2-L00081,1,E2,01 — 📋 ECO - IDEG - BOZAN - Pré-TPS 2026 / Bloco Temático 02 - 5 erros/32 itens,25,⚙️ Modelo clássico,C/E,IDEG – Prof. Bozan,Pré-TPS/2026,2026,False,False,CERTO,clássicos: flexibilidade de preços e salários,,nenhuma,,
ECO-E2-L00082-1,E2-L00082,1,E2,01 — 📋 ECO - IDEG - BOZAN - Pré-TPS 2026 / Bloco Temático 02 - 5 erros/32 itens,35,📊 Demanda por moeda,C/E,IDEG – Prof. Bozan,Pré-TPS/2026,2026,False,False,CERTO,moeda não neutra em Keynes: motivo especulação,,nenhuma,,
ECO-E2-L00083-1,E2-L00083,1,E2,01 — 📋 ECO - IDEG - BOZAN - Pré-TPS 2026 / Bloco Temático 02 - 5 erros/32 itens,47,📊 Política fiscal e multiplicadores,C/E,IDEG – Prof. Bozan,Pré-TPS/2026,2026,False,False,ERRADO,política contracionista não é usada na recessão,,nenhuma,,
ECO-E2-L00084-1,E2-L00084,1,E2,01 — 📋 ECO - IDEG - BOZAN - Pré-TPS 2026 / Bloco Temático 02 - 5 erros/32 itens,19,💰 Resultados fiscais (NFSP),C/E,IDEG – Prof. Bozan,Pré-TPS/2026,2026,False,False,ERRADO,NFSP primária: receitas e despesas não financeiras,,nenhuma,,
ECO-E2-L00085-1,E2-L00085,1,E2,01 — 📋 ECO - IDEG - BOZAN - Pré-TPS 2026 / Bloco Temático 02 - 5 erros/32 itens,48,📏 Conceitos de déficit e dívida,C/E,IDEG – Prof. Bozan,Pré-TPS/2026,2026,False,False,CERTO,déficit operacional = nominal − correção monetária,,nenhuma,,
ECO-E2-L00086-1,E2-L00086,1,E2,01 — 📋 ECO - IDEG - BOZAN - Pré-TPS 2026 / Bloco Temático 02 - 5 erros/32 itens,48,📏 Conceitos de déficit e dívida,C/E,IDEG – Prof. Bozan,Pré-TPS/2026,2026,False,False,ERRADO,dívida fiscal líquida = DLSP − ajustes patrimoniais,,nenhuma,,
ECO-E2-L00087-1,E2-L00087,1,E2,01 — 📋 ECO - IDEG - BOZAN - Pré-TPS 2026 / Bloco Temático 02 - 5 erros/32 itens,19,💰 Resultados fiscais (NFSP),C/E,IDEG – Prof. Bozan,Pré-TPS/2026,2026,False,False,ERRADO,apuração acima da linha e regime de caixa,,nenhuma,,
ECO-E2-L00088-1,E2-L00088,1,E2,01 — 📋 ECO - IDEG - BOZAN - Pré-TPS 2026 / Bloco Temático 02 - 5 erros/32 itens,49,📒 Ciclo orçamentário,C/E,IDEG – Prof. Bozan,Pré-TPS/2026,2026,False,False,CERTO,orçamento clássico × orçamento-programa (Lei 4.320),,nenhuma,,
ECO-E2-L00089-1,E2-L00089,1,E2,01 — 📋 ECO - IDEG - BOZAN - Pré-TPS 2026 / Bloco Temático 02 - 5 erros/32 itens,49,⚖️ Responsabilidade fiscal,C/E,IDEG – Prof. Bozan,Pré-TPS/2026,2026,False,False,CERTO,receitas de capital não financiam despesas correntes,,nenhuma,,
ECO-E2-L00090-1,E2-L00090,1,E2,01 — 📋 ECO - IDEG - BOZAN - Pré-TPS 2026 / Bloco Temático 02 - 5 erros/32 itens,49,📒 Ciclo orçamentário,C/E,IDEG – Prof. Bozan,Pré-TPS/2026,2026,False,False,CERTO,princípio da exclusividade da LOA,,nenhuma,,
ECO-E2-L00091-1,E2-L00091,1,E2,01 — 📋 ECO - IDEG - BOZAN - Pré-TPS 2026 / Bloco Temático 02 - 5 erros/32 itens,49,📒 Ciclo orçamentário,C/E,IDEG – Prof. Bozan,Pré-TPS/2026,2026,False,False,ERRADO,PPA não é detalhado nem inflexível,,nenhuma,,
ECO-E2-L00099-1,E2-L00099,1,E2,01 — 📋 ECO - IDEG - BOZAN - Pré-TPS 2026 / Bloco Temático 03 - 4 erros/32 itens,18,🏗️ Estrutura do BP (BPM6),C/E,IDEG – Prof. Bozan,Pré-TPS/2026,2026,False,False,ERRADO,composição das transações correntes,,nenhuma,,
ECO-E2-L00100-1,E2-L00100,1,E2,01 — 📋 ECO - IDEG - BOZAN - Pré-TPS 2026 / Bloco Temático 03 - 4 erros/32 itens,18,🔗 BP e contas nacionais,C/E,IDEG – Prof. Bozan,Pré-TPS/2026,2026,False,True,ERRADO,superávit em TC não é poupança externa,,nenhuma,,
ECO-E2-L00101-1,E2-L00101,1,E2,01 — 📋 ECO - IDEG - BOZAN - Pré-TPS 2026 / Bloco Temático 03 - 4 erros/32 itens,18,🔗 BP e contas nacionais,C/E,IDEG – Prof. Bozan,Pré-TPS/2026,2026,False,True,ERRADO,transferência líquida ao exterior: renda enviada,,nenhuma,,
ECO-E2-L00102-1,E2-L00102,1,E2,01 — 📋 ECO - IDEG - BOZAN - Pré-TPS 2026 / Bloco Temático 03 - 4 erros/32 itens,68,🔗 Hiatos e restrição externa,C/E,IDEG – Prof. Bozan,Pré-TPS/2026,2026,False,False,CERTO,hiato: importações superam exportações,,nenhuma,,
ECO-E2-L00103-1,E2-L00103,1,E2,01 — 📋 ECO - IDEG - BOZAN - Pré-TPS 2026 / Bloco Temático 03 - 4 erros/32 itens,66,📏 Câmbio nominal × real e PPC,C/E,IDEG – Prof. Bozan,Pré-TPS/2026,2026,False,False,ERRADO,queda da taxa de câmbio = valorização da moeda,,nenhuma,,
ECO-E2-L00104-1,E2-L00104,1,E2,01 — 📋 ECO - IDEG - BOZAN - Pré-TPS 2026 / Bloco Temático 03 - 4 erros/32 itens,67,📘 Reservas e intervenção,C/E,IDEG – Prof. Bozan,Pré-TPS/2026,2026,False,False,ERRADO,venda de dólares pelo BC valoriza o real,,nenhuma,,
ECO-E2-L00105-1,E2-L00105,1,E2,01 — 📋 ECO - IDEG - BOZAN - Pré-TPS 2026 / Bloco Temático 03 - 4 erros/32 itens,66,💱 Regimes cambiais,C/E,IDEG – Prof. Bozan,Pré-TPS/2026,2026,False,False,CERTO,bandas cambiais: intervenção nos limites,,nenhuma,,
ECO-E2-L00106-1,E2-L00106,1,E2,01 — 📋 ECO - IDEG - BOZAN - Pré-TPS 2026 / Bloco Temático 03 - 4 erros/32 itens,66,💱 Regimes cambiais,C/E,IDEG – Prof. Bozan,Pré-TPS/2026,2026,False,True,ERRADO,currency board: emissão limitada às reservas,,nenhuma,,
ECO-E2-L00107-1,E2-L00107,1,E2,01 — 📋 ECO - IDEG - BOZAN - Pré-TPS 2026 / Bloco Temático 03 - 4 erros/32 itens,35,🏦 Criação de moeda e multiplicador,C/E,IDEG – Prof. Bozan,Pré-TPS/2026,2026,False,False,ERRADO,base monetária inclui encaixes bancários,,nenhuma,,
ECO-E2-L00108-1,E2-L00108,1,E2,01 — 📋 ECO - IDEG - BOZAN - Pré-TPS 2026 / Bloco Temático 03 - 4 erros/32 itens,35,🏦 Criação de moeda e multiplicador,C/E,IDEG – Prof. Bozan,Pré-TPS/2026,2026,False,False,CERTO,depósitos à vista e multiplicador bancário,,nenhuma,,
ECO-E2-L00109-1,E2-L00109,1,E2,01 — 📋 ECO - IDEG - BOZAN - Pré-TPS 2026 / Bloco Temático 03 - 4 erros/32 itens,35,🏦 Criação de moeda e multiplicador,C/E,IDEG – Prof. Bozan,Pré-TPS/2026,2026,False,False,CERTO,papel-moeda em poder do público reduz multiplicador,,nenhuma,,
ECO-E2-L00110-1,E2-L00110,1,E2,01 — 📋 ECO - IDEG - BOZAN - Pré-TPS 2026 / Bloco Temático 03 - 4 erros/32 itens,35,🏦 Criação de moeda e multiplicador,C/E,IDEG – Prof. Bozan,Pré-TPS/2026,2026,False,False,ERRADO,encaixe maior reduz multiplicador,,nenhuma,,
ECO-E2-L00116-1,E2-L00116,1,E2,01 — 📋 ECO - IDEG - BOZAN - Pré-TPS 2026 / Bloco Temático 03 - 4 erros/32 itens,66,📈 Determinantes do câmbio,C/E,IDEG – Prof. Bozan,Pré-TPS/2026,2026,False,False,ERRADO,divisas não têm curso forçado no Brasil,,nenhuma,,
ECO-E2-L00117-1,E2-L00117,1,E2,01 — 📋 ECO - IDEG - BOZAN - Pré-TPS 2026 / Bloco Temático 03 - 4 erros/32 itens,66,📈 Determinantes do câmbio,C/E,IDEG – Prof. Bozan,Pré-TPS/2026,2026,False,False,CERTO,importadores demandam divisas,,nenhuma,,
ECO-E2-L00118-1,E2-L00118,1,E2,01 — 📋 ECO - IDEG - BOZAN - Pré-TPS 2026 / Bloco Temático 03 - 4 erros/32 itens,66,📏 Câmbio nominal × real e PPC,C/E,IDEG – Prof. Bozan,Pré-TPS/2026,2026,False,False,ERRADO,alta da taxa de câmbio = desvalorização,,nenhuma,,
ECO-E2-L00119-1,E2-L00119,1,E2,01 — 📋 ECO - IDEG - BOZAN - Pré-TPS 2026 / Bloco Temático 03 - 4 erros/32 itens,66,📈 Determinantes do câmbio,C/E,IDEG – Prof. Bozan,Pré-TPS/2026,2026,False,False,CERTO,equilíbrio do mercado cambial: exportadores e importadores,,nenhuma,,
ECO-E2-L00120-1,E2-L00120,1,E2,01 — 📋 ECO - IDEG - BOZAN - Pré-TPS 2026 / Bloco Temático 03 - 4 erros/32 itens,66,💱 Regimes cambiais,C/E,IDEG – Prof. Bozan,Pré-TPS/2026,2026,False,False,ERRADO,FMI limita intervenções no câmbio livre,,nenhuma,,
ECO-E2-L00121-1,E2-L00121,1,E2,01 — 📋 ECO - IDEG - BOZAN - Pré-TPS 2026 / Bloco Temático 03 - 4 erros/32 itens,66,💱 Regimes cambiais,C/E,IDEG – Prof. Bozan,Pré-TPS/2026,2026,False,True,ERRADO,flutuação administrada: intervenções pontuais,,nenhuma,,
ECO-E2-L00122-1,E2-L00122,1,E2,01 — 📋 ECO - IDEG - BOZAN - Pré-TPS 2026 / Bloco Temático 03 - 4 erros/32 itens,66,💱 Regimes cambiais,C/E,IDEG – Prof. Bozan,Pré-TPS/2026,2026,False,False,CERTO,câmbio administrado com regras × sem regras,,nenhuma,,
ECO-E2-L00123-1,E2-L00123,1,E2,01 — 📋 ECO - IDEG - BOZAN - Pré-TPS 2026 / Bloco Temático 03 - 4 erros/32 itens,66,💱 Regimes cambiais,C/E,IDEG – Prof. Bozan,Pré-TPS/2026,2026,False,False,CERTO,bandas horizontais × bandas inclinadas,,nenhuma,,
ECO-E2-L00124-1,E2-L00124,1,E2,01 — 📋 ECO - IDEG - BOZAN - Pré-TPS 2026 / Bloco Temático 03 - 4 erros/32 itens,35,🪙 Funções e agregados monetários,C/E,IDEG – Prof. Bozan,Pré-TPS/2026,2026,False,False,CERTO,curso forçado da moeda nacional,,nenhuma,,
ECO-E2-L00125-1,E2-L00125,1,E2,01 — 📋 ECO - IDEG - BOZAN - Pré-TPS 2026 / Bloco Temático 03 - 4 erros/32 itens,35,📊 Demanda por moeda,C/E,IDEG – Prof. Bozan,Pré-TPS/2026,2026,False,False,ERRADO,demanda por moeda cai com os juros,,nenhuma,,
ECO-E2-L00126-1,E2-L00126,1,E2,01 — 📋 ECO - IDEG - BOZAN - Pré-TPS 2026 / Bloco Temático 03 - 4 erros/32 itens,36,🏛️ Funções do Banco Central,C/E,IDEG – Prof. Bozan,Pré-TPS/2026,2026,False,False,CERTO,BC emissor e banco dos bancos; base monetária,,nenhuma,,
ECO-E2-L00127-1,E2-L00127,1,E2,01 — 📋 ECO - IDEG - BOZAN - Pré-TPS 2026 / Bloco Temático 03 - 4 erros/32 itens,36,🛠️ Instrumentos de política monetária,C/E,IDEG – Prof. Bozan,Pré-TPS/2026,2026,False,False,ERRADO,redesconto afeta liquidez e economia,,nenhuma,,
ECO-E2-L00128-1,E2-L00128,1,E2,01 — 📋 ECO - IDEG - BOZAN - Pré-TPS 2026 / Bloco Temático 03 - 4 erros/32 itens,35,🪙 Funções e agregados monetários,C/E,IDEG – Prof. Bozan,Pré-TPS/2026,2026,False,False,CERTO,M3 e fundos de investimento,,nenhuma,,
ECO-E2-L00129-1,E2-L00129,1,E2,01 — 📋 ECO - IDEG - BOZAN - Pré-TPS 2026 / Bloco Temático 03 - 4 erros/32 itens,35,📊 Demanda por moeda,C/E,IDEG – Prof. Bozan,Pré-TPS/2026,2026,False,False,ERRADO,inflação e demanda nominal por moeda,,nenhuma,,
ECO-E2-L00130-1,E2-L00130,1,E2,01 — 📋 ECO - IDEG - BOZAN - Pré-TPS 2026 / Bloco Temático 03 - 4 erros/32 itens,35,🪙 Funções e agregados monetários,C/E,IDEG – Prof. Bozan,Pré-TPS/2026,2026,False,False,CERTO,M2 inclui depósitos a prazo e poupança,,nenhuma,,
ECO-E2-L00131-1,E2-L00131,1,E2,01 — 📋 ECO - IDEG - BOZAN - Pré-TPS 2026 / Bloco Temático 03 - 4 erros/32 itens,35,🏦 Criação de moeda e multiplicador,C/E,IDEG – Prof. Bozan,Pré-TPS/2026,2026,False,False,ERRADO,oferta monetária exógena × endógena,,nenhuma,,
ECO-E2-L00139-1,E2-L00139,1,E2,01 — 📋 ECO - IDEG - BOZAN - Pré-TPS 2026 / Bloco Temático 04 - 9 erros/32 itens,27,📉 Curva IS,C/E,IDEG – Prof. Bozan,Pré-TPS/2026,2026,False,True,ERRADO,juros mais altos reduzem investimento,,nenhuma,,
ECO-E2-L00140-1,E2-L00140,1,E2,01 — 📋 ECO - IDEG - BOZAN - Pré-TPS 2026 / Bloco Temático 04 - 9 erros/32 itens,27,🏦 Política fiscal e monetária,C/E,IDEG – Prof. Bozan,Pré-TPS/2026,2026,False,False,ERRADO,"PM expansiva desloca LM, não IS",,nenhuma,,
ECO-E2-L00141-1,E2-L00141,1,E2,01 — 📋 ECO - IDEG - BOZAN - Pré-TPS 2026 / Bloco Temático 04 - 9 erros/32 itens,70,🌊 Câmbio flutuante,C/E,IDEG – Prof. Bozan,Pré-TPS/2026,2026,False,False,CERTO,fiscal expansiva eleva juros e valoriza moeda,,nenhuma,,
ECO-E2-L00142-1,E2-L00142,1,E2,01 — 📋 ECO - IDEG - BOZAN - Pré-TPS 2026 / Bloco Temático 04 - 9 erros/32 itens,66,📈 Determinantes do câmbio,C/E,IDEG – Prof. Bozan,Pré-TPS/2026,2026,False,False,ERRADO,alta de juros valoriza a moeda nacional,,nenhuma,,
ECO-E2-L00143-1,E2-L00143,1,E2,01 — 📋 ECO - IDEG - BOZAN - Pré-TPS 2026 / Bloco Temático 04 - 9 erros/32 itens,70,🌊 Câmbio flutuante,C/E,IDEG – Prof. Bozan,Pré-TPS/2026,2026,False,True,CERTO,flutuante e mobilidade perfeita: PM eleva renda,,nenhuma,,
ECO-E2-L00144-1,E2-L00144,1,E2,01 — 📋 ECO - IDEG - BOZAN - Pré-TPS 2026 / Bloco Temático 04 - 9 erros/32 itens,70,🔒 Câmbio fixo,C/E,IDEG – Prof. Bozan,Pré-TPS/2026,2026,False,True,ERRADO,"câmbio fixo, mobilidade perfeita: fiscal não eleva juros permanentemente",,nenhuma,,
ECO-E2-L00145-1,E2-L00145,1,E2,01 — 📋 ECO - IDEG - BOZAN - Pré-TPS 2026 / Bloco Temático 04 - 9 erros/32 itens,70,🌊 Câmbio flutuante,C/E,IDEG – Prof. Bozan,Pré-TPS/2026,2026,False,False,ERRADO,câmbio flutuante baixa mobilidade: fiscal expansiva e renda,,nenhuma,,
ECO-E2-L00146-1,E2-L00146,1,E2,01 — 📋 ECO - IDEG - BOZAN - Pré-TPS 2026 / Bloco Temático 04 - 9 erros/32 itens,70,🔒 Câmbio fixo,C/E,IDEG – Prof. Bozan,Pré-TPS/2026,2026,False,False,CERTO,"câmbio fixo alta mobilidade: fiscal atrai capitais, BC intervém",,nenhuma,,
ECO-E2-L00147-1,E2-L00147,1,E2,01 — 📋 ECO - IDEG - BOZAN - Pré-TPS 2026 / Bloco Temático 04 - 9 erros/32 itens,28,📈 Demanda agregada,C/E,IDEG – Prof. Bozan,Pré-TPS/2026,2026,False,False,CERTO,choque positivo de DA: curto e longo prazo,,nenhuma,,
ECO-E2-L00148-1,E2-L00148,1,E2,01 — 📋 ECO - IDEG - BOZAN - Pré-TPS 2026 / Bloco Temático 04 - 9 erros/32 itens,28,🏭 Oferta agregada e choques,C/E,IDEG – Prof. Bozan,Pré-TPS/2026,2026,False,False,ERRADO,"choque do petróleo é choque de oferta, inflação de custos",,nenhuma,,
ECO-E2-L00149-1,E2-L00149,1,E2,01 — 📋 ECO - IDEG - BOZAN - Pré-TPS 2026 / Bloco Temático 04 - 9 erros/32 itens,29,🔮 Expectativas e NAIRU,C/E,IDEG – Prof. Bozan,Pré-TPS/2026,2026,False,False,CERTO,expectativas adaptativas e inércia inflacionária,,nenhuma,,
ECO-E2-L00150-1,E2-L00150,1,E2,01 — 📋 ECO - IDEG - BOZAN - Pré-TPS 2026 / Bloco Temático 04 - 9 erros/32 itens,28,🏭 Oferta agregada e choques,C/E,IDEG – Prof. Bozan,Pré-TPS/2026,2026,False,False,ERRADO,choque de demanda não desloca OA de longo prazo,,nenhuma,,
ECO-E2-L00151-1,E2-L00151,1,E2,01 — 📋 ECO - IDEG - BOZAN - Pré-TPS 2026 / Bloco Temático 04 - 9 erros/32 itens,56,🥇 Regra de ouro,C/E,IDEG – Prof. Bozan,Pré-TPS/2026,2026,False,True,ERRADO,"regra de ouro: maximiza consumo, não investimento = depreciação",,nenhuma,,
ECO-E2-L00152-1,E2-L00152,1,E2,01 — 📋 ECO - IDEG - BOZAN - Pré-TPS 2026 / Bloco Temático 04 - 9 erros/32 itens,56,"👥 População, tecnologia e convergência",C/E,IDEG – Prof. Bozan,Pré-TPS/2026,2026,False,False,CERTO,Solow: poupança não sustenta crescimento sem tecnologia,,nenhuma,,
ECO-E2-L00153-1,E2-L00153,1,E2,01 — 📋 ECO - IDEG - BOZAN - Pré-TPS 2026 / Bloco Temático 04 - 9 erros/32 itens,56,"👥 População, tecnologia e convergência",C/E,IDEG – Prof. Bozan,Pré-TPS/2026,2026,False,False,ERRADO,Solow: tecnologia e população são exógenas,,nenhuma,,
ECO-E2-L00154-1,E2-L00154,1,E2,01 — 📋 ECO - IDEG - BOZAN - Pré-TPS 2026 / Bloco Temático 04 - 9 erros/32 itens,56,"👥 População, tecnologia e convergência",C/E,IDEG – Prof. Bozan,Pré-TPS/2026,2026,False,False,CERTO,Solow: crescimento populacional dilui capital por trabalhador,,nenhuma,,
ECO-E2-L00160-1,E2-L00160,1,E2,01 — 📋 ECO - IDEG - BOZAN - Pré-TPS 2026 / Bloco Temático 04 - 9 erros/32 itens,70,🌊 Câmbio flutuante,C/E,IDEG – Prof. Bozan,Pré-TPS/2026,2026,False,True,CERTO,"flutuante, mobilidade perfeita: monetária expansiva desvaloriza e desloca IS",,nenhuma,,
ECO-E2-L00161-1,E2-L00161,1,E2,01 — 📋 ECO - IDEG - BOZAN - Pré-TPS 2026 / Bloco Temático 04 - 9 erros/32 itens,70,🔒 Câmbio fixo,C/E,IDEG – Prof. Bozan,Pré-TPS/2026,2026,False,False,CERTO,câmbio fixo: política monetária ineficaz,,nenhuma,,
ECO-E2-L00162-1,E2-L00162,1,E2,01 — 📋 ECO - IDEG - BOZAN - Pré-TPS 2026 / Bloco Temático 04 - 9 erros/32 itens,70,🔒 Câmbio fixo,C/E,IDEG – Prof. Bozan,Pré-TPS/2026,2026,False,False,ERRADO,câmbio fixo: política fiscal expansiva é eficaz,,nenhuma,,
ECO-E2-L00163-1,E2-L00163,1,E2,01 — 📋 ECO - IDEG - BOZAN - Pré-TPS 2026 / Bloco Temático 04 - 9 erros/32 itens,70,🌊 Câmbio flutuante,C/E,IDEG – Prof. Bozan,Pré-TPS/2026,2026,False,True,ERRADO,"flutuante: fiscal sofre crowding out via câmbio, não juros",,nenhuma,,
ECO-E2-L00164-1,E2-L00164,1,E2,01 — 📋 ECO - IDEG - BOZAN - Pré-TPS 2026 / Bloco Temático 04 - 9 erros/32 itens,70,🌊 Câmbio flutuante,C/E,IDEG – Prof. Bozan,Pré-TPS/2026,2026,False,False,CERTO,flutuante mobilidade perfeita: fiscal não afeta renda nem juros,,nenhuma,,
ECO-E2-L00165-1,E2-L00165,1,E2,01 — 📋 ECO - IDEG - BOZAN - Pré-TPS 2026 / Bloco Temático 04 - 9 erros/32 itens,70,🔒 Câmbio fixo,C/E,IDEG – Prof. Bozan,Pré-TPS/2026,2026,False,False,ERRADO,"câmbio fixo alta mobilidade: monetária ineficaz, fiscal eficaz",,nenhuma,,
ECO-E2-L00166-1,E2-L00166,1,E2,01 — 📋 ECO - IDEG - BOZAN - Pré-TPS 2026 / Bloco Temático 04 - 9 erros/32 itens,70,🌊 Câmbio flutuante,C/E,IDEG – Prof. Bozan,Pré-TPS/2026,2026,False,False,ERRADO,flutuante: monetária expansiva reduz juros e eleva renda,,nenhuma,,
ECO-E2-L00167-1,E2-L00167,1,E2,01 — 📋 ECO - IDEG - BOZAN - Pré-TPS 2026 / Bloco Temático 04 - 9 erros/32 itens,70,📍 Curva BP e mobilidade de capital,C/E,IDEG – Prof. Bozan,Pré-TPS/2026,2026,False,True,CERTO,câmbio fixo e imobilidade de capitais: fiscal ineficaz,,nenhuma,,
ECO-E2-L00168-1,E2-L00168,1,E2,01 — 📋 ECO - IDEG - BOZAN - Pré-TPS 2026 / Bloco Temático 04 - 9 erros/32 itens,59,👷 Desemprego e mercado de trabalho,C/E,IDEG – Prof. Bozan,Pré-TPS/2026,2026,False,False,CERTO,desemprego sazonal: conceito,,nenhuma,,
ECO-E2-L00169-1,E2-L00169,1,E2,01 — 📋 ECO - IDEG - BOZAN - Pré-TPS 2026 / Bloco Temático 04 - 9 erros/32 itens,59,👷 Desemprego e mercado de trabalho,C/E,IDEG – Prof. Bozan,Pré-TPS/2026,2026,False,True,ERRADO,desemprego cíclico × estrutural (tecnológico),,nenhuma,,
ECO-E2-L00170-1,E2-L00170,1,E2,01 — 📋 ECO - IDEG - BOZAN - Pré-TPS 2026 / Bloco Temático 04 - 9 erros/32 itens,59,👷 Desemprego e mercado de trabalho,C/E,IDEG – Prof. Bozan,Pré-TPS/2026,2026,False,False,CERTO,desemprego friccional existe no pleno emprego,,nenhuma,,
ECO-E2-L00171-1,E2-L00171,1,E2,01 — 📋 ECO - IDEG - BOZAN - Pré-TPS 2026 / Bloco Temático 04 - 9 erros/32 itens,59,👷 Desemprego e mercado de trabalho,C/E,IDEG – Prof. Bozan,Pré-TPS/2026,2026,False,False,ERRADO,"recessão gera desemprego cíclico, não estrutural",,nenhuma,,
ECO-E2-L00172-1,E2-L00172,1,E2,01 — 📋 ECO - IDEG - BOZAN - Pré-TPS 2026 / Bloco Temático 04 - 9 erros/32 itens,57,💡 Teorias do crescimento,C/E,IDEG – Prof. Bozan,Pré-TPS/2026,2026,False,False,CERTO,crítica a Solow: tecnologia exógena,,nenhuma,,
ECO-E2-L00173-1,E2-L00173,1,E2,01 — 📋 ECO - IDEG - BOZAN - Pré-TPS 2026 / Bloco Temático 04 - 9 erros/32 itens,57,💡 Teorias do crescimento,C/E,IDEG – Prof. Bozan,Pré-TPS/2026,2026,False,False,ERRADO,crescimento endógeno: tecnologia rompe rendimentos decrescentes,,nenhuma,,
ECO-E2-L00174-1,E2-L00174,1,E2,01 — 📋 ECO - IDEG - BOZAN - Pré-TPS 2026 / Bloco Temático 04 - 9 erros/32 itens,57,💡 Teorias do crescimento,C/E,IDEG – Prof. Bozan,Pré-TPS/2026,2026,False,False,CERTO,crescimento endógeno prolonga crescimento além do estado estacionário,,nenhuma,,
ECO-E2-L00175-1,E2-L00175,1,E2,01 — 📋 ECO - IDEG - BOZAN - Pré-TPS 2026 / Bloco Temático 04 - 9 erros/32 itens,57,💡 Teorias do crescimento,C/E,IDEG – Prof. Bozan,Pré-TPS/2026,2026,False,True,ERRADO,Schumpeter: destruição criativa e empreendedor inovador,,nenhuma,,
ECO-E2-L00183-1,E2-L00183,1,E2,01 — 📋 ECO - IDEG - BOZAN - Pré-TPS 2026 / Bloco Temático 05 - 11 erros/32 itens,79,🚫 Cotas e barreiras não tarifárias,C/E,IDEG – Prof. Bozan,Pré-TPS/2026,2026,False,False,ERRADO,cota de importação é barreira não tarifária,,nenhuma,,
ECO-E2-L00184-1,E2-L00184,1,E2,01 — 📋 ECO - IDEG - BOZAN - Pré-TPS 2026 / Bloco Temático 05 - 11 erros/32 itens,79,🚫 Cotas e barreiras não tarifárias,C/E,IDEG – Prof. Bozan,Pré-TPS/2026,2026,False,False,CERTO,proibição sanitária de carne: barreira técnica/SPS,,nenhuma,,
ECO-E2-L00185-1,E2-L00185,1,E2,01 — 📋 ECO - IDEG - BOZAN - Pré-TPS 2026 / Bloco Temático 05 - 11 erros/32 itens,79,💰 Subsídios e defesa comercial,C/E,IDEG – Prof. Bozan,Pré-TPS/2026,2026,False,False,CERTO,subsídio à exportação: excedente do produtor ↑ e consumidor ↓,,nenhuma,,
ECO-E2-L00186-1,E2-L00186,1,E2,01 — 📋 ECO - IDEG - BOZAN - Pré-TPS 2026 / Bloco Temático 05 - 11 erros/32 itens,79,🧾 Tarifas,C/E,IDEG – Prof. Bozan,Pré-TPS/2026,2026,False,False,ERRADO,efeito da tarifa no curto × longo prazo (câmbio),,nenhuma,,
ECO-E2-L00187-1,E2-L00187,1,E2,01 — 📋 ECO - IDEG - BOZAN - Pré-TPS 2026 / Bloco Temático 05 - 11 erros/32 itens,77,💼 IED e portfólio,C/E,IDEG – Prof. Bozan,Pré-TPS/2026,2026,False,False,CERTO,fatores que incentivam o IED,,nenhuma,,
ECO-E2-L00188-1,E2-L00188,1,E2,01 — 📋 ECO - IDEG - BOZAN - Pré-TPS 2026 / Bloco Temático 05 - 11 erros/32 itens,77,💼 IED e portfólio,C/E,IDEG – Prof. Bozan,Pré-TPS/2026,2026,False,False,ERRADO,"IED: critério de 10% do capital votante, não 50%",,nenhuma,,
ECO-E2-L00189-1,E2-L00189,1,E2,01 — 📋 ECO - IDEG - BOZAN - Pré-TPS 2026 / Bloco Temático 05 - 11 erros/32 itens,77,💼 IED e portfólio,C/E,IDEG – Prof. Bozan,Pré-TPS/2026,2026,False,False,CERTO,determinantes do investimento em portfólio,,nenhuma,,
ECO-E2-L00190-1,E2-L00190,1,E2,01 — 📋 ECO - IDEG - BOZAN - Pré-TPS 2026 / Bloco Temático 05 - 11 erros/32 itens,77,💼 IED e portfólio,C/E,IDEG – Prof. Bozan,Pré-TPS/2026,2026,False,True,ERRADO,"capitais especulativos: expectativas de câmbio e risco, não só juros",,nenhuma,,
ECO-E2-L00191-1,E2-L00191,1,E2,01 — 📋 ECO - IDEG - BOZAN - Pré-TPS 2026 / Bloco Temático 05 - 11 erros/32 itens,66,📏 Câmbio nominal × real e PPC,C/E,IDEG – Prof. Bozan,Pré-TPS/2026,2026,False,False,CERTO,PPC decorre da lei do preço único,,nenhuma,,
ECO-E2-L00192-1,E2-L00192,1,E2,01 — 📋 ECO - IDEG - BOZAN - Pré-TPS 2026 / Bloco Temático 05 - 11 erros/32 itens,66,📏 Câmbio nominal × real e PPC,C/E,IDEG – Prof. Bozan,Pré-TPS/2026,2026,False,True,CERTO,PPC válida: câmbio real constante/igual ao nominal,,nenhuma,,
ECO-E2-L00193-1,E2-L00193,1,E2,01 — 📋 ECO - IDEG - BOZAN - Pré-TPS 2026 / Bloco Temático 05 - 11 erros/32 itens,69,🔗 Paridades e repasse cambial,C/E,IDEG – Prof. Bozan,Pré-TPS/2026,2026,False,False,CERTO,paridade descoberta de juros: câmbio atual × esperado,,nenhuma,,
ECO-E2-L00194-1,E2-L00194,1,E2,01 — 📋 ECO - IDEG - BOZAN - Pré-TPS 2026 / Bloco Temático 05 - 11 erros/32 itens,69,🔗 Paridades e repasse cambial,C/E,IDEG – Prof. Bozan,Pré-TPS/2026,2026,False,False,ERRADO,relação juros-câmbio negativa sob cotação ao incerto,,nenhuma,,
ECO-E2-L00195-1,E2-L00195,1,E2,01 — 📋 ECO - IDEG - BOZAN - Pré-TPS 2026 / Bloco Temático 05 - 11 erros/32 itens,73,🧪 Heckscher-Ohlin e teoremas,C/E,IDEG – Prof. Bozan,Pré-TPS/2026,2026,False,False,CERTO,H-O: comércio por abundância relativa de fatores,,nenhuma,,
ECO-E2-L00196-1,E2-L00196,1,E2,01 — 📋 ECO - IDEG - BOZAN - Pré-TPS 2026 / Bloco Temático 05 - 11 erros/32 itens,73,🧪 Heckscher-Ohlin e teoremas,C/E,IDEG – Prof. Bozan,Pré-TPS/2026,2026,False,False,CERTO,equalização dos preços dos fatores exige mesma tecnologia,,nenhuma,,
ECO-E2-L00197-1,E2-L00197,1,E2,01 — 📋 ECO - IDEG - BOZAN - Pré-TPS 2026 / Bloco Temático 05 - 11 erros/32 itens,73,⛵ Vantagens absolutas e comparativas,C/E,IDEG – Prof. Bozan,Pré-TPS/2026,2026,False,False,CERTO,vantagem comparativa = menor custo de oportunidade,,nenhuma,,
ECO-E2-L00198-1,E2-L00198,1,E2,01 — 📋 ECO - IDEG - BOZAN - Pré-TPS 2026 / Bloco Temático 05 - 11 erros/32 itens,73,🧪 Heckscher-Ohlin e teoremas,C/E,IDEG – Prof. Bozan,Pré-TPS/2026,2026,False,False,CERTO,Stolper-Samuelson: comércio eleva remuneração do fator abundante,,nenhuma,,
ECO-E2-L00199-1,E2-L00199,1,E2,01 — 📋 ECO - IDEG - BOZAN - Pré-TPS 2026 / Bloco Temático 05 - 11 erros/32 itens,79,🚫 Cotas e barreiras não tarifárias,C/E,IDEG – Prof. Bozan,Pré-TPS/2026,2026,False,False,ERRADO,bem-estar com cotas e tarifa específica,,nenhuma,,
ECO-E2-L00200-1,E2-L00200,1,E2,01 — 📋 ECO - IDEG - BOZAN - Pré-TPS 2026 / Bloco Temático 05 - 11 erros/32 itens,79,🧾 Tarifas,C/E,IDEG – Prof. Bozan,Pré-TPS/2026,2026,False,False,ERRADO,tarifa e cota elevam excedente do produtor,,nenhuma,,
ECO-E2-L00201-1,E2-L00201,1,E2,01 — 📋 ECO - IDEG - BOZAN - Pré-TPS 2026 / Bloco Temático 05 - 11 erros/32 itens,79,💰 Subsídios e defesa comercial,C/E,IDEG – Prof. Bozan,Pré-TPS/2026,2026,False,False,CERTO,tarifa e subsídio à exportação reduzem excedente do consumidor,,nenhuma,,
ECO-E2-L00202-1,E2-L00202,1,E2,01 — 📋 ECO - IDEG - BOZAN - Pré-TPS 2026 / Bloco Temático 05 - 11 erros/32 itens,79,🚫 Cotas e barreiras não tarifárias,C/E,IDEG – Prof. Bozan,Pré-TPS/2026,2026,False,False,ERRADO,cotas e receita do governo; restrição voluntária à exportação,,nenhuma,,
ECO-E2-L00203-1,E2-L00203,1,E2,01 — 📋 ECO - IDEG - BOZAN - Pré-TPS 2026 / Bloco Temático 05 - 11 erros/32 itens,75,🔬 Novas teorias do comércio,C/E,IDEG – Prof. Bozan,Pré-TPS/2026,2026,False,False,CERTO,Kemp: fontes de economias de escala no comércio,,nenhuma,,
ECO-E2-L00204-1,E2-L00204,1,E2,01 — 📋 ECO - IDEG - BOZAN - Pré-TPS 2026 / Bloco Temático 05 - 11 erros/32 itens,75,🔬 Novas teorias do comércio,C/E,IDEG – Prof. Bozan,Pré-TPS/2026,2026,False,False,CERTO,monopólios e fechamento comercial em concorrência imperfeita,,nenhuma,,
ECO-E2-L00205-1,E2-L00205,1,E2,01 — 📋 ECO - IDEG - BOZAN - Pré-TPS 2026 / Bloco Temático 05 - 11 erros/32 itens,75,🔬 Novas teorias do comércio,C/E,IDEG – Prof. Bozan,Pré-TPS/2026,2026,False,True,CERTO,diferenciação vertical × horizontal de produtos,,nenhuma,,
ECO-E2-L00206-1,E2-L00206,1,E2,01 — 📋 ECO - IDEG - BOZAN - Pré-TPS 2026 / Bloco Temático 05 - 11 erros/32 itens,75,🔬 Novas teorias do comércio,C/E,IDEG – Prof. Bozan,Pré-TPS/2026,2026,False,False,ERRADO,comércio intrassetorial × intrafirma,,nenhuma,,
ECO-E2-L00212-1,E2-L00212,1,E2,01 — 📋 ECO - IDEG - BOZAN - Pré-TPS 2026 / Bloco Temático 05 - 11 erros/32 itens,73,⛵ Vantagens absolutas e comparativas,C/E,IDEG – Prof. Bozan,Pré-TPS/2026,2026,False,False,CERTO,Smith: vantagens absolutas,,nenhuma,,
ECO-E2-L00213-1,E2-L00213,1,E2,01 — 📋 ECO - IDEG - BOZAN - Pré-TPS 2026 / Bloco Temático 05 - 11 erros/32 itens,73,🧪 Heckscher-Ohlin e teoremas,C/E,IDEG – Prof. Bozan,Pré-TPS/2026,2026,False,True,ERRADO,H-O: fator abundante e limitações do modelo,,nenhuma,,
ECO-E2-L00214-1,E2-L00214,1,E2,01 — 📋 ECO - IDEG - BOZAN - Pré-TPS 2026 / Bloco Temático 05 - 11 erros/32 itens,73,⛵ Vantagens absolutas e comparativas,C/E,IDEG – Prof. Bozan,Pré-TPS/2026,2026,False,False,CERTO,Ricardo: vantagens comparativas sem vantagem absoluta,,nenhuma,,
ECO-E2-L00215-1,E2-L00215,1,E2,01 — 📋 ECO - IDEG - BOZAN - Pré-TPS 2026 / Bloco Temático 05 - 11 erros/32 itens,73,⛵ Vantagens absolutas e comparativas,C/E,IDEG – Prof. Bozan,Pré-TPS/2026,2026,False,True,ERRADO,teoria do valor-trabalho na economia clássica,,nenhuma,,
ECO-E2-L00216-1,E2-L00216,1,E2,01 — 📋 ECO - IDEG - BOZAN - Pré-TPS 2026 / Bloco Temático 05 - 11 erros/32 itens,75,🔬 Novas teorias do comércio,C/E,IDEG – Prof. Bozan,Pré-TPS/2026,2026,False,True,CERTO,diferenciação vertical: qualidade,,nenhuma,,
ECO-E2-L00217-1,E2-L00217,1,E2,01 — 📋 ECO - IDEG - BOZAN - Pré-TPS 2026 / Bloco Temático 05 - 11 erros/32 itens,75,🔬 Novas teorias do comércio,C/E,IDEG – Prof. Bozan,Pré-TPS/2026,2026,False,False,ERRADO,comércio intrassetorial e diferenciação horizontal,,nenhuma,,
ECO-E2-L00218-1,E2-L00218,1,E2,01 — 📋 ECO - IDEG - BOZAN - Pré-TPS 2026 / Bloco Temático 05 - 11 erros/32 itens,75,🔬 Novas teorias do comércio,C/E,IDEG – Prof. Bozan,Pré-TPS/2026,2026,False,False,CERTO,economias de escala internas × externas à firma,,nenhuma,,
ECO-E2-L00219-1,E2-L00219,1,E2,01 — 📋 ECO - IDEG - BOZAN - Pré-TPS 2026 / Bloco Temático 05 - 11 erros/32 itens,75,🔬 Novas teorias do comércio,C/E,IDEG – Prof. Bozan,Pré-TPS/2026,2026,False,False,ERRADO,comércio intrafirma entre subsidiárias,,nenhuma,,
ECO-E2-L00220-1,E2-L00220,1,E2,01 — 📋 ECO - IDEG - BOZAN - Pré-TPS 2026 / Bloco Temático 05 - 11 erros/32 itens,66,📏 Câmbio nominal × real e PPC,C/E,IDEG – Prof. Bozan,Pré-TPS/2026,2026,False,False,CERTO,"PPC, inflação e câmbio nominal × real",,nenhuma,,
ECO-E2-L00221-1,E2-L00221,1,E2,01 — 📋 ECO - IDEG - BOZAN - Pré-TPS 2026 / Bloco Temático 05 - 11 erros/32 itens,69,🔗 Paridades e repasse cambial,C/E,IDEG – Prof. Bozan,Pré-TPS/2026,2026,False,False,ERRADO,paridade de juros inclui expectativa de desvalorização,,nenhuma,,
ECO-E2-L00222-1,E2-L00222,1,E2,01 — 📋 ECO - IDEG - BOZAN - Pré-TPS 2026 / Bloco Temático 05 - 11 erros/32 itens,66,📏 Câmbio nominal × real e PPC,C/E,IDEG – Prof. Bozan,Pré-TPS/2026,2026,False,True,ERRADO,lei do preço único e ajuste cambial,,nenhuma,,
ECO-E2-L00223-1,E2-L00223,1,E2,01 — 📋 ECO - IDEG - BOZAN - Pré-TPS 2026 / Bloco Temático 05 - 11 erros/32 itens,69,🔗 Paridades e repasse cambial,C/E,IDEG – Prof. Bozan,Pré-TPS/2026,2026,False,False,CERTO,paridade salarial internacional,,nenhuma,,gabarito do curso duvidoso
ECO-E2-L00224-1,E2-L00224,1,E2,01 — 📋 ECO - IDEG - BOZAN - Pré-TPS 2026 / Bloco Temático 05 - 11 erros/32 itens,69,🔗 Paridades e repasse cambial,C/E,IDEG – Prof. Bozan,Pré-TPS/2026,2026,False,True,CERTO,paridade coberta de juros neutraliza risco cambial,,nenhuma,,
ECO-E2-L00225-1,E2-L00225,1,E2,01 — 📋 ECO - IDEG - BOZAN - Pré-TPS 2026 / Bloco Temático 05 - 11 erros/32 itens,69,🔗 Paridades e repasse cambial,C/E,IDEG – Prof. Bozan,Pré-TPS/2026,2026,False,True,CERTO,retorno esperado ajustado ao risco e fluxo de capital,,nenhuma,,
ECO-E2-L00226-1,E2-L00226,1,E2,01 — 📋 ECO - IDEG - BOZAN - Pré-TPS 2026 / Bloco Temático 05 - 11 erros/32 itens,18,🏗️ Estrutura do BP (BPM6),C/E,IDEG – Prof. Bozan,Pré-TPS/2026,2026,False,True,ERRADO,capitais compensatórios × especulativos,,nenhuma,,
ECO-E2-L00227-1,E2-L00227,1,E2,01 — 📋 ECO - IDEG - BOZAN - Pré-TPS 2026 / Bloco Temático 05 - 11 erros/32 itens,77,💼 IED e portfólio,C/E,IDEG – Prof. Bozan,Pré-TPS/2026,2026,False,False,CERTO,internacionalização da produção: vantagens de propriedade,,nenhuma,,
ECO-E2-L00237-1,E2-L00237,1,E2,02 — 💪🏻 Armstrong - Pré-TPS - ECO - corrigir/passar a limpo / 1 - Simulado de qu,08,🏛️ Monopólio natural e regulação,C/E,Armstrong,Pré-TPS/2026,2026,False,False,ERRADO,monopólio natural: P = CMg gera prejuízo,,nenhuma,,
ECO-E2-L00238-1,E2-L00238,1,E2,02 — 💪🏻 Armstrong - Pré-TPS - ECO - corrigir/passar a limpo / 1 - Simulado de qu,08,🎟️ Discriminação de preços,C/E,Armstrong,Pré-TPS/2026,2026,False,False,CERTO,"discriminação de 1º grau: EC nulo, quantidade eficiente",,nenhuma,,
ECO-E2-L00239-1,E2-L00239,1,E2,02 — 💪🏻 Armstrong - Pré-TPS - ECO - corrigir/passar a limpo / 1 - Simulado de qu,09,🧩 Modelo de Chamberlin,C/E,Armstrong,Pré-TPS/2026,2026,False,False,ERRADO,"concorrência monopolística no LP: capacidade ociosa, P > CMg",,nenhuma,,
ECO-E2-L00240-1,E2-L00240,1,E2,02 — 💪🏻 Armstrong - Pré-TPS - ECO - corrigir/passar a limpo / 1 - Simulado de qu,10,🥇 Stackelberg e liderança,C/E,Armstrong,Pré-TPS/2026,2026,False,False,ERRADO,Stackelberg: seguidora lucra menos que em Cournot,,nenhuma,,
ECO-E2-L00241-1,E2-L00241,1,E2,02 — 💪🏻 Armstrong - Pré-TPS - ECO - corrigir/passar a limpo / 1 - Simulado de qu,76,⭐ Cadeias globais de valor,C/E,Armstrong,Pré-TPS/2026,2026,False,False,ERRADO,upgrade nas CGVs não vem de bens primários e abertura,,nenhuma,,
ECO-E2-L00242-1,E2-L00242,1,E2,02 — 💪🏻 Armstrong - Pré-TPS - ECO - corrigir/passar a limpo / 1 - Simulado de qu,76,⭐ Cadeias globais de valor,C/E,Armstrong,Pré-TPS/2026,2026,False,True,ERRADO,digitalização das CGVs reduz vantagem da mão de obra barata,,nenhuma,,
ECO-E2-L00243-1,E2-L00243,1,E2,02 — 💪🏻 Armstrong - Pré-TPS - ECO - corrigir/passar a limpo / 1 - Simulado de qu,76,⭐ Cadeias globais de valor,C/E,Armstrong,Pré-TPS/2026,2026,False,False,CERTO,países desenvolvidos controlam etapas intensivas em conhecimento,,nenhuma,,
ECO-E2-L00244-1,E2-L00244,1,E2,02 — 💪🏻 Armstrong - Pré-TPS - ECO - corrigir/passar a limpo / 1 - Simulado de qu,76,⭐ Cadeias globais de valor,C/E,Armstrong,Pré-TPS/2026,2026,False,True,ERRADO,inserção do Brasil nas CGVs: commodities e vulnerabilidade,,nenhuma,,
ECO-E2-L00245-1,E2-L00245,1,E2,02 — 💪🏻 Armstrong - Pré-TPS - ECO - corrigir/passar a limpo / 1 - Simulado de qu,TRIAGEM,HECON,C/E,Armstrong,Pré-TPS/2026,2026,False,False,ERRADO,JK: Plano de Metas e vulnerabilidade externa,,nenhuma,história econômica do Brasil,
ECO-E2-L00246-1,E2-L00246,1,E2,02 — 💪🏻 Armstrong - Pré-TPS - ECO - corrigir/passar a limpo / 1 - Simulado de qu,TRIAGEM,HECON,C/E,Armstrong,Pré-TPS/2026,2026,False,False,ERRADO,Jânio Quadros: unificação cambial e ajuste ortodoxo,,nenhuma,história econômica do Brasil,
ECO-E2-L00247-1,E2-L00247,1,E2,02 — 💪🏻 Armstrong - Pré-TPS - ECO - corrigir/passar a limpo / 1 - Simulado de qu,TRIAGEM,HECON,C/E,Armstrong,Pré-TPS/2026,2026,False,False,CERTO,Goulart: Plano Trienal e estagflação,,nenhuma,história econômica do Brasil,
ECO-E2-L00248-1,E2-L00248,1,E2,02 — 💪🏻 Armstrong - Pré-TPS - ECO - corrigir/passar a limpo / 1 - Simulado de qu,TRIAGEM,HECON,C/E,Armstrong,Pré-TPS/2026,2026,False,False,CERTO,"SUDENE, Reformas de Base e planificação cepalina",,nenhuma,história econômica do Brasil,verso: 'CERTO (mas errado pela SUDENE)'
ECO-E2-L00254-1,E2-L00254,1,E2,02 — 💪🏻 Armstrong - Pré-TPS - ECO - corrigir/passar a limpo / 2 - Simulado Objet,TRIAGEM,HECON,C/E,Armstrong,Pré-TPS/2026,2026,False,False,ERRADO,"Tarifa Alves Branco: motivação fiscal, não protecionista",,nenhuma,história econômica do Brasil,
ECO-E2-L00255-1,E2-L00255,1,E2,02 — 💪🏻 Armstrong - Pré-TPS - ECO - corrigir/passar a limpo / 2 - Simulado Objet,TRIAGEM,HECON,C/E,Armstrong,Pré-TPS/2026,2026,False,False,CERTO,Lei de Terras de 1850 e mão de obra,,nenhuma,história econômica do Brasil,
ECO-E2-L00256-1,E2-L00256,1,E2,02 — 💪🏻 Armstrong - Pré-TPS - ECO - corrigir/passar a limpo / 2 - Simulado Objet,TRIAGEM,HECON,C/E,Armstrong,Pré-TPS/2026,2026,False,False,ERRADO,"Encilhamento: pluralidade emissora, não centralização",,nenhuma,história econômica do Brasil,
ECO-E2-L00257-1,E2-L00257,1,E2,02 — 💪🏻 Armstrong - Pré-TPS - ECO - corrigir/passar a limpo / 2 - Simulado Objet,TRIAGEM,HECON,C/E,Armstrong,Pré-TPS/2026,2026,False,False,CERTO,Funding Loan de 1898 e deflação de Murtinho,,nenhuma,história econômica do Brasil,
ECO-E2-L00258-1,E2-L00258,1,E2,02 — 💪🏻 Armstrong - Pré-TPS - ECO - corrigir/passar a limpo / 2 - Simulado Objet,TRIAGEM,HECON,C/E,Armstrong,Pré-TPS/2026,2026,False,False,ERRADO,Convênio de Taubaté: oposição de Rodrigues Alves,,nenhuma,história econômica do Brasil,
ECO-E2-L00259-1,E2-L00259,1,E2,02 — 💪🏻 Armstrong - Pré-TPS - ECO - corrigir/passar a limpo / 2 - Simulado Objet,TRIAGEM,HECON,C/E,Armstrong,Pré-TPS/2026,2026,False,True,CERTO,Caixa de Conversão evita valorização do mil-réis,,nenhuma,história econômica do Brasil,
ECO-E2-L00260-1,E2-L00260,1,E2,02 — 💪🏻 Armstrong - Pré-TPS - ECO - corrigir/passar a limpo / 2 - Simulado Objet,TRIAGEM,HECON,C/E,Armstrong,Pré-TPS/2026,2026,False,False,CERTO,1ª Guerra: industrialização via capacidade ociosa,,nenhuma,história econômica do Brasil,
ECO-E2-L00261-1,E2-L00261,1,E2,02 — 💪🏻 Armstrong - Pré-TPS - ECO - corrigir/passar a limpo / 2 - Simulado Objet,TRIAGEM,HECON,C/E,Armstrong,Pré-TPS/2026,2026,False,False,ERRADO,sistema de parceria de Vergueiro fracassou,,nenhuma,história econômica do Brasil,
ECO-E2-L00262-1,E2-L00262,1,E2,02 — 💪🏻 Armstrong - Pré-TPS - ECO - corrigir/passar a limpo / 2 - Simulado Objet,TRIAGEM,HECON,C/E,Armstrong,Pré-TPS/2026,2026,False,False,CERTO,segundo Funding Loan de 1914,,nenhuma,história econômica do Brasil,
ECO-E2-L00263-1,E2-L00263,1,E2,02 — 💪🏻 Armstrong - Pré-TPS - ECO - corrigir/passar a limpo / 2 - Simulado Objet,TRIAGEM,HECON,C/E,Armstrong,Pré-TPS/2026,2026,False,False,CERTO,colapso da borracha e concorrência asiática,,nenhuma,história econômica do Brasil,
ECO-E2-L00264-1,E2-L00264,1,E2,02 — 💪🏻 Armstrong - Pré-TPS - ECO - corrigir/passar a limpo / 2 - Simulado Objet,TRIAGEM,HECON,C/E,Armstrong,Pré-TPS/2026,2026,False,False,ERRADO,"Washington Luís: Caixa de Estabilização, mil-réis, crise de 1929",,nenhuma,história econômica do Brasil,
ECO-E2-L00265-1,E2-L00265,1,E2,02 — 💪🏻 Armstrong - Pré-TPS - ECO - corrigir/passar a limpo / 2 - Simulado Objet,TRIAGEM,HECON,C/E,Armstrong,Pré-TPS/2026,2026,False,False,ERRADO,setor de subsistência na Primeira República,,nenhuma,história econômica do Brasil,
ECO-E2-L00271-1,E2-L00271,1,E2,02 — 💪🏻 Armstrong - Pré-TPS - ECO - corrigir/passar a limpo / 3 - Simulado Objet,TRIAGEM,HECON,C/E,Armstrong,Pré-TPS/2026,2026,False,False,CERTO,Furtado: socialização das perdas na economia escravista,,nenhuma,história econômica do Brasil,
ECO-E2-L00272-1,E2-L00272,1,E2,02 — 💪🏻 Armstrong - Pré-TPS - ECO - corrigir/passar a limpo / 3 - Simulado Objet,TRIAGEM,HECON,C/E,Armstrong,Pré-TPS/2026,2026,False,False,ERRADO,objetivo da Caixa de Conversão (1906),,nenhuma,história econômica do Brasil,
ECO-E2-L00273-1,E2-L00273,1,E2,02 — 💪🏻 Armstrong - Pré-TPS - ECO - corrigir/passar a limpo / 3 - Simulado Objet,TRIAGEM,HECON,C/E,Armstrong,Pré-TPS/2026,2026,False,False,CERTO,reforma monetária de 1926 com paridade depreciada,,nenhuma,história econômica do Brasil,
ECO-E2-L00274-1,E2-L00274,1,E2,02 — 💪🏻 Armstrong - Pré-TPS - ECO - corrigir/passar a limpo / 3 - Simulado Objet,TRIAGEM,HECON,C/E,Armstrong,Pré-TPS/2026,2026,False,False,ERRADO,Furtado: indústria 1929-33 via capacidade ociosa,,nenhuma,história econômica do Brasil,
ECO-E2-L00275-1,E2-L00275,1,E2,02 — 💪🏻 Armstrong - Pré-TPS - ECO - corrigir/passar a limpo / 3 - Simulado Objet,TRIAGEM,HECON,C/E,Armstrong,Pré-TPS/2026,2026,False,False,CERTO,Dutra: licenciamento de importações e câmbio sobrevalorizado,,nenhuma,história econômica do Brasil,
ECO-E2-L00276-1,E2-L00276,1,E2,02 — 💪🏻 Armstrong - Pré-TPS - ECO - corrigir/passar a limpo / 3 - Simulado Objet,TRIAGEM,HECON,C/E,Armstrong,Pré-TPS/2026,2026,False,False,CERTO,"Vargas: Petrobras, BNDE e pontos de estrangulamento",,nenhuma,história econômica do Brasil,
ECO-E2-L00277-1,E2-L00277,1,E2,02 — 💪🏻 Armstrong - Pré-TPS - ECO - corrigir/passar a limpo / 3 - Simulado Objet,TRIAGEM,HECON,C/E,Armstrong,Pré-TPS/2026,2026,False,False,CERTO,Instrução 113 da SUMOC e críticas da indústria nacional,,nenhuma,história econômica do Brasil,
ECO-E2-L00278-1,E2-L00278,1,E2,02 — 💪🏻 Armstrong - Pré-TPS - ECO - corrigir/passar a limpo / 3 - Simulado Objet,TRIAGEM,HECON,C/E,Armstrong,Pré-TPS/2026,2026,False,False,CERTO,"PAEG, Bacen e Conta Movimento do BB até 1986",,nenhuma,história econômica do Brasil,
ECO-E2-L00279-1,E2-L00279,1,E2,02 — 💪🏻 Armstrong - Pré-TPS - ECO - corrigir/passar a limpo / 3 - Simulado Objet,TRIAGEM,HECON,C/E,Armstrong,Pré-TPS/2026,2026,False,True,CERTO,minidesvalorizações cambiais de 1968 (crawling peg),,nenhuma,história econômica do Brasil,
ECO-E2-L00280-1,E2-L00280,1,E2,02 — 💪🏻 Armstrong - Pré-TPS - ECO - corrigir/passar a limpo / 3 - Simulado Objet,TRIAGEM,HECON,C/E,Armstrong,Pré-TPS/2026,2026,False,False,CERTO,crise da dívida: maxidesvalorização e dívida pública,,nenhuma,história econômica do Brasil,
ECO-E2-L00281-1,E2-L00281,1,E2,02 — 💪🏻 Armstrong - Pré-TPS - ECO - corrigir/passar a limpo / 3 - Simulado Objet,TRIAGEM,HECON,C/E,Armstrong,Pré-TPS/2026,2026,False,False,CERTO,gatilho salarial do Plano Cruzado e inflação inercial,,nenhuma,história econômica do Brasil,
ECO-E2-L00282-1,E2-L00282,1,E2,02 — 💪🏻 Armstrong - Pré-TPS - ECO - corrigir/passar a limpo / 3 - Simulado Objet,TRIAGEM,HECON,C/E,Armstrong,Pré-TPS/2026,2026,False,False,CERTO,URV e transição para o Real; senhoriagem,,nenhuma,história econômica do Brasil,
ECO-E2-L00288-1,E2-L00288,1,E2,02 — 💪🏻 Armstrong - Pré-TPS - ECO - corrigir/passar a limpo / 4 - Simulado Objet,09,🧩 Modelo de Chamberlin,C/E,Armstrong,Pré-TPS/2026,2026,False,True,CERTO,concorrência monopolística: excesso de capacidade no LP,,nenhuma,,
ECO-E2-L00289-1,E2-L00289,1,E2,02 — 💪🏻 Armstrong - Pré-TPS - ECO - corrigir/passar a limpo / 4 - Simulado Objet,10,🥇 Stackelberg e liderança,C/E,Armstrong,Pré-TPS/2026,2026,False,False,CERTO,Stackelberg: líder produz mais e lucra mais,,nenhuma,,
ECO-E2-L00290-1,E2-L00290,1,E2,02 — 💪🏻 Armstrong - Pré-TPS - ECO - corrigir/passar a limpo / 4 - Simulado Objet,08,🎟️ Discriminação de preços,C/E,Armstrong,Pré-TPS/2026,2026,False,True,ERRADO,discriminação perfeita elimina peso morto,,nenhuma,,
ECO-E2-L00291-1,E2-L00291,1,E2,02 — 💪🏻 Armstrong - Pré-TPS - ECO - corrigir/passar a limpo / 4 - Simulado Objet,10,📏 Concentração e outras teorias,C/E,Armstrong,Pré-TPS/2026,2026,False,False,CERTO,mercados contestáveis de Baumol,,nenhuma,,
ECO-E2-L00292-1,E2-L00292,1,E2,02 — 💪🏻 Armstrong - Pré-TPS - ECO - corrigir/passar a limpo / 4 - Simulado Objet,25,⚙️ Modelo clássico,C/E,Armstrong,Pré-TPS/2026,2026,False,False,CERTO,"modelo clássico: OA vertical, crowding out total",,nenhuma,,
ECO-E2-L00293-1,E2-L00293,1,E2,02 — 💪🏻 Armstrong - Pré-TPS - ECO - corrigir/passar a limpo / 4 - Simulado Objet,26,📈 Demanda efetiva e cruz keynesiana,C/E,Armstrong,Pré-TPS/2026,2026,False,True,ERRADO,paradoxo da parcimônia,,nenhuma,,
ECO-E2-L00294-1,E2-L00294,1,E2,02 — 💪🏻 Armstrong - Pré-TPS - ECO - corrigir/passar a limpo / 4 - Simulado Objet,17,🔄 Identidades e óticas do produto,C/E,Armstrong,Pré-TPS/2026,2026,False,False,CERTO,identidade (S−I)+(T−G)=(X−M),,nenhuma,,
ECO-E2-L00295-1,E2-L00295,1,E2,02 — 💪🏻 Armstrong - Pré-TPS - ECO - corrigir/passar a limpo / 4 - Simulado Objet,27,🕳️ Casos extremos,C/E,Armstrong,Pré-TPS/2026,2026,False,False,CERTO,armadilha da liquidez: LM horizontal,,nenhuma,,
ECO-E2-L00296-1,E2-L00296,1,E2,02 — 💪🏻 Armstrong - Pré-TPS - ECO - corrigir/passar a limpo / 4 - Simulado Objet,73,🧪 Heckscher-Ohlin e teoremas,C/E,Armstrong,Pré-TPS/2026,2026,False,False,ERRADO,H-O supõe tecnologias idênticas; produtividade é Ricardo,,nenhuma,,
ECO-E2-L00297-1,E2-L00297,1,E2,02 — 💪🏻 Armstrong - Pré-TPS - ECO - corrigir/passar a limpo / 4 - Simulado Objet,75,🔬 Novas teorias do comércio,C/E,Armstrong,Pré-TPS/2026,2026,False,True,ERRADO,ciclo de vida do produto (Vernon) × comércio intraindustrial,,nenhuma,,
ECO-E2-L00298-1,E2-L00298,1,E2,02 — 💪🏻 Armstrong - Pré-TPS - ECO - corrigir/passar a limpo / 4 - Simulado Objet,73,🧪 Heckscher-Ohlin e teoremas,C/E,Armstrong,Pré-TPS/2026,2026,False,True,CERTO,Stolper-Samuelson e desigualdade de renda,,nenhuma,,
ECO-E2-L00299-1,E2-L00299,1,E2,02 — 💪🏻 Armstrong - Pré-TPS - ECO - corrigir/passar a limpo / 4 - Simulado Objet,74,🌎 CEPAL e termos de troca,C/E,Armstrong,Pré-TPS/2026,2026,False,False,ERRADO,CEPAL: deterioração dos termos de troca da periferia,,nenhuma,,
ECO-E2-L00300-1,E2-L00300,1,E2,02 — 💪🏻 Armstrong - Pré-TPS - ECO - corrigir/passar a limpo / 4 - Simulado Objet,TRIAGEM,HECON,C/E,Armstrong,Pré-TPS/2026,2026,False,False,CERTO,II PND: bens de capital e relação capital-produto,,nenhuma,história econômica do Brasil,
ECO-E2-L00301-1,E2-L00301,1,E2,02 — 💪🏻 Armstrong - Pré-TPS - ECO - corrigir/passar a limpo / 4 - Simulado Objet,TRIAGEM,HECON,C/E,Armstrong,Pré-TPS/2026,2026,False,False,ERRADO,II PND não reverteu déficits comerciais em 1976-78,,nenhuma,história econômica do Brasil,
ECO-E2-L00302-1,E2-L00302,1,E2,02 — 💪🏻 Armstrong - Pré-TPS - ECO - corrigir/passar a limpo / 4 - Simulado Objet,TRIAGEM,HECON,C/E,Armstrong,Pré-TPS/2026,2026,False,False,CERTO,II PND: crescimento com endividamento externo,,nenhuma,história econômica do Brasil,
ECO-E2-L00303-1,E2-L00303,1,E2,02 — 💪🏻 Armstrong - Pré-TPS - ECO - corrigir/passar a limpo / 4 - Simulado Objet,TRIAGEM,HECON,C/E,Armstrong,Pré-TPS/2026,2026,False,False,ERRADO,"II PND: apogeu das estatais, não IED",,nenhuma,história econômica do Brasil,
ECO-E2-L00309-1,E2-L00309,1,E2,02 — 💪🏻 Armstrong - Pré-TPS - ECO - corrigir/passar a limpo / 5 - Simulado Objet,35,🏦 Criação de moeda e multiplicador,C/E,Armstrong,Pré-TPS/2026,2026,False,True,ERRADO,PIX e multiplicador bancário,,nenhuma,,gabarito Armstrong ERRADO; verso discorda (IAs: CERTO)
ECO-E2-L00310-1,E2-L00310,1,E2,02 — 💪🏻 Armstrong - Pré-TPS - ECO - corrigir/passar a limpo / 5 - Simulado Objet,37,🔥 Tipos e teorias da inflação,C/E,Armstrong,Pré-TPS/2026,2026,False,False,ERRADO,inflação de conflito distributivo antes do pleno emprego,,nenhuma,,
ECO-E2-L00311-1,E2-L00311,1,E2,02 — 💪🏻 Armstrong - Pré-TPS - ECO - corrigir/passar a limpo / 5 - Simulado Objet,35,🏦 Criação de moeda e multiplicador,C/E,Armstrong,Pré-TPS/2026,2026,False,False,CERTO,heterodoxos: moeda endógena e multiplicador instável,,nenhuma,,
ECO-E2-L00312-1,E2-L00312,1,E2,02 — 💪🏻 Armstrong - Pré-TPS - ECO - corrigir/passar a limpo / 5 - Simulado Objet,38,🎯 Metas de inflação e regras,C/E,Armstrong,Pré-TPS/2026,2026,False,False,ERRADO,canal cambial: efeitos diretos e indiretos na inflação,,nenhuma,,
ECO-E2-L00313-1,E2-L00313,1,E2,02 — 💪🏻 Armstrong - Pré-TPS - ECO - corrigir/passar a limpo / 5 - Simulado Objet,41,🏛️ Regulação e Basileia,C/E,Armstrong,Pré-TPS/2026,2026,False,False,CERTO,Basileia III: exigências de liquidez (LCR e NSFR),,nenhuma,,
ECO-E2-L00314-1,E2-L00314,1,E2,02 — 💪🏻 Armstrong - Pré-TPS - ECO - corrigir/passar a limpo / 5 - Simulado Objet,55,🏗️ Teorias do investimento,C/E,Armstrong,Pré-TPS/2026,2026,False,False,ERRADO,"Keynes: investimento financiado por crédito, poupança ex post",,nenhuma,,
ECO-E2-L00315-1,E2-L00315,1,E2,02 — 💪🏻 Armstrong - Pré-TPS - ECO - corrigir/passar a limpo / 5 - Simulado Objet,40,"🖨️ QE, tapering e QT",C/E,Armstrong,Pré-TPS/2026,2026,False,False,CERTO,definição de quantitative easing,,nenhuma,,
ECO-E2-L00316-1,E2-L00316,1,E2,02 — 💪🏻 Armstrong - Pré-TPS - ECO - corrigir/passar a limpo / 5 - Simulado Objet,40,"🖨️ QE, tapering e QT",C/E,Armstrong,Pré-TPS/2026,2026,False,True,ERRADO,QE e spreads bancários pós-2008,,nenhuma,,
ECO-E2-L00317-1,E2-L00317,1,E2,02 — 💪🏻 Armstrong - Pré-TPS - ECO - corrigir/passar a limpo / 5 - Simulado Objet,38,🎯 Metas de inflação e regras,C/E,Armstrong,Pré-TPS/2026,2026,False,False,CERTO,forward guidance como política não convencional,,nenhuma,,
ECO-E2-L00318-1,E2-L00318,1,E2,02 — 💪🏻 Armstrong - Pré-TPS - ECO - corrigir/passar a limpo / 5 - Simulado Objet,40,"🖨️ QE, tapering e QT",C/E,Armstrong,Pré-TPS/2026,2026,False,False,ERRADO,canais de transmissão específicos das políticas não convencionais,,nenhuma,,
ECO-E2-L00319-1,E2-L00319,1,E2,02 — 💪🏻 Armstrong - Pré-TPS - ECO - corrigir/passar a limpo / 5 - Simulado Objet,40,"🖨️ QE, tapering e QT",C/E,Armstrong,Pré-TPS/2026,2026,False,False,ERRADO,QE não foi inflacionário no curto prazo,,nenhuma,,
ECO-E2-L00320-1,E2-L00320,1,E2,02 — 💪🏻 Armstrong - Pré-TPS - ECO - corrigir/passar a limpo / 5 - Simulado Objet,40,"🖨️ QE, tapering e QT",C/E,Armstrong,Pré-TPS/2026,2026,False,False,CERTO,BC como emprestador de última instância ampliado (não bancos),,nenhuma,,
ECO-E2-L00326-1,E2-L00326,1,E2,02 — 💪🏻 Armstrong - Pré-TPS - ECO - corrigir/passar a limpo / 6 - Simulado Objet,04-A,🥔 Bens inferiores e de Giffen,C/E,Armstrong,Pré-TPS/2026,2026,False,False,CERTO,Slutsky: Giffen exige efeito renda negativo dominante,,nenhuma,,
ECO-E2-L00327-1,E2-L00327,1,E2,02 — 💪🏻 Armstrong - Pré-TPS - ECO - corrigir/passar a limpo / 6 - Simulado Objet,05,📏 Rendimentos de escala,C/E,Armstrong,Pré-TPS/2026,2026,False,False,CERTO,retornos crescentes de escala com PMg decrescente,,nenhuma,,
ECO-E2-L00328-1,E2-L00328,1,E2,02 — 💪🏻 Armstrong - Pré-TPS - ECO - corrigir/passar a limpo / 6 - Simulado Objet,09,🧩 Modelo de Chamberlin,C/E,Armstrong,Pré-TPS/2026,2026,False,True,ERRADO,concorrência monopolística LP: lucro nulo sem eficiência produtiva,,nenhuma,,
ECO-E2-L00329-1,E2-L00329,1,E2,02 — 💪🏻 Armstrong - Pré-TPS - ECO - corrigir/passar a limpo / 6 - Simulado Objet,06,📈 Custos de longo prazo e escala,C/E,Armstrong,Pré-TPS/2026,2026,False,False,ERRADO,CMeLP envelope tangencia mínimos só com retornos constantes,,nenhuma,,
ECO-E2-L00330-1,E2-L00330,1,E2,02 — 💪🏻 Armstrong - Pré-TPS - ECO - corrigir/passar a limpo / 6 - Simulado Objet,10,🥇 Stackelberg e liderança,C/E,Armstrong,Pré-TPS/2026,2026,False,True,CERTO,Stackelberg: produção total maior que em Cournot,,nenhuma,,
ECO-E2-L00331-1,E2-L00331,1,E2,02 — 💪🏻 Armstrong - Pré-TPS - ECO - corrigir/passar a limpo / 6 - Simulado Objet,12,🕵️ Informação assimétrica,C/E,Armstrong,Pré-TPS/2026,2026,False,False,CERTO,seleção adversa × risco moral,,nenhuma,,
ECO-E2-L00332-1,E2-L00332,1,E2,02 — 💪🏻 Armstrong - Pré-TPS - ECO - corrigir/passar a limpo / 6 - Simulado Objet,08,🎟️ Discriminação de preços,C/E,Armstrong,Pré-TPS/2026,2026,False,False,CERTO,discriminação de 1º grau elimina peso morto,,nenhuma,,
ECO-E2-L00333-1,E2-L00333,1,E2,02 — 💪🏻 Armstrong - Pré-TPS - ECO - corrigir/passar a limpo / 6 - Simulado Objet,12,🌫️ Externalidades e Coase,C/E,Armstrong,Pré-TPS/2026,2026,False,False,CERTO,teorema de Coase: eficiência independe da alocação inicial,,nenhuma,,
ECO-E2-L00334-1,E2-L00334,1,E2,02 — 💪🏻 Armstrong - Pré-TPS - ECO - corrigir/passar a limpo / 6 - Simulado Objet,03,💸 Tributos: incidência e peso morto,C/E,Armstrong,Pré-TPS/2026,2026,False,False,ERRADO,incidência com demanda perfeitamente inelástica recai no consumidor,,nenhuma,,
ECO-E2-L00335-1,E2-L00335,1,E2,02 — 💪🏻 Armstrong - Pré-TPS - ECO - corrigir/passar a limpo / 6 - Simulado Objet,04-A,🔀 Efeitos renda e substituição,C/E,Armstrong,Pré-TPS/2026,2026,False,True,CERTO,juros e poupança: efeitos renda e substituição intertemporais,,nenhuma,,
ECO-E2-L00336-1,E2-L00336,1,E2,02 — 💪🏻 Armstrong - Pré-TPS - ECO - corrigir/passar a limpo / 6 - Simulado Objet,01,📐 Curva de possibilidades de produção,C/E,Armstrong,Pré-TPS/2026,2026,False,True,CERTO,FPP côncava com intensidades fatoriais distintas,,nenhuma,,
ECO-E2-L00337-1,E2-L00337,1,E2,02 — 💪🏻 Armstrong - Pré-TPS - ECO - corrigir/passar a limpo / 6 - Simulado Objet,03,💸 Tributos: incidência e peso morto,C/E,Armstrong,Pré-TPS/2026,2026,False,False,CERTO,oferta perfeitamente elástica: imposto recai no consumidor no LP,,nenhuma,,
ECO-E2-L00343-1,E2-L00343,1,E2,02 — 💪🏻 Armstrong - Pré-TPS - ECO - corrigir/passar a limpo / 7 - Simulado Objet,07-A,⏱️ Curto prazo: oferta da firma,C/E,Armstrong,Pré-TPS/2026,2026,False,False,ERRADO,concorrência perfeita: fechamento P<CVM e oferta acima do CVM,,nenhuma,,
ECO-E2-L00344-1,E2-L00344,1,E2,02 — 💪🏻 Armstrong - Pré-TPS - ECO - corrigir/passar a limpo / 7 - Simulado Objet,07-A,📐 Hipóteses e maximização de lucro,C/E,Armstrong,Pré-TPS/2026,2026,False,False,ERRADO,RMg = P só para tomador de preço,,nenhuma,,
ECO-E2-L00345-1,E2-L00345,1,E2,02 — 💪🏻 Armstrong - Pré-TPS - ECO - corrigir/passar a limpo / 7 - Simulado Objet,04,⚖️ Escolha ótima do consumidor,C/E,Armstrong,Pré-TPS/2026,2026,False,False,ERRADO,"UMg/P igualada só em ótimo interior, não em canto",,nenhuma,,
ECO-E2-L00346-1,E2-L00346,1,E2,02 — 💪🏻 Armstrong - Pré-TPS - ECO - corrigir/passar a limpo / 7 - Simulado Objet,04,🎯 Utilidade e curvas de indiferença,C/E,Armstrong,Pré-TPS/2026,2026,False,True,ERRADO,substituibilidade e convexidade das curvas de indiferença,,nenhuma,,
ECO-E2-L00347-1,E2-L00347,1,E2,02 — 💪🏻 Armstrong - Pré-TPS - ECO - corrigir/passar a limpo / 7 - Simulado Objet,04-A,🥔 Bens inferiores e de Giffen,C/E,Armstrong,Pré-TPS/2026,2026,False,True,ERRADO,Giffen não exige preferências não convexas,,nenhuma,,
ECO-E2-L00348-1,E2-L00348,1,E2,02 — 💪🏻 Armstrong - Pré-TPS - ECO - corrigir/passar a limpo / 7 - Simulado Objet,26,✖️ Multiplicadores,C/E,Armstrong,Pré-TPS/2026,2026,False,True,CERTO,multiplicador 1/(1−c) e volatilidade do investimento,,nenhuma,,
ECO-E2-L00349-1,E2-L00349,1,E2,02 — 💪🏻 Armstrong - Pré-TPS - ECO - corrigir/passar a limpo / 7 - Simulado Objet,83,🌋 Conjuntura brasileira,C/E,Armstrong,Pré-TPS/2026,2026,False,False,ERRADO,aperto monetário 2021-2025 e seus custos,,nenhuma,,
ECO-E2-L00350-1,E2-L00350,1,E2,02 — 💪🏻 Armstrong - Pré-TPS - ECO - corrigir/passar a limpo / 7 - Simulado Objet,76,⭐ Cadeias globais de valor,C/E,Armstrong,Pré-TPS/2026,2026,False,False,CERTO,nearshoring/friendshoring e ESG como barreira nas CGVs,,nenhuma,,
ECO-E2-L00351-1,E2-L00351,1,E2,02 — 💪🏻 Armstrong - Pré-TPS - ECO - corrigir/passar a limpo / 7 - Simulado Objet,76,⭐ Cadeias globais de valor,C/E,Armstrong,Pré-TPS/2026,2026,False,False,ERRADO,upgrading possível nas CGVs para países em desenvolvimento,,nenhuma,,
ECO-E2-L00352-1,E2-L00352,1,E2,02 — 💪🏻 Armstrong - Pré-TPS - ECO - corrigir/passar a limpo / 7 - Simulado Objet,TRIAGEM,HECON,C/E,Armstrong,Pré-TPS/2026,2026,False,False,ERRADO,1ª Guerra não completou indústria de bens de capital,,nenhuma,história econômica do Brasil,
ECO-E2-L00353-1,E2-L00353,1,E2,02 — 💪🏻 Armstrong - Pré-TPS - ECO - corrigir/passar a limpo / 7 - Simulado Objet,TRIAGEM,HECON,C/E,Armstrong,Pré-TPS/2026,2026,False,False,ERRADO,Instrução 113 atraiu IDE como política industrial,,nenhuma,história econômica do Brasil,
ECO-E2-L00354-1,E2-L00354,1,E2,02 — 💪🏻 Armstrong - Pré-TPS - ECO - corrigir/passar a limpo / 7 - Simulado Objet,TRIAGEM,HECON,C/E,Armstrong,Pré-TPS/2026,2026,False,False,ERRADO,maxidesvalorização de 1979 e queda de reservas,,nenhuma,história econômica do Brasil,
ECO-E2-L00360-1,E2-L00360,1,E2,02 — 💪🏻 Armstrong - Pré-TPS - ECO - corrigir/passar a limpo / 9 - Simulado Objet,65,🥇 Padrão-ouro,C/E,Armstrong,Pré-TPS/2026,2026,False,False,CERTO,padrão-ouro: mecanismo preço-espécie de Hume,,nenhuma,,
ECO-E2-L00361-1,E2-L00361,1,E2,02 — 💪🏻 Armstrong - Pré-TPS - ECO - corrigir/passar a limpo / 9 - Simulado Objet,65,🏦 Bretton Woods,C/E,Armstrong,Pré-TPS/2026,2026,False,False,ERRADO,Bretton Woods: Plano White venceu Keynes,,nenhuma,,
ECO-E2-L00362-1,E2-L00362,1,E2,02 — 💪🏻 Armstrong - Pré-TPS - ECO - corrigir/passar a limpo / 9 - Simulado Objet,65,🏦 Bretton Woods,C/E,Armstrong,Pré-TPS/2026,2026,False,False,CERTO,dilema de Triffin,,nenhuma,,
ECO-E2-L00363-1,E2-L00363,1,E2,02 — 💪🏻 Armstrong - Pré-TPS - ECO - corrigir/passar a limpo / 9 - Simulado Objet,65,💥 Crises e pós-Bretton Woods,C/E,Armstrong,Pré-TPS/2026,2026,False,False,CERTO,cesta dos DES inclui renminbi desde 2016,,nenhuma,,
ECO-E2-L00364-1,E2-L00364,1,E2,02 — 💪🏻 Armstrong - Pré-TPS - ECO - corrigir/passar a limpo / 9 - Simulado Objet,65,💥 Crises e pós-Bretton Woods,C/E,Armstrong,Pré-TPS/2026,2026,False,False,CERTO,petrodólares sustentam demanda por dólar,,nenhuma,,
ECO-E2-L00365-1,E2-L00365,1,E2,02 — 💪🏻 Armstrong - Pré-TPS - ECO - corrigir/passar a limpo / 9 - Simulado Objet,84,🌐 Conjuntura internacional,C/E,Armstrong,Pré-TPS/2026,2026,False,False,CERTO,efeitos de rede mantêm hegemonia do dólar,,nenhuma,,
ECO-E2-L00366-1,E2-L00366,1,E2,02 — 💪🏻 Armstrong - Pré-TPS - ECO - corrigir/passar a limpo / 9 - Simulado Objet,65,🏦 Bretton Woods,C/E,Armstrong,Pré-TPS/2026,2026,False,False,ERRADO,Bretton Woods: paridades ajustáveis em desequilíbrio fundamental,,nenhuma,,
ECO-E2-L00367-1,E2-L00367,1,E2,02 — 💪🏻 Armstrong - Pré-TPS - ECO - corrigir/passar a limpo / 9 - Simulado Objet,65,💥 Crises e pós-Bretton Woods,C/E,Armstrong,Pré-TPS/2026,2026,False,False,CERTO,choque Nixon de 1971 e moedas fiduciárias,,nenhuma,,
ECO-E2-L00368-1,E2-L00368,1,E2,02 — 💪🏻 Armstrong - Pré-TPS - ECO - corrigir/passar a limpo / 9 - Simulado Objet,84,🌐 Conjuntura internacional,C/E,Armstrong,Pré-TPS/2026,2026,False,False,CERTO,mBridge e moedas locais desafiam SWIFT e dólar,,nenhuma,,
ECO-E2-L00369-1,E2-L00369,1,E2,02 — 💪🏻 Armstrong - Pré-TPS - ECO - corrigir/passar a limpo / 9 - Simulado Objet,84,🌐 Conjuntura internacional,C/E,Armstrong,Pré-TPS/2026,2026,False,True,ERRADO,Eichengreen: várias moedas de reserva podem coexistir,,nenhuma,,
ECO-E2-L00370-1,E2-L00370,1,E2,02 — 💪🏻 Armstrong - Pré-TPS - ECO - corrigir/passar a limpo / 9 - Simulado Objet,65,💥 Crises e pós-Bretton Woods,C/E,Armstrong,Pré-TPS/2026,2026,False,False,CERTO,privilégio exorbitante do dólar,,nenhuma,,
ECO-E2-L00371-1,E2-L00371,1,E2,02 — 💪🏻 Armstrong - Pré-TPS - ECO - corrigir/passar a limpo / 9 - Simulado Objet,65,💥 Crises e pós-Bretton Woods,C/E,Armstrong,Pré-TPS/2026,2026,False,False,ERRADO,DES não circulam em transações privadas,,nenhuma,,
ECO-E2-L00377-1,E2-L00377,1,E2,02 — 💪🏻 Armstrong - Pré-TPS - ECO - corrigir/passar a limpo / 10 - Simulado Obje,TRIAGEM,HECON,C/E,Armstrong,Pré-TPS/2026,2026,False,False,CERTO,Lei de Tarifas de 1957: ad valorem e similar nacional,,nenhuma,história econômica do Brasil,
ECO-E2-L00378-1,E2-L00378,1,E2,02 — 💪🏻 Armstrong - Pré-TPS - ECO - corrigir/passar a limpo / 10 - Simulado Obje,TRIAGEM,HECON,C/E,Armstrong,Pré-TPS/2026,2026,False,False,ERRADO,financiamento inflacionário do Plano de Metas,,nenhuma,história econômica do Brasil,
ECO-E2-L00379-1,E2-L00379,1,E2,02 — 💪🏻 Armstrong - Pré-TPS - ECO - corrigir/passar a limpo / 10 - Simulado Obje,TRIAGEM,HECON,C/E,Armstrong,Pré-TPS/2026,2026,False,False,CERTO,câmbio de custo no governo JK,,nenhuma,história econômica do Brasil,
ECO-E2-L00380-1,E2-L00380,1,E2,02 — 💪🏻 Armstrong - Pré-TPS - ECO - corrigir/passar a limpo / 10 - Simulado Obje,TRIAGEM,HECON,C/E,Armstrong,Pré-TPS/2026,2026,False,False,CERTO,Plano de Metas negligenciou agricultura de alimentos,,nenhuma,história econômica do Brasil,
ECO-E2-L00381-1,E2-L00381,1,E2,02 — 💪🏻 Armstrong - Pré-TPS - ECO - corrigir/passar a limpo / 10 - Simulado Obje,TRIAGEM,HECON,C/E,Armstrong,Pré-TPS/2026,2026,False,True,ERRADO,Lei dos Entraves (1860) e crise do Souto (1864),,nenhuma,história econômica do Brasil,
ECO-E2-L00382-1,E2-L00382,1,E2,02 — 💪🏻 Armstrong - Pré-TPS - ECO - corrigir/passar a limpo / 10 - Simulado Obje,TRIAGEM,HECON,C/E,Armstrong,Pré-TPS/2026,2026,False,False,CERTO,garantia de juros às ferrovias e risco moral,,nenhuma,história econômica do Brasil,
ECO-E2-L00383-1,E2-L00383,1,E2,02 — 💪🏻 Armstrong - Pré-TPS - ECO - corrigir/passar a limpo / 10 - Simulado Obje,TRIAGEM,HECON,C/E,Armstrong,Pré-TPS/2026,2026,False,False,ERRADO,Encilhamento gerou também formação de capital,,nenhuma,história econômica do Brasil,
ECO-E2-L00384-1,E2-L00384,1,E2,02 — 💪🏻 Armstrong - Pré-TPS - ECO - corrigir/passar a limpo / 10 - Simulado Obje,TRIAGEM,HECON,C/E,Armstrong,Pré-TPS/2026,2026,False,False,CERTO,industrialização induzida: efeito ambíguo da desvalorização,,nenhuma,história econômica do Brasil,
ECO-E2-L00385-1,E2-L00385,1,E2,02 — 💪🏻 Armstrong - Pré-TPS - ECO - corrigir/passar a limpo / 10 - Simulado Obje,38,🎯 Metas de inflação e regras,C/E,Armstrong,Pré-TPS/2026,2026,False,False,CERTO,"inconsistência temporal (Kydland-Prescott, Barro-Gordon) e viés inflacionário",,nenhuma,,
ECO-E2-L00386-1,E2-L00386,1,E2,02 — 💪🏻 Armstrong - Pré-TPS - ECO - corrigir/passar a limpo / 10 - Simulado Obje,38,🎯 Metas de inflação e regras,C/E,Armstrong,Pré-TPS/2026,2026,False,False,ERRADO,metas de inflação: resposta a choque de oferta persistente,,nenhuma,,
ECO-E2-L00387-1,E2-L00387,1,E2,02 — 💪🏻 Armstrong - Pré-TPS - ECO - corrigir/passar a limpo / 10 - Simulado Obje,39,🐉 Dominância fiscal,C/E,Armstrong,Pré-TPS/2026,2026,False,False,CERTO,dominância fiscal: aperto monetário pode ser inflacionário,,nenhuma,,
ECO-E2-L00388-1,E2-L00388,1,E2,02 — 💪🏻 Armstrong - Pré-TPS - ECO - corrigir/passar a limpo / 10 - Simulado Obje,36,🛠️ Instrumentos de política monetária,C/E,Armstrong,Pré-TPS/2026,2026,False,False,CERTO,canal do crédito e acelerador financeiro,,nenhuma,,
ECO-E2-L00389-1,E2-L00389,1,E2,02 — 💪🏻 Armstrong - Pré-TPS - ECO - corrigir/passar a limpo / 10 - Simulado Obje,07-A,⏳ Longo prazo e entrada/saída,C/E,Armstrong,Pré-TPS/2026,2026,False,False,CERTO,indústria de custos crescentes: oferta de LP positivamente inclinada,,nenhuma,,
ECO-E2-L00390-1,E2-L00390,1,E2,02 — 💪🏻 Armstrong - Pré-TPS - ECO - corrigir/passar a limpo / 10 - Simulado Obje,03,💸 Tributos: incidência e peso morto,C/E,Armstrong,Pré-TPS/2026,2026,False,True,ERRADO,imposto lump-sum não altera custo marginal,,nenhuma,,
ECO-E2-L00391-1,E2-L00391,1,E2,02 — 💪🏻 Armstrong - Pré-TPS - ECO - corrigir/passar a limpo / 10 - Simulado Obje,03,😊 Excedentes e eficiência,C/E,Armstrong,Pré-TPS/2026,2026,False,True,CERTO,excedente do produtor = lucro + custo fixo,,nenhuma,,
ECO-E2-L00392-1,E2-L00392,1,E2,02 — 💪🏻 Armstrong - Pré-TPS - ECO - corrigir/passar a limpo / 10 - Simulado Obje,03,💸 Tributos: incidência e peso morto,C/E,Armstrong,Pré-TPS/2026,2026,False,False,CERTO,demanda perfeitamente inelástica: sem peso morto,,nenhuma,,
ECO-E2-L00398-1,E2-L00398,1,E2,02 — 💪🏻 Armstrong - Pré-TPS - ECO - corrigir/passar a limpo / 11 - Simulado Obje,17,🧾 SCN e tabelas,C/E,Armstrong,Pré-TPS/2026,2026,False,True,CERTO,SCN 2008: P&D e armamentos passam à FBCF,,nenhuma,,
ECO-E2-L00399-1,E2-L00399,1,E2,02 — 💪🏻 Armstrong - Pré-TPS - ECO - corrigir/passar a limpo / 11 - Simulado Obje,17,🧾 SCN e tabelas,C/E,Armstrong,Pré-TPS/2026,2026,False,False,ERRADO,matriz insumo-produto: inversa de Leontief capta efeitos indiretos,,nenhuma,,
ECO-E2-L00400-1,E2-L00400,1,E2,02 — 💪🏻 Armstrong - Pré-TPS - ECO - corrigir/passar a limpo / 11 - Simulado Obje,17,🔄 Identidades e óticas do produto,C/E,Armstrong,Pré-TPS/2026,2026,False,True,CERTO,PIB pela ótica da renda: rendimento misto × EOB,,nenhuma,,
ECO-E2-L00401-1,E2-L00401,1,E2,02 — 💪🏻 Armstrong - Pré-TPS - ECO - corrigir/passar a limpo / 11 - Simulado Obje,17,"📏 PIB, PNB, RNB e conceitos derivados",C/E,Armstrong,Pré-TPS/2026,2026,False,True,ERRADO,RLEE positiva: PNB menor que PIB,,nenhuma,,
ECO-E2-L00402-1,E2-L00402,1,E2,02 — 💪🏻 Armstrong - Pré-TPS - ECO - corrigir/passar a limpo / 11 - Simulado Obje,18,🏗️ Estrutura do BP (BPM6),C/E,Armstrong,Pré-TPS/2026,2026,False,False,CERTO,BPM6: convenção de sinais da conta financeira,,nenhuma,,
ECO-E2-L00403-1,E2-L00403,1,E2,02 — 💪🏻 Armstrong - Pré-TPS - ECO - corrigir/passar a limpo / 11 - Simulado Obje,17,💲 Preços de mercado × custo de fatores,C/E,Armstrong,Pré-TPS/2026,2026,False,True,ERRADO,VAB a preços básicos → PIB: só impostos sobre produtos,,nenhuma,,
ECO-E2-L00404-1,E2-L00404,1,E2,02 — 💪🏻 Armstrong - Pré-TPS - ECO - corrigir/passar a limpo / 11 - Simulado Obje,17,📊 Nominal × real e deflator,C/E,Armstrong,Pré-TPS/2026,2026,False,False,CERTO,deflator implícito do PIB é índice de Paasche,,nenhuma,,
ECO-E2-L00405-1,E2-L00405,1,E2,02 — 💪🏻 Armstrong - Pré-TPS - ECO - corrigir/passar a limpo / 11 - Simulado Obje,17,"📏 PIB, PNB, RNB e conceitos derivados",C/E,Armstrong,Pré-TPS/2026,2026,False,True,CERTO,RNBD e déficit em transações correntes: poupança < investimento,,nenhuma,,
ECO-E2-L00406-1,E2-L00406,1,E2,02 — 💪🏻 Armstrong - Pré-TPS - ECO - corrigir/passar a limpo / 11 - Simulado Obje,17,🔄 Identidades e óticas do produto,C/E,Armstrong,Pré-TPS/2026,2026,False,False,ERRADO,juros da dívida não são consumo do governo,,nenhuma,,
ECO-E2-L00407-1,E2-L00407,1,E2,02 — 💪🏻 Armstrong - Pré-TPS - ECO - corrigir/passar a limpo / 11 - Simulado Obje,17,🧾 SCN e tabelas,C/E,Armstrong,Pré-TPS/2026,2026,False,False,ERRADO,"SIFIM alocado aos setores, não a setor dummy",,nenhuma,,
ECO-E2-L00408-1,E2-L00408,1,E2,02 — 💪🏻 Armstrong - Pré-TPS - ECO - corrigir/passar a limpo / 11 - Simulado Obje,17,🧾 SCN e tabelas,C/E,Armstrong,Pré-TPS/2026,2026,False,False,ERRADO,setores institucionais: estatal mercantil é sociedade não financeira,,nenhuma,,
ECO-E2-L00409-1,E2-L00409,1,E2,02 — 💪🏻 Armstrong - Pré-TPS - ECO - corrigir/passar a limpo / 11 - Simulado Obje,17,🔄 Identidades e óticas do produto,C/E,Armstrong,Pré-TPS/2026,2026,False,False,CERTO,variação de estoques e venda no ano seguinte,,nenhuma,,
ECO-E2-L00415-1,E2-L00415,1,E2,02 — 💪🏻 Armstrong - Pré-TPS - ECO - corrigir/passar a limpo / 12 - Simulado Obje,02,⏳ Determinantes e prazos,C/E,Armstrong,Pré-TPS/2026,2026,False,False,ERRADO,substitutos próximos tornam demanda elástica,,nenhuma,,
ECO-E2-L00416-1,E2-L00416,1,E2,02 — 💪🏻 Armstrong - Pré-TPS - ECO - corrigir/passar a limpo / 12 - Simulado Obje,02,⏳ Determinantes e prazos,C/E,Armstrong,Pré-TPS/2026,2026,False,False,ERRADO,mercado mais estreito: maior elasticidade,,nenhuma,,
ECO-E2-L00417-1,E2-L00417,1,E2,02 — 💪🏻 Armstrong - Pré-TPS - ECO - corrigir/passar a limpo / 12 - Simulado Obje,02,⏳ Determinantes e prazos,C/E,Armstrong,Pré-TPS/2026,2026,False,False,CERTO,elasticidade maior no longo prazo,,nenhuma,,
ECO-E2-L00418-1,E2-L00418,1,E2,02 — 💪🏻 Armstrong - Pré-TPS - ECO - corrigir/passar a limpo / 12 - Simulado Obje,02,"💰 Elasticidade, receita e gasto",C/E,Armstrong,Pré-TPS/2026,2026,False,False,ERRADO,regra elasticidade-receita é local; elasticidade-arco,,nenhuma,,
ECO-E2-L00419-1,E2-L00419,1,E2,02 — 💪🏻 Armstrong - Pré-TPS - ECO - corrigir/passar a limpo / 12 - Simulado Obje,04-A,🥔 Bens inferiores e de Giffen,C/E,Armstrong,Pré-TPS/2026,2026,False,False,ERRADO,nem todo bem inferior é de Giffen,,nenhuma,,
ECO-E2-L00420-1,E2-L00420,1,E2,02 — 💪🏻 Armstrong - Pré-TPS - ECO - corrigir/passar a limpo / 12 - Simulado Obje,02,🔗 Elasticidade-renda e cruzada,C/E,Armstrong,Pré-TPS/2026,2026,False,True,ERRADO,elasticidade cruzada e delimitação de mercado,,nenhuma,,
ECO-E2-L00421-1,E2-L00421,1,E2,02 — 💪🏻 Armstrong - Pré-TPS - ECO - corrigir/passar a limpo / 12 - Simulado Obje,03,💸 Tributos: incidência e peso morto,C/E,Armstrong,Pré-TPS/2026,2026,False,False,ERRADO,oferta muito elástica: incidência não necessariamente integral,,nenhuma,,
ECO-E2-L00422-1,E2-L00422,1,E2,02 — 💪🏻 Armstrong - Pré-TPS - ECO - corrigir/passar a limpo / 12 - Simulado Obje,17,💲 Preços de mercado × custo de fatores,C/E,Armstrong,Pré-TPS/2026,2026,False,False,ERRADO,preços de mercado × custo de fatores: impostos e subsídios,,nenhuma,,
ECO-E2-L00423-1,E2-L00423,1,E2,02 — 💪🏻 Armstrong - Pré-TPS - ECO - corrigir/passar a limpo / 12 - Simulado Obje,17,🔄 Identidades e óticas do produto,C/E,Armstrong,Pré-TPS/2026,2026,False,True,CERTO,"equivalência das óticas é contábil, não causal",,nenhuma,,
ECO-E2-L00424-1,E2-L00424,1,E2,02 — 💪🏻 Armstrong - Pré-TPS - ECO - corrigir/passar a limpo / 12 - Simulado Obje,17,🔄 Identidades e óticas do produto,C/E,Armstrong,Pré-TPS/2026,2026,False,False,CERTO,(X−M)=(T−G)+(S−I) não implica déficits gêmeos causais,,nenhuma,,
ECO-E2-L00425-1,E2-L00425,1,E2,02 — 💪🏻 Armstrong - Pré-TPS - ECO - corrigir/passar a limpo / 12 - Simulado Obje,48,📈 Wagner e Laffer,C/E,Armstrong,Pré-TPS/2026,2026,False,False,ERRADO,curva de Laffer não é regra universal,,nenhuma,,
ECO-E2-L00426-1,E2-L00426,1,E2,02 — 💪🏻 Armstrong - Pré-TPS - ECO - corrigir/passar a limpo / 12 - Simulado Obje,47,🔮 Equivalência ricardiana,C/E,Armstrong,Pré-TPS/2026,2026,False,True,ERRADO,equivalência ricardiana depende de hipóteses,,nenhuma,,
ECO-E2-L00436-1,E2-L00436,1,E2,03 — 🏋🏽‍♂️ Nabuco 2 - TPS - ECO / Lista de Exercícios - 19/05/2025 - 3 erros/12,02,⏳ Determinantes e prazos,C/E,Nabuco,,2026,False,False,ERRADO,substitutos e peso no orçamento aumentam elasticidade,,nenhuma,,
ECO-E2-L00437-1,E2-L00437,1,E2,03 — 🏋🏽‍♂️ Nabuco 2 - TPS - ECO / Lista de Exercícios - 19/05/2025 - 3 erros/12,02,"💰 Elasticidade, receita e gasto",C/E,Nabuco,,2026,False,False,ERRADO,demanda elástica: queda de preço eleva receita,,nenhuma,,
ECO-E2-L00438-1,E2-L00438,1,E2,03 — 🏋🏽‍♂️ Nabuco 2 - TPS - ECO / Lista de Exercícios - 19/05/2025 - 3 erros/12,03,💸 Tributos: incidência e peso morto,C/E,Nabuco,,2026,False,True,CERTO,oferta infinitamente elástica: tributo recai no consumidor,,nenhuma,,
ECO-E2-L00439-1,E2-L00439,1,E2,03 — 🏋🏽‍♂️ Nabuco 2 - TPS - ECO / Lista de Exercícios - 19/05/2025 - 3 erros/12,02,🔗 Elasticidade-renda e cruzada,C/E,Nabuco,,2026,False,False,CERTO,elasticidade cruzada negativa: complementares,,nenhuma,,
ECO-E2-L00440-1,E2-L00440,1,E2,03 — 🏋🏽‍♂️ Nabuco 2 - TPS - ECO / Lista de Exercícios - 19/05/2025 - 3 erros/12,10,🧮 Cournot e Bertrand,C/E,Nabuco,,2026,False,False,ERRADO,"Cournot: competição em quantidades, não preços",,nenhuma,,
ECO-E2-L00441-1,E2-L00441,1,E2,03 — 🏋🏽‍♂️ Nabuco 2 - TPS - ECO / Lista de Exercícios - 19/05/2025 - 3 erros/12,08,"📊 Markup, elasticidade e poder de mercado",C/E,Nabuco,,2026,False,True,ERRADO,monopolista opera na porção elástica da demanda,,nenhuma,,
ECO-E2-L00442-1,E2-L00442,1,E2,03 — 🏋🏽‍♂️ Nabuco 2 - TPS - ECO / Lista de Exercícios - 19/05/2025 - 3 erros/12,07,🗺️ Comparação entre estruturas,C/E,Nabuco,,2026,False,False,CERTO,barreiras à entrada sustentam poder de mercado,,nenhuma,,
ECO-E2-L00443-1,E2-L00443,1,E2,03 — 🏋🏽‍♂️ Nabuco 2 - TPS - ECO / Lista de Exercícios - 19/05/2025 - 3 erros/12,07-A,📐 Hipóteses e maximização de lucro,C/E,Nabuco,,2026,False,False,CERTO,firma competitiva: demanda perfeitamente elástica,,nenhuma,,
ECO-E2-L00444-1,E2-L00444,1,E2,03 — 🏋🏽‍♂️ Nabuco 2 - TPS - ECO / Lista de Exercícios - 19/05/2025 - 3 erros/12,17,🔄 Identidades e óticas do produto,C/E,Nabuco,,2026,False,True,CERTO,PIB pela ótica da renda: componentes,,nenhuma,,
ECO-E2-L00445-1,E2-L00445,1,E2,03 — 🏋🏽‍♂️ Nabuco 2 - TPS - ECO / Lista de Exercícios - 19/05/2025 - 3 erros/12,35,🏦 Criação de moeda e multiplicador,C/E,Nabuco,,2026,False,False,ERRADO,multiplicador inversamente ligado à preferência por papel-moeda,,nenhuma,,
ECO-E2-L00446-1,E2-L00446,1,E2,03 — 🏋🏽‍♂️ Nabuco 2 - TPS - ECO / Lista de Exercícios - 19/05/2025 - 3 erros/12,19,💰 Resultados fiscais (NFSP),C/E,Nabuco,,2026,False,False,CERTO,resultado acima × abaixo da linha,,nenhuma,,
ECO-E2-L00447-1,E2-L00447,1,E2,03 — 🏋🏽‍♂️ Nabuco 2 - TPS - ECO / Lista de Exercícios - 19/05/2025 - 3 erros/12,18,🏗️ Estrutura do BP (BPM6),C/E,Nabuco,,2026,False,False,ERRADO,BPM6: conta capital exclui patrimônio de migrantes,,nenhuma,,
ECO-E2-L00453-1,E2-L00453,1,E2,03 — 🏋🏽‍♂️ Nabuco 2 - TPS - ECO / Lista de Exercícios - 26/05/2025 - 5 erros/12,30,🗣️ Debate contemporâneo,C/E,Nabuco,,2026,False,True,ERRADO,"síntese neoclássica: flutuações por demanda, não choques reais",,nenhuma,,
ECO-E2-L00454-1,E2-L00454,1,E2,03 — 🏋🏽‍♂️ Nabuco 2 - TPS - ECO / Lista de Exercícios - 26/05/2025 - 5 erros/12,26,📈 Demanda efetiva e cruz keynesiana,C/E,Nabuco,,2026,False,True,ERRADO,Keynes: equilíbrio com desemprego involuntário,,nenhuma,,
ECO-E2-L00455-1,E2-L00455,1,E2,03 — 🏋🏽‍♂️ Nabuco 2 - TPS - ECO / Lista de Exercícios - 26/05/2025 - 5 erros/12,25,⚙️ Modelo clássico,C/E,Nabuco,,2026,False,False,CERTO,juros: fundos emprestáveis (clássicos) × preferência pela liquidez,,nenhuma,,
ECO-E2-L00456-1,E2-L00456,1,E2,03 — 🏋🏽‍♂️ Nabuco 2 - TPS - ECO / Lista de Exercícios - 26/05/2025 - 5 erros/12,29,🔮 Expectativas e NAIRU,C/E,Nabuco,,2026,False,True,ERRADO,oferta de Lucas: só moeda não antecipada afeta produto,,nenhuma,,
ECO-E2-L00457-1,E2-L00457,1,E2,03 — 🏋🏽‍♂️ Nabuco 2 - TPS - ECO / Lista de Exercícios - 26/05/2025 - 5 erros/12,TRIAGEM,HECON,C/E,Nabuco,,2026,False,False,ERRADO,"milagre econômico: minidesvalorizações, não câmbio fixo",,nenhuma,história econômica do Brasil,
ECO-E2-L00458-1,E2-L00458,1,E2,03 — 🏋🏽‍♂️ Nabuco 2 - TPS - ECO / Lista de Exercícios - 26/05/2025 - 5 erros/12,TRIAGEM,HECON,C/E,Nabuco,,2026,False,False,ERRADO,dívida externa × interna nos anos 80,,nenhuma,história econômica do Brasil,
ECO-E2-L00459-1,E2-L00459,1,E2,03 — 🏋🏽‍♂️ Nabuco 2 - TPS - ECO / Lista de Exercícios - 26/05/2025 - 5 erros/12,TRIAGEM,HECON,C/E,Nabuco,,2026,False,False,ERRADO,"JK: taxas múltiplas de câmbio, não unificado",,nenhuma,história econômica do Brasil,
ECO-E2-L00460-1,E2-L00460,1,E2,03 — 🏋🏽‍♂️ Nabuco 2 - TPS - ECO / Lista de Exercícios - 26/05/2025 - 5 erros/12,TRIAGEM,HECON,C/E,Nabuco,,2026,False,False,CERTO,ajuste com FMI no início dos anos 80,,nenhuma,história econômica do Brasil,
ECO-E2-L00461-1,E2-L00461,1,E2,03 — 🏋🏽‍♂️ Nabuco 2 - TPS - ECO / Lista de Exercícios - 26/05/2025 - 5 erros/12,TRIAGEM,HECON,C/E,Nabuco,,2026,False,False,ERRADO,crise cambial de 1999: medidas antes da desvalorização,,nenhuma,história econômica do Brasil,
ECO-E2-L00462-1,E2-L00462,1,E2,03 — 🏋🏽‍♂️ Nabuco 2 - TPS - ECO / Lista de Exercícios - 26/05/2025 - 5 erros/12,TRIAGEM,HECON,C/E,Nabuco,,2026,False,True,ERRADO,crise asiática: juros e pacote fiscal surtiram efeito,,nenhuma,história econômica do Brasil,
ECO-E2-L00463-1,E2-L00463,1,E2,03 — 🏋🏽‍♂️ Nabuco 2 - TPS - ECO / Lista de Exercícios - 26/05/2025 - 5 erros/12,TRIAGEM,HECON,C/E,Nabuco,,2026,False,False,CERTO,três fases do Plano Real,,nenhuma,história econômica do Brasil,
ECO-E2-L00464-1,E2-L00464,1,E2,03 — 🏋🏽‍♂️ Nabuco 2 - TPS - ECO / Lista de Exercícios - 26/05/2025 - 5 erros/12,TRIAGEM,HECON,C/E,Nabuco,,2026,False,True,ERRADO,URV visava desindexar a economia,,nenhuma,história econômica do Brasil,
ECO-E2-L00465-1,E2-L00465,1,E2,03 — 🏋🏽‍♂️ Nabuco 2 - TPS - ECO / Lista de Exercícios - 26/05/2025 - 5 erros/12,TRIAGEM,HECON,C/E,ANPEC,ANPEC/1999,1999,False,False,ERRADO,reforma de Ouro Preto em período de valorização cambial,,nenhuma,história econômica do Brasil,selecionadas HECON MM
ECO-E2-L00466-1,E2-L00466,1,E2,03 — 🏋🏽‍♂️ Nabuco 2 - TPS - ECO / Lista de Exercícios - 26/05/2025 - 5 erros/12,TRIAGEM,HECON,C/E,ANPEC,ANPEC/1998,1998,False,False,ERRADO,Encilhamento não foi crédito dirigido à indústria paulista,,nenhuma,história econômica do Brasil,selecionadas HECON MM
ECO-E2-L00467-1,E2-L00467,1,E2,03 — 🏋🏽‍♂️ Nabuco 2 - TPS - ECO / Lista de Exercícios - 26/05/2025 - 5 erros/12,TRIAGEM,HECON,C/E,Intensivo MM,,2026,False,False,ERRADO,socialização das perdas não via intervenção cambial,,nenhuma,história econômica do Brasil,selecionadas HECON MM; provável ANPEC
ECO-E2-L00468-1,E2-L00468,1,E2,03 — 🏋🏽‍♂️ Nabuco 2 - TPS - ECO / Lista de Exercícios - 26/05/2025 - 5 erros/12,TRIAGEM,HECON,C/E,Intensivo MM,,2026,False,True,ERRADO,monopólio cambial do Banco do Brasil,,nenhuma,história econômica do Brasil,selecionadas HECON MM; provável ANPEC
ECO-E2-L00469-1,E2-L00469,1,E2,03 — 🏋🏽‍♂️ Nabuco 2 - TPS - ECO / Lista de Exercícios - 26/05/2025 - 5 erros/12,TRIAGEM,HECON,C/E,ANPEC,ANPEC/2015,2015,False,False,ERRADO,defesa do café 1906 não gerou racionamento de divisas,,nenhuma,história econômica do Brasil,selecionadas HECON MM
ECO-E2-L00470-1,E2-L00470,1,E2,03 — 🏋🏽‍♂️ Nabuco 2 - TPS - ECO / Lista de Exercícios - 26/05/2025 - 5 erros/12,TRIAGEM,HECON,C/E,Intensivo MM,,2026,False,False,ERRADO,Vargas 1930 não tinha projeto deliberado de industrialização,,nenhuma,história econômica do Brasil,selecionadas HECON MM; provável ANPEC
ECO-E2-L00471-1,E2-L00471,1,E2,03 — 🏋🏽‍♂️ Nabuco 2 - TPS - ECO / Lista de Exercícios - 26/05/2025 - 5 erros/12,TRIAGEM,HECON,C/E,Intensivo MM,,2026,False,True,ERRADO,defesa do café nos anos 30 não financiada por novos impostos,,nenhuma,história econômica do Brasil,selecionadas HECON MM; provável ANPEC
ECO-E2-L00472-1,E2-L00472,1,E2,03 — 🏋🏽‍♂️ Nabuco 2 - TPS - ECO / Lista de Exercícios - 26/05/2025 - 5 erros/12,TRIAGEM,HECON,C/E,ANPEC,ANPEC/2007,2007,False,True,ERRADO,Campos Salles: direitos alfandegários em ouro,,nenhuma,história econômica do Brasil,selecionadas HECON MM
ECO-E2-L00478-1,E2-L00478,1,E2,03 — 🏋🏽‍♂️ Nabuco 2 - TPS - ECO / Lista de Exercícios - 02/06/2025,07-A,⏱️ Curto prazo: oferta da firma,C/E,Nabuco,,2026,False,False,ERRADO,custos fixos irrelevantes; produz se P ≥ CVMe,,nenhuma,,
ECO-E2-L00479-1,E2-L00479,1,E2,03 — 🏋🏽‍♂️ Nabuco 2 - TPS - ECO / Lista de Exercícios - 02/06/2025,10,🧮 Cournot e Bertrand,C/E,Nabuco,,2026,False,False,CERTO,premissas do modelo de Bertrand,,nenhuma,,
ECO-E2-L00480-1,E2-L00480,1,E2,03 — 🏋🏽‍♂️ Nabuco 2 - TPS - ECO / Lista de Exercícios - 02/06/2025,08,"📊 Markup, elasticidade e poder de mercado",C/E,Nabuco,,2026,False,False,CERTO,índice de Lerner e poder de monopólio,,nenhuma,,
ECO-E2-L00481-1,E2-L00481,1,E2,03 — 🏋🏽‍♂️ Nabuco 2 - TPS - ECO / Lista de Exercícios - 02/06/2025,01,🏭 Oferta: determinantes e deslocamentos,C/E,Nabuco,,2026,False,False,CERTO,expectativa de alta futura reduz oferta presente,,nenhuma,,
ECO-E2-L00482-1,E2-L00482,1,E2,03 — 🏋🏽‍♂️ Nabuco 2 - TPS - ECO / Lista de Exercícios - 02/06/2025,36,🏛️ Funções do Banco Central,C/E,Nabuco,,2026,False,False,ERRADO,"COPOM é do Bacen, não do CMN",,nenhuma,,
ECO-E2-L00483-1,E2-L00483,1,E2,03 — 🏋🏽‍♂️ Nabuco 2 - TPS - ECO / Lista de Exercícios - 02/06/2025,36,🛠️ Instrumentos de política monetária,C/E,Nabuco,,2026,False,False,CERTO,compra de títulos pelo BC expande moeda,,nenhuma,,
ECO-E2-L00484-1,E2-L00484,1,E2,03 — 🏋🏽‍♂️ Nabuco 2 - TPS - ECO / Lista de Exercícios - 02/06/2025,27,🏦 Política fiscal e monetária,C/E,Nabuco,,2026,False,False,CERTO,"BC fixa juros: LM horizontal, choques monetários neutralizados",,nenhuma,,
ECO-E2-L00485-1,E2-L00485,1,E2,03 — 🏋🏽‍♂️ Nabuco 2 - TPS - ECO / Lista de Exercícios - 02/06/2025,70,📍 Curva BP e mobilidade de capital,C/E,Nabuco,,2026,False,False,ERRADO,"trindade impossível: câmbio fixo, não flutuante",,nenhuma,,
ECO-E2-L00486-1,E2-L00486,1,E2,03 — 🏋🏽‍♂️ Nabuco 2 - TPS - ECO / Lista de Exercícios - 02/06/2025,65,🏦 Bretton Woods,C/E,Nabuco,,2026,False,False,ERRADO,"Bancor era do Plano Keynes, não White",,nenhuma,,
ECO-E2-L00487-1,E2-L00487,1,E2,03 — 🏋🏽‍♂️ Nabuco 2 - TPS - ECO / Lista de Exercícios - 02/06/2025,66,📏 Câmbio nominal × real e PPC,C/E,Nabuco,,2026,False,False,ERRADO,PPC relativa: variação nominal = diferencial de inflação,,nenhuma,,
ECO-E2-L00488-1,E2-L00488,1,E2,03 — 🏋🏽‍♂️ Nabuco 2 - TPS - ECO / Lista de Exercícios - 02/06/2025,66,💱 Regimes cambiais,C/E,Nabuco,,2026,False,False,ERRADO,"câmbio fixo fixa o nominal, não o real",,nenhuma,,
ECO-E2-L00494-1,E2-L00494,1,E2,03 — 🏋🏽‍♂️ Nabuco 2 - TPS - ECO / Lista de Exercícios - 16/06/2025,73,⛵ Vantagens absolutas e comparativas,C/E,Nabuco,,2026,False,False,ERRADO,vantagem absoluta em ambos os bens (tabela Brasil × México),,transcrita_ok,,
ECO-E2-L00495-1,E2-L00495,1,E2,03 — 🏋🏽‍♂️ Nabuco 2 - TPS - ECO / Lista de Exercícios - 16/06/2025,73,⛵ Vantagens absolutas e comparativas,C/E,Nabuco,,2026,False,False,ERRADO,vantagem comparativa em vestuário pelo custo de oportunidade,,transcrita_ok,,
ECO-E2-L00496-1,E2-L00496,1,E2,03 — 🏋🏽‍♂️ Nabuco 2 - TPS - ECO / Lista de Exercícios - 16/06/2025,73,⛵ Vantagens absolutas e comparativas,C/E,Nabuco,,2026,False,False,CERTO,preço relativo internacional entre custos de oportunidade: ganhos mútuos,,transcrita_ok,,
ECO-E2-L00497-1,E2-L00497,1,E2,03 — 🏋🏽‍♂️ Nabuco 2 - TPS - ECO / Lista de Exercícios - 16/06/2025,73,⛵ Vantagens absolutas e comparativas,C/E,Nabuco,,2026,False,False,ERRADO,diferença de custos de oportunidade é base para comércio,,transcrita_ok,,
ECO-E2-L00498-1,E2-L00498,1,E2,03 — 🏋🏽‍♂️ Nabuco 2 - TPS - ECO / Lista de Exercícios - 16/06/2025,73,🧪 Heckscher-Ohlin e teoremas,C/E,Nabuco,,2026,False,False,CERTO,hipóteses de Ricardo × Heckscher-Ohlin,,nenhuma,,
ECO-E2-L00499-1,E2-L00499,1,E2,03 — 🏋🏽‍♂️ Nabuco 2 - TPS - ECO / Lista de Exercícios - 16/06/2025,75,🔬 Novas teorias do comércio,C/E,Nabuco,,2026,False,False,ERRADO,"nova teoria complementa, não descarta, as tradicionais",,nenhuma,,
ECO-E2-L00500-1,E2-L00500,1,E2,03 — 🏋🏽‍♂️ Nabuco 2 - TPS - ECO / Lista de Exercícios - 16/06/2025,75,🔬 Novas teorias do comércio,C/E,Nabuco,,2026,False,False,ERRADO,economias de escala: especialização em gama limitada,,nenhuma,,
ECO-E2-L00501-1,E2-L00501,1,E2,03 — 🏋🏽‍♂️ Nabuco 2 - TPS - ECO / Lista de Exercícios - 16/06/2025,73,⛵ Vantagens absolutas e comparativas,C/E,Nabuco,,2026,False,False,ERRADO,"Ricardo: um fator, FPP linear",,nenhuma,,
ECO-E2-L00502-1,E2-L00502,1,E2,03 — 🏋🏽‍♂️ Nabuco 2 - TPS - ECO / Lista de Exercícios - 16/06/2025,17,🔄 Identidades e óticas do produto,C/E,Nabuco,,2026,False,False,ERRADO,STC = S − I: poupança cai e investimento sobe,,nenhuma,,
ECO-E2-L00503-1,E2-L00503,1,E2,03 — 🏋🏽‍♂️ Nabuco 2 - TPS - ECO / Lista de Exercícios - 16/06/2025,78,🌐 Globalização e vulnerabilidade,C/E,Nabuco,,2026,False,False,ERRADO,fluxos financeiros superam o comércio,,nenhuma,,
ECO-E2-L00504-1,E2-L00504,1,E2,03 — 🏋🏽‍♂️ Nabuco 2 - TPS - ECO / Lista de Exercícios - 16/06/2025,65,🏦 Bretton Woods,C/E,Nabuco,,2026,False,False,CERTO,Bretton Woods: ajuste com aval do FMI em desequilíbrio fundamental,,nenhuma,,
ECO-E2-L00505-1,E2-L00505,1,E2,03 — 🏋🏽‍♂️ Nabuco 2 - TPS - ECO / Lista de Exercícios - 16/06/2025,70,🌊 Câmbio flutuante,C/E,Nabuco,,2026,False,False,CERTO,flutuante e mobilidade: fiscal reduz exportações líquidas,,nenhuma,,
ECO-E2-L00506-1,E2-L00506,1,E2,03 — 🏋🏽‍♂️ Nabuco 2 - TPS - ECO / Lista de Exercícios - 16/06/2025,79,🧾 Tarifas,C/E,Nabuco,,2026,False,False,CERTO,país grande: tarifas e subsídios alteram termos de troca,,nenhuma,,
ECO-E2-L00507-1,E2-L00507,1,E2,03 — 🏋🏽‍♂️ Nabuco 2 - TPS - ECO / Lista de Exercícios - 16/06/2025,79,🧾 Tarifas,C/E,Nabuco,,2026,False,False,CERTO,tarifa em país pequeno eleva excedente do produtor,,nenhuma,,
ECO-E2-L00508-1,E2-L00508,1,E2,03 — 🏋🏽‍♂️ Nabuco 2 - TPS - ECO / Lista de Exercícios - 16/06/2025,79,🧾 Tarifas,C/E,Nabuco,,2026,False,False,ERRADO,tarifa de país grande reduz preço mundial,,nenhuma,,
ECO-E2-L00509-1,E2-L00509,1,E2,03 — 🏋🏽‍♂️ Nabuco 2 - TPS - ECO / Lista de Exercícios - 16/06/2025,79,💰 Subsídios e defesa comercial,C/E,Nabuco,,2026,False,False,CERTO,subsídio à exportação: preço local = externo + subsídio,,nenhuma,,
ECO-E2-L00515-1,E2-L00515,1,E2,03 — 🏋🏽‍♂️ Nabuco 2 - TPS - ECO / Lista de Exercícios - 23/06/2025,12,🌫️ Externalidades e Coase,C/E,Nabuco,,2026,False,False,ERRADO,"externalidade negativa: imposto, não subsídio pigouviano",,nenhuma,,
ECO-E2-L00516-1,E2-L00516,1,E2,03 — 🏋🏽‍♂️ Nabuco 2 - TPS - ECO / Lista de Exercícios - 23/06/2025,12,🌫️ Externalidades e Coase,C/E,Nabuco,,2026,False,False,CERTO,vacinação: externalidade positiva e subprovisão,,nenhuma,,
ECO-E2-L00517-1,E2-L00517,1,E2,03 — 🏋🏽‍♂️ Nabuco 2 - TPS - ECO / Lista de Exercícios - 23/06/2025,12,🌫️ Externalidades e Coase,C/E,Nabuco,,2026,False,False,CERTO,teorema de Coase,,nenhuma,,
ECO-E2-L00518-1,E2-L00518,1,E2,03 — 🏋🏽‍♂️ Nabuco 2 - TPS - ECO / Lista de Exercícios - 23/06/2025,12,🏞️ Bens públicos e comuns,C/E,Nabuco,,2026,False,False,CERTO,"recursos comuns: rivais, não excludentes; tragédia dos comuns",,nenhuma,,
ECO-E2-L00519-1,E2-L00519,1,E2,03 — 🏋🏽‍♂️ Nabuco 2 - TPS - ECO / Lista de Exercícios - 23/06/2025,TRIAGEM,HECON,C/E,Nabuco,,2026,False,False,ERRADO,choques de 1979 e moratória da dívida externa,,nenhuma,história econômica do Brasil,
ECO-E2-L00520-1,E2-L00520,1,E2,03 — 🏋🏽‍♂️ Nabuco 2 - TPS - ECO / Lista de Exercícios - 23/06/2025,TRIAGEM,HECON,C/E,Nabuco,,2026,False,False,ERRADO,Milagre econômico e distribuição de renda,,nenhuma,história econômica do Brasil,
ECO-E2-L00521-1,E2-L00521,1,E2,03 — 🏋🏽‍♂️ Nabuco 2 - TPS - ECO / Lista de Exercícios - 23/06/2025,TRIAGEM,HECON,C/E,Nabuco,,2026,False,False,CERTO,Instrução 70 da SUMOC e taxas múltiplas de câmbio,,nenhuma,história econômica do Brasil,
ECO-E2-L00522-1,E2-L00522,1,E2,03 — 🏋🏽‍♂️ Nabuco 2 - TPS - ECO / Lista de Exercícios - 23/06/2025,TRIAGEM,HECON,C/E,Nabuco,,2026,False,False,CERTO,planos econômicos do regime militar,,nenhuma,história econômica do Brasil,
ECO-E2-L00523-1,E2-L00523,1,E2,03 — 🏋🏽‍♂️ Nabuco 2 - TPS - ECO / Lista de Exercícios - 23/06/2025,57,💡 Teorias do crescimento,C/E,Nabuco,,2026,False,False,CERTO,Harrod-Domar: crescimento = poupança / relação capital-produto,,nenhuma,,
ECO-E2-L00524-1,E2-L00524,1,E2,03 — 🏋🏽‍♂️ Nabuco 2 - TPS - ECO / Lista de Exercícios - 23/06/2025,56,⚙️ Estado estacionário,C/E,Nabuco,,2026,False,False,CERTO,Solow: substituição de fatores e estado estacionário,,nenhuma,,
ECO-E2-L00525-1,E2-L00525,1,E2,03 — 🏋🏽‍♂️ Nabuco 2 - TPS - ECO / Lista de Exercícios - 23/06/2025,56,"👥 População, tecnologia e convergência",C/E,Nabuco,,2026,False,False,ERRADO,Solow: crescimento de longo prazo vem do progresso técnico exógeno,,nenhuma,,
ECO-E2-L00526-1,E2-L00526,1,E2,03 — 🏋🏽‍♂️ Nabuco 2 - TPS - ECO / Lista de Exercícios - 23/06/2025,56,"👥 População, tecnologia e convergência",C/E,Nabuco,,2026,False,False,CERTO,Solow: convergência condicional,,nenhuma,,
ECO-E2-L00532-1,E2-L00532,1,E2,03 — 🏋🏽‍♂️ Nabuco 2 - TPS - ECO / Lista de Exercícios - 30/06/2025,10,🧮 Cournot e Bertrand,C/E,Nabuco,,2026,False,False,CERTO,Bertrand com bens homogêneos: P = CMg,,nenhuma,,
ECO-E2-L00533-1,E2-L00533,1,E2,03 — 🏋🏽‍♂️ Nabuco 2 - TPS - ECO / Lista de Exercícios - 30/06/2025,10,📏 Concentração e outras teorias,C/E,Nabuco,,2026,False,False,CERTO,mercados contestáveis compatíveis com oligopólio e escala,,nenhuma,,
ECO-E2-L00534-1,E2-L00534,1,E2,03 — 🏋🏽‍♂️ Nabuco 2 - TPS - ECO / Lista de Exercícios - 30/06/2025,08,🏛️ Monopólio natural e regulação,C/E,Nabuco,,2026,False,False,CERTO,teto de preços pode elevar bem-estar sob monopólio,,nenhuma,,
ECO-E2-L00535-1,E2-L00535,1,E2,03 — 🏋🏽‍♂️ Nabuco 2 - TPS - ECO / Lista de Exercícios - 30/06/2025,06,💰 Custos de curto prazo,C/E,Nabuco,,2026,False,False,CERTO,CMg = CMe no mínimo do custo médio,,nenhuma,,
ECO-E2-L00536-1,E2-L00536,1,E2,03 — 🏋🏽‍♂️ Nabuco 2 - TPS - ECO / Lista de Exercícios - 30/06/2025,41,🏛️ Regulação e Basileia,C/E,Nabuco,,2026,False,False,CERTO,supervisão microprudencial × macroprudencial,,nenhuma,,
ECO-E2-L00537-1,E2-L00537,1,E2,03 — 🏋🏽‍♂️ Nabuco 2 - TPS - ECO / Lista de Exercícios - 30/06/2025,35,🪙 Funções e agregados monetários,C/E,Nabuco,,2026,False,False,ERRADO,definição de papel-moeda em poder do público,,nenhuma,,
ECO-E2-L00538-1,E2-L00538,1,E2,03 — 🏋🏽‍♂️ Nabuco 2 - TPS - ECO / Lista de Exercícios - 30/06/2025,35,🏦 Criação de moeda e multiplicador,C/E,Nabuco,,2026,False,False,ERRADO,razão PMPP/depósitos maior reduz multiplicador monetário,,nenhuma,,
ECO-E2-L00539-1,E2-L00539,1,E2,03 — 🏋🏽‍♂️ Nabuco 2 - TPS - ECO / Lista de Exercícios - 30/06/2025,35,🪙 Funções e agregados monetários,C/E,Nabuco,,2026,False,False,CERTO,composição da base monetária,,nenhuma,,
ECO-E2-L00540-1,E2-L00540,1,E2,03 — 🏋🏽‍♂️ Nabuco 2 - TPS - ECO / Lista de Exercícios - 30/06/2025,TRIAGEM,HECON,C/E,Nabuco,,2026,False,False,CERTO,metalistas × papelistas no padrão-ouro,,nenhuma,história econômica do Brasil,
ECO-E2-L00541-1,E2-L00541,1,E2,03 — 🏋🏽‍♂️ Nabuco 2 - TPS - ECO / Lista de Exercícios - 30/06/2025,TRIAGEM,HECON,C/E,Nabuco,,2026,False,False,ERRADO,metalistas e uso da política monetária,,nenhuma,história econômica do Brasil,
ECO-E2-L00542-1,E2-L00542,1,E2,03 — 🏋🏽‍♂️ Nabuco 2 - TPS - ECO / Lista de Exercícios - 30/06/2025,TRIAGEM,HECON,C/E,Nabuco,,2026,False,False,CERTO,grupos defensores do metalismo,,nenhuma,história econômica do Brasil,
ECO-E2-L00543-1,E2-L00543,1,E2,03 — 🏋🏽‍♂️ Nabuco 2 - TPS - ECO / Lista de Exercícios - 30/06/2025,TRIAGEM,HECON,C/E,Nabuco,,2026,False,False,CERTO,Caixa de Conversão de 1906,,nenhuma,história econômica do Brasil,
ECO-E2-L00544-1,E2-L00544,1,E2,03 — 🏋🏽‍♂️ Nabuco 2 - TPS - ECO / Lista de Exercícios - 30/06/2025,TRIAGEM,HECON,C/E,Nabuco,,2026,False,False,ERRADO,Plano Salte do governo Dutra,,nenhuma,história econômica do Brasil,
ECO-E2-L00545-1,E2-L00545,1,E2,03 — 🏋🏽‍♂️ Nabuco 2 - TPS - ECO / Lista de Exercícios - 30/06/2025,TRIAGEM,HECON,C/E,Nabuco,,2026,False,False,CERTO,medidas do segundo governo Vargas,,nenhuma,história econômica do Brasil,
ECO-E2-L00546-1,E2-L00546,1,E2,03 — 🏋🏽‍♂️ Nabuco 2 - TPS - ECO / Lista de Exercícios - 30/06/2025,TRIAGEM,HECON,C/E,Nabuco,,2026,False,False,CERTO,BP no pós-guerra: moedas conversíveis e inconversíveis,,nenhuma,história econômica do Brasil,
ECO-E2-L00547-1,E2-L00547,1,E2,03 — 🏋🏽‍♂️ Nabuco 2 - TPS - ECO / Lista de Exercícios - 30/06/2025,TRIAGEM,HECON,C/E,Nabuco,,2026,False,False,CERTO,controle quantitativo de importações em Dutra e Vargas,,nenhuma,história econômica do Brasil,
ECO-E2-L00553-1,E2-L00553,1,E2,03 — 🏋🏽‍♂️ Nabuco 2 - TPS - ECO / Lista de Exercícios - 07/07/2025,79,🧾 Tarifas,C/E,Nabuco,,2026,False,False,ERRADO,cálculo de importações ao preço internacional,,nenhuma,,
ECO-E2-L00554-1,E2-L00554,1,E2,03 — 🏋🏽‍♂️ Nabuco 2 - TPS - ECO / Lista de Exercícios - 07/07/2025,79,🚫 Cotas e barreiras não tarifárias,C/E,Nabuco,,2026,False,False,CERTO,cota de importação e preço doméstico,,nenhuma,,
ECO-E2-L00555-1,E2-L00555,1,E2,03 — 🏋🏽‍♂️ Nabuco 2 - TPS - ECO / Lista de Exercícios - 07/07/2025,79,🧾 Tarifas,C/E,Nabuco,,2026,False,False,ERRADO,tarifa específica e quantidade importada,,nenhuma,,
ECO-E2-L00556-1,E2-L00556,1,E2,03 — 🏋🏽‍♂️ Nabuco 2 - TPS - ECO / Lista de Exercícios - 07/07/2025,79,💰 Subsídios e defesa comercial,C/E,Nabuco,,2026,False,False,ERRADO,país grande: tarifa × subsídio à exportação e termos de troca,,nenhuma,,
ECO-E2-L00557-1,E2-L00557,1,E2,03 — 🏋🏽‍♂️ Nabuco 2 - TPS - ECO / Lista de Exercícios - 07/07/2025,18,🏗️ Estrutura do BP (BPM6),C/E,Nabuco,,2026,False,False,ERRADO,BP registra transações entre residentes e não residentes,,nenhuma,,
ECO-E2-L00558-1,E2-L00558,1,E2,03 — 🏋🏽‍♂️ Nabuco 2 - TPS - ECO / Lista de Exercícios - 07/07/2025,18,🏗️ Estrutura do BP (BPM6),C/E,Nabuco,,2026,False,False,CERTO,juros pagos ao exterior em renda primária,,nenhuma,,
ECO-E2-L00559-1,E2-L00559,1,E2,03 — 🏋🏽‍♂️ Nabuco 2 - TPS - ECO / Lista de Exercícios - 07/07/2025,18,🏗️ Estrutura do BP (BPM6),C/E,Nabuco,,2026,False,False,CERTO,subcontas do investimento direto,,nenhuma,,
ECO-E2-L00560-1,E2-L00560,1,E2,03 — 🏋🏽‍♂️ Nabuco 2 - TPS - ECO / Lista de Exercícios - 07/07/2025,18,🏗️ Estrutura do BP (BPM6),C/E,Nabuco,,2026,False,False,CERTO,saldo da conta financeira: ativos menos passivos,,nenhuma,,
ECO-E2-L00561-1,E2-L00561,1,E2,03 — 🏋🏽‍♂️ Nabuco 2 - TPS - ECO / Lista de Exercícios - 07/07/2025,27,🏦 Política fiscal e monetária,C/E,Nabuco,,2026,False,False,ERRADO,IS plana e eficácia da política monetária,,nenhuma,,
ECO-E2-L00562-1,E2-L00562,1,E2,03 — 🏋🏽‍♂️ Nabuco 2 - TPS - ECO / Lista de Exercícios - 07/07/2025,27,🕳️ Casos extremos,C/E,Nabuco,,2026,False,False,ERRADO,caso clássico: política fiscal não expande renda,,nenhuma,,
ECO-E2-L00563-1,E2-L00563,1,E2,03 — 🏋🏽‍♂️ Nabuco 2 - TPS - ECO / Lista de Exercícios - 07/07/2025,27,🏦 Política fiscal e monetária,C/E,Nabuco,,2026,False,False,CERTO,efeito crowding out,,nenhuma,,
ECO-E2-L00564-1,E2-L00564,1,E2,03 — 🏋🏽‍♂️ Nabuco 2 - TPS - ECO / Lista de Exercícios - 07/07/2025,70,🌊 Câmbio flutuante,C/E,Nabuco,,2026,False,False,CERTO,política fiscal sob câmbio flutuante e alta mobilidade,,nenhuma,,
ECO-E2-L00570-1,E2-L00570,1,E2,03 — 🏋🏽‍♂️ Nabuco 2 - TPS - ECO / Lista de Exercícios - 14/07/2025,73,⛵ Vantagens absolutas e comparativas,C/E,Nabuco,,2026,False,False,ERRADO,Ricardo: trabalho imóvel entre países,,nenhuma,,
ECO-E2-L00571-1,E2-L00571,1,E2,03 — 🏋🏽‍♂️ Nabuco 2 - TPS - ECO / Lista de Exercícios - 14/07/2025,73,🧪 Heckscher-Ohlin e teoremas,C/E,Nabuco,,2026,False,False,CERTO,H-O supõe tecnologias idênticas,,nenhuma,,
ECO-E2-L00572-1,E2-L00572,1,E2,03 — 🏋🏽‍♂️ Nabuco 2 - TPS - ECO / Lista de Exercícios - 14/07/2025,73,🧪 Heckscher-Ohlin e teoremas,C/E,Nabuco,,2026,False,False,ERRADO,Stolper-Samuelson × Rybczynski,,nenhuma,,
ECO-E2-L00573-1,E2-L00573,1,E2,03 — 🏋🏽‍♂️ Nabuco 2 - TPS - ECO / Lista de Exercícios - 14/07/2025,73,🧪 Heckscher-Ohlin e teoremas,C/E,Nabuco,,2026,False,False,ERRADO,Stolper-Samuelson: fator escasso perde com comércio,,nenhuma,,
ECO-E2-L00574-1,E2-L00574,1,E2,03 — 🏋🏽‍♂️ Nabuco 2 - TPS - ECO / Lista de Exercícios - 14/07/2025,75,🔬 Novas teorias do comércio,C/E,Nabuco,,2026,False,False,ERRADO,nova teoria explica comércio intraindústria,,nenhuma,,
ECO-E2-L00575-1,E2-L00575,1,E2,03 — 🏋🏽‍♂️ Nabuco 2 - TPS - ECO / Lista de Exercícios - 14/07/2025,75,🔬 Novas teorias do comércio,C/E,Nabuco,,2026,False,False,ERRADO,nova teoria supõe concorrência imperfeita,,nenhuma,,
ECO-E2-L00576-1,E2-L00576,1,E2,03 — 🏋🏽‍♂️ Nabuco 2 - TPS - ECO / Lista de Exercícios - 14/07/2025,75,🔬 Novas teorias do comércio,C/E,Nabuco,,2026,False,False,CERTO,economias externas de escala e aglomeração,,nenhuma,,
ECO-E2-L00577-1,E2-L00577,1,E2,03 — 🏋🏽‍♂️ Nabuco 2 - TPS - ECO / Lista de Exercícios - 14/07/2025,75,🔬 Novas teorias do comércio,C/E,Nabuco,,2026,False,False,ERRADO,escala e diferenciação explicam comércio intraindústria,,nenhuma,,
ECO-E2-L00578-1,E2-L00578,1,E2,03 — 🏋🏽‍♂️ Nabuco 2 - TPS - ECO / Lista de Exercícios - 14/07/2025,56,"👥 População, tecnologia e convergência",C/E,Nabuco,,2026,False,False,CERTO,Solow: aumento de n reduz k* e eleva crescimento agregado,,nenhuma,,
ECO-E2-L00579-1,E2-L00579,1,E2,03 — 🏋🏽‍♂️ Nabuco 2 - TPS - ECO / Lista de Exercícios - 14/07/2025,56,⚙️ Estado estacionário,C/E,Nabuco,,2026,False,False,ERRADO,Solow: rendimentos decrescentes impedem crescimento permanente,,nenhuma,,
ECO-E2-L00580-1,E2-L00580,1,E2,03 — 🏋🏽‍♂️ Nabuco 2 - TPS - ECO / Lista de Exercícios - 14/07/2025,55,🛒 Teorias do consumo,C/E,Nabuco,,2026,False,False,ERRADO,"ciclo de vida: jovens poupam, idosos despoupam",,nenhuma,,
ECO-E2-L00581-1,E2-L00581,1,E2,03 — 🏋🏽‍♂️ Nabuco 2 - TPS - ECO / Lista de Exercícios - 14/07/2025,55,🛒 Teorias do consumo,C/E,Nabuco,,2026,False,False,CERTO,renda permanente: corte temporário de impostos,,nenhuma,,
ECO-E2-L00582-1,E2-L00582,1,E2,03 — 🏋🏽‍♂️ Nabuco 2 - TPS - ECO / Lista de Exercícios - 14/07/2025,29,🔮 Expectativas e NAIRU,C/E,Nabuco,,2026,False,False,ERRADO,Friedman: Phillips vertical no longo prazo,,nenhuma,,
ECO-E2-L00583-1,E2-L00583,1,E2,03 — 🏋🏽‍♂️ Nabuco 2 - TPS - ECO / Lista de Exercícios - 14/07/2025,29,🔮 Expectativas e NAIRU,C/E,Nabuco,,2026,False,False,CERTO,Friedman: desemprego abaixo da natural só no curto prazo,,nenhuma,,
ECO-E2-L00584-1,E2-L00584,1,E2,03 — 🏋🏽‍♂️ Nabuco 2 - TPS - ECO / Lista de Exercícios - 14/07/2025,30,🗣️ Debate contemporâneo,C/E,Nabuco,,2026,False,False,ERRADO,Novos clássicos: política sistemática ineficaz até no curto prazo,,nenhuma,,
ECO-E2-L00585-1,E2-L00585,1,E2,03 — 🏋🏽‍♂️ Nabuco 2 - TPS - ECO / Lista de Exercícios - 14/07/2025,35,📊 Demanda por moeda,C/E,Nabuco,,2026,False,False,ERRADO,Keynes: juros determinados por oferta e demanda de moeda,,nenhuma,,
ECO-E2-L00591-1,E2-L00591,1,E2,03 — 🏋🏽‍♂️ Nabuco 2 - TPS - ECO / Lista de Exercícios - 22/09/2025,TRIAGEM,HECON,C/E,Nabuco,,2026,False,False,CERTO,industrialização induzida pelas exportações até 1914,,nenhuma,história econômica do Brasil,
ECO-E2-L00592-1,E2-L00592,1,E2,03 — 🏋🏽‍♂️ Nabuco 2 - TPS - ECO / Lista de Exercícios - 22/09/2025,TRIAGEM,HECON,C/E,Nabuco,,2026,False,False,ERRADO,crescimento industrial nos anos 1930 liderado por bens de consumo,,nenhuma,história econômica do Brasil,
ECO-E2-L00593-1,E2-L00593,1,E2,03 — 🏋🏽‍♂️ Nabuco 2 - TPS - ECO / Lista de Exercícios - 22/09/2025,TRIAGEM,HECON,C/E,Nabuco,,2026,False,False,ERRADO,Plano de Estabilização Monetária de 1958 abandonado,,nenhuma,história econômica do Brasil,
ECO-E2-L00594-1,E2-L00594,1,E2,03 — 🏋🏽‍♂️ Nabuco 2 - TPS - ECO / Lista de Exercícios - 22/09/2025,TRIAGEM,HECON,C/E,Nabuco,,2026,False,False,CERTO,recessão de 1981 e ajuste externo,,nenhuma,história econômica do Brasil,
ECO-E2-L00595-1,E2-L00595,1,E2,03 — 🏋🏽‍♂️ Nabuco 2 - TPS - ECO / Lista de Exercícios - 22/09/2025,35,🏦 Criação de moeda e multiplicador,C/E,Nabuco,,2026,False,False,CERTO,depósito aplicado em fundo destrói meios de pagamento,,nenhuma,,
ECO-E2-L00596-1,E2-L00596,1,E2,03 — 🏋🏽‍♂️ Nabuco 2 - TPS - ECO / Lista de Exercícios - 22/09/2025,19,💰 Resultados fiscais (NFSP),C/E,Nabuco,,2026,False,False,ERRADO,resultado operacional × primário,,nenhuma,,
ECO-E2-L00597-1,E2-L00597,1,E2,03 — 🏋🏽‍♂️ Nabuco 2 - TPS - ECO / Lista de Exercícios - 22/09/2025,18,✍️ Lançamentos,C/E,Nabuco,,2026,False,False,ERRADO,"amortizações vão na conta financeira, juros na renda primária",,nenhuma,,
ECO-E2-L00598-1,E2-L00598,1,E2,03 — 🏋🏽‍♂️ Nabuco 2 - TPS - ECO / Lista de Exercícios - 22/09/2025,18,🏗️ Estrutura do BP (BPM6),C/E,Nabuco,,2026,False,False,CERTO,ativos de reserva na conta financeira (BPM6),,nenhuma,,
ECO-E2-L00599-1,E2-L00599,1,E2,03 — 🏋🏽‍♂️ Nabuco 2 - TPS - ECO / Lista de Exercícios - 22/09/2025,02,🔗 Elasticidade-renda e cruzada,C/E,Nabuco,,2026,False,False,ERRADO,bem normal tem elasticidade-renda positiva,,nenhuma,,
ECO-E2-L00600-1,E2-L00600,1,E2,03 — 🏋🏽‍♂️ Nabuco 2 - TPS - ECO / Lista de Exercícios - 22/09/2025,02,🔗 Elasticidade-renda e cruzada,C/E,Nabuco,,2026,False,False,CERTO,bem inferior tem elasticidade-renda negativa,,nenhuma,,
ECO-E2-L00601-1,E2-L00601,1,E2,03 — 🏋🏽‍♂️ Nabuco 2 - TPS - ECO / Lista de Exercícios - 22/09/2025,04,🎯 Utilidade e curvas de indiferença,C/E,Nabuco,,2026,False,False,ERRADO,curva de indiferença × restrição orçamentária,,nenhuma,,
ECO-E2-L00602-1,E2-L00602,1,E2,03 — 🏋🏽‍♂️ Nabuco 2 - TPS - ECO / Lista de Exercícios - 22/09/2025,04-A,🔀 Efeitos renda e substituição,C/E,Nabuco,,2026,False,False,ERRADO,efeitos renda e substituição em bens inferiores,,nenhuma,,
ECO-E2-L00608-1,E2-L00608,1,E2,03 — 🏋🏽‍♂️ Nabuco 2 - TPS - ECO / Lista de Exercícios - 20/10/2025,TRIAGEM,HECON,C/E,Nabuco,,2026,False,False,CERTO,ISI e mudança da pauta de importações,,nenhuma,história econômica do Brasil,
ECO-E2-L00609-1,E2-L00609,1,E2,03 — 🏋🏽‍♂️ Nabuco 2 - TPS - ECO / Lista de Exercícios - 20/10/2025,TRIAGEM,HECON,C/E,Nabuco,,2026,False,False,CERTO,Milagre: déficit das estatais fora do resultado fiscal,,nenhuma,história econômica do Brasil,
ECO-E2-L00610-1,E2-L00610,1,E2,03 — 🏋🏽‍♂️ Nabuco 2 - TPS - ECO / Lista de Exercícios - 20/10/2025,TRIAGEM,HECON,C/E,Nabuco,,2026,False,False,ERRADO,minidesvalorizações cambiais no Milagre,,nenhuma,história econômica do Brasil,
ECO-E2-L00611-1,E2-L00611,1,E2,03 — 🏋🏽‍♂️ Nabuco 2 - TPS - ECO / Lista de Exercícios - 20/10/2025,TRIAGEM,HECON,C/E,Nabuco,,2026,False,False,ERRADO,prioridades do PED de 1968,,nenhuma,história econômica do Brasil,
ECO-E2-L00612-1,E2-L00612,1,E2,03 — 🏋🏽‍♂️ Nabuco 2 - TPS - ECO / Lista de Exercícios - 20/10/2025,35,🏦 Criação de moeda e multiplicador,C/E,Nabuco,,2026,False,False,CERTO,multiplicador com encaixe nulo depende só de c,,nenhuma,,
ECO-E2-L00613-1,E2-L00613,1,E2,03 — 🏋🏽‍♂️ Nabuco 2 - TPS - ECO / Lista de Exercícios - 20/10/2025,35,📊 Demanda por moeda,C/E,Nabuco,,2026,False,False,CERTO,demanda especulativa de moeda e juros,,nenhuma,,
ECO-E2-L00614-1,E2-L00614,1,E2,03 — 🏋🏽‍♂️ Nabuco 2 - TPS - ECO / Lista de Exercícios - 20/10/2025,38,🎯 Metas de inflação e regras,C/E,Nabuco,,2026,False,False,ERRADO,"metas de inflação usam juros, não agregados",,nenhuma,,
ECO-E2-L00615-1,E2-L00615,1,E2,03 — 🏋🏽‍♂️ Nabuco 2 - TPS - ECO / Lista de Exercícios - 20/10/2025,27,🕳️ Casos extremos,C/E,Nabuco,,2026,False,False,ERRADO,armadilha da liquidez: demanda por moeda infinitamente elástica,,nenhuma,,
ECO-E2-L00616-1,E2-L00616,1,E2,03 — 🏋🏽‍♂️ Nabuco 2 - TPS - ECO / Lista de Exercícios - 20/10/2025,04,🧠 Preferências e axiomas,C/E,Nabuco,,2026,False,False,ERRADO,monotonicidade implica curvas de indiferença negativamente inclinadas,,nenhuma,,
ECO-E2-L00617-1,E2-L00617,1,E2,03 — 🏋🏽‍♂️ Nabuco 2 - TPS - ECO / Lista de Exercícios - 20/10/2025,04-A,🔀 Efeitos renda e substituição,C/E,Nabuco,,2026,False,False,ERRADO,bem normal: efeitos renda e substituição na mesma direção,,nenhuma,,
ECO-E2-L00618-1,E2-L00618,1,E2,03 — 🏋🏽‍♂️ Nabuco 2 - TPS - ECO / Lista de Exercícios - 20/10/2025,03,💸 Tributos: incidência e peso morto,C/E,Nabuco,,2026,False,False,ERRADO,"demanda elástica: maior peso morto, menor arrecadação",,nenhuma,,
ECO-E2-L00619-1,E2-L00619,1,E2,03 — 🏋🏽‍♂️ Nabuco 2 - TPS - ECO / Lista de Exercícios - 20/10/2025,08,"📊 Markup, elasticidade e poder de mercado",C/E,Nabuco,,2026,False,False,ERRADO,markup inversamente relacionado à elasticidade,,nenhuma,,
ECO-E2-L00620-1,E2-L00620,1,E2,03 — 🏋🏽‍♂️ Nabuco 2 - TPS - ECO / Lista de Exercícios - 20/10/2025,57,💡 Teorias do crescimento,C/E,Nabuco,,2026,False,False,CERTO,Schumpeter: destruição criativa,,nenhuma,,
ECO-E2-L00621-1,E2-L00621,1,E2,03 — 🏋🏽‍♂️ Nabuco 2 - TPS - ECO / Lista de Exercícios - 20/10/2025,57,💡 Teorias do crescimento,C/E,Nabuco,,2026,False,False,CERTO,crescimento endógeno: inovação determinada no modelo,,nenhuma,,
ECO-E2-L00622-1,E2-L00622,1,E2,03 — 🏋🏽‍♂️ Nabuco 2 - TPS - ECO / Lista de Exercícios - 20/10/2025,56,⚙️ Estado estacionário,C/E,Nabuco,,2026,False,False,ERRADO,Solow: rendimentos marginais decrescentes do capital,,nenhuma,,
ECO-E2-L00623-1,E2-L00623,1,E2,03 — 🏋🏽‍♂️ Nabuco 2 - TPS - ECO / Lista de Exercícios - 20/10/2025,56,⚙️ Estado estacionário,C/E,Nabuco,,2026,False,False,CERTO,Solow: alta da poupança acelera crescimento só temporariamente,,nenhuma,,
ECO-E2-L00629-1,E2-L00629,1,E2,03 — 🏋🏽‍♂️ Nabuco 2 - TPS - ECO / Lista de Exercícios - 17/11/2025,75,🔬 Novas teorias do comércio,C/E,Nabuco,,2026,False,False,ERRADO,economias externas de escala compatíveis com firmas pequenas,,nenhuma,,
ECO-E2-L00630-1,E2-L00630,1,E2,03 — 🏋🏽‍♂️ Nabuco 2 - TPS - ECO / Lista de Exercícios - 17/11/2025,07-A,⏱️ Curto prazo: oferta da firma,C/E,Nabuco,,2026,False,False,ERRADO,concorrência perfeita: prejuízo possível no curto prazo,,nenhuma,,
ECO-E2-L00631-1,E2-L00631,1,E2,03 — 🏋🏽‍♂️ Nabuco 2 - TPS - ECO / Lista de Exercícios - 17/11/2025,07-A,📐 Hipóteses e maximização de lucro,C/E,Nabuco,,2026,False,False,ERRADO,demanda da firma competitiva é horizontal,,nenhuma,,
ECO-E2-L00632-1,E2-L00632,1,E2,03 — 🏋🏽‍♂️ Nabuco 2 - TPS - ECO / Lista de Exercícios - 17/11/2025,07-A,📐 Hipóteses e maximização de lucro,C/E,Nabuco,,2026,False,False,CERTO,concorrência perfeita: CMg = RMe = P no ótimo,,nenhuma,,
ECO-E2-L00633-1,E2-L00633,1,E2,03 — 🏋🏽‍♂️ Nabuco 2 - TPS - ECO / Lista de Exercícios - 17/11/2025,29,🔮 Expectativas e NAIRU,C/E,Nabuco,,2026,False,False,ERRADO,oferta de Lucas: moeda antecipada neutra até no curto prazo,,nenhuma,,
ECO-E2-L00634-1,E2-L00634,1,E2,03 — 🏋🏽‍♂️ Nabuco 2 - TPS - ECO / Lista de Exercícios - 17/11/2025,56,"👥 População, tecnologia e convergência",C/E,Nabuco,,2026,False,False,ERRADO,Solow com progresso técnico: per capita cresce a g,,nenhuma,,
ECO-E2-L00635-1,E2-L00635,1,E2,03 — 🏋🏽‍♂️ Nabuco 2 - TPS - ECO / Lista de Exercícios - 17/11/2025,25,⚙️ Modelo clássico,C/E,Nabuco,,2026,False,False,CERTO,juros: clássicos (real) × Keynes (preferência pela liquidez),,nenhuma,,
ECO-E2-L00636-1,E2-L00636,1,E2,03 — 🏋🏽‍♂️ Nabuco 2 - TPS - ECO / Lista de Exercícios - 17/11/2025,29,🔮 Expectativas e NAIRU,C/E,Nabuco,,2026,False,False,ERRADO,Phillips aceleracionista × oferta de Lucas,,nenhuma,,
ECO-E2-L00637-1,E2-L00637,1,E2,03 — 🏋🏽‍♂️ Nabuco 2 - TPS - ECO / Lista de Exercícios - 17/11/2025,69,🔗 Paridades e repasse cambial,C/E,Nabuco,,2026,False,False,CERTO,paridade descoberta: juro doméstico maior implica depreciação esperada,,nenhuma,,
ECO-E2-L00638-1,E2-L00638,1,E2,03 — 🏋🏽‍♂️ Nabuco 2 - TPS - ECO / Lista de Exercícios - 17/11/2025,69,🔗 Paridades e repasse cambial,C/E,Nabuco,,2026,False,False,ERRADO,paridade descoberta: moeda de juro menor aprecia,,nenhuma,,
ECO-E2-L00639-1,E2-L00639,1,E2,03 — 🏋🏽‍♂️ Nabuco 2 - TPS - ECO / Lista de Exercícios - 17/11/2025,66,📈 Determinantes do câmbio,C/E,Nabuco,,2026,False,False,CERTO,curva J após depreciação real,,nenhuma,,
ECO-E2-L00640-1,E2-L00640,1,E2,03 — 🏋🏽‍♂️ Nabuco 2 - TPS - ECO / Lista de Exercícios - 17/11/2025,69,🔗 Paridades e repasse cambial,C/E,Nabuco,,2026,False,False,CERTO,juro acima do externo sob câmbio fixo indica falta de credibilidade,,nenhuma,,
ECO-E2-L00641-1,E2-L00641,1,E2,03 — 🏋🏽‍♂️ Nabuco 2 - TPS - ECO / Lista de Exercícios - 17/11/2025,73,⛵ Vantagens absolutas e comparativas,C/E,Nabuco,,2026,False,False,CERTO,clássicos (tecnologia) × neoclássicos (dotação de fatores),,nenhuma,,
ECO-E2-L00642-1,E2-L00642,1,E2,03 — 🏋🏽‍♂️ Nabuco 2 - TPS - ECO / Lista de Exercícios - 17/11/2025,73,🧪 Heckscher-Ohlin e teoremas,C/E,Nabuco,,2026,False,False,ERRADO,"H-O supõe retornos constantes, não escala",,nenhuma,,
ECO-E2-L00643-1,E2-L00643,1,E2,03 — 🏋🏽‍♂️ Nabuco 2 - TPS - ECO / Lista de Exercícios - 17/11/2025,73,🧪 Heckscher-Ohlin e teoremas,C/E,Nabuco,,2026,False,False,ERRADO,Stolper-Samuelson: tarifa eleva remuneração do fator escasso,,nenhuma,,
ECO-E2-L00644-1,E2-L00644,1,E2,03 — 🏋🏽‍♂️ Nabuco 2 - TPS - ECO / Lista de Exercícios - 17/11/2025,75,🔬 Novas teorias do comércio,C/E,Nabuco,,2026,False,False,ERRADO,novas teorias: comércio inter e intraindustrial entre blocos,,nenhuma,,
ECO-E2-L00650-1,E2-L00650,1,E2,03 — 🏋🏽‍♂️ Nabuco 2 - TPS - ECO / Lista de Exercícios - 15/12/2025,02,🔗 Elasticidade-renda e cruzada,C/E,Nabuco,,2026,False,False,ERRADO,"elasticidade cruzada: substitutos positiva, complementares negativa",,nenhuma,,
ECO-E2-L00651-1,E2-L00651,1,E2,03 — 🏋🏽‍♂️ Nabuco 2 - TPS - ECO / Lista de Exercícios - 15/12/2025,06,📈 Custos de longo prazo e escala,C/E,Nabuco,,2026,False,False,CERTO,economias de escala × rendimentos marginais decrescentes,,nenhuma,,
ECO-E2-L00652-1,E2-L00652,1,E2,03 — 🏋🏽‍♂️ Nabuco 2 - TPS - ECO / Lista de Exercícios - 15/12/2025,08,🎟️ Discriminação de preços,C/E,Nabuco,,2026,False,False,CERTO,discriminação de preços captura excedente do consumidor,,nenhuma,,
ECO-E2-L00653-1,E2-L00653,1,E2,03 — 🏋🏽‍♂️ Nabuco 2 - TPS - ECO / Lista de Exercícios - 15/12/2025,04,🎯 Utilidade e curvas de indiferença,C/E,Nabuco,,2026,False,False,ERRADO,curva de indiferença × restrição orçamentária,E2-L00601,nenhuma,,
ECO-E2-L00654-1,E2-L00654,1,E2,03 — 🏋🏽‍♂️ Nabuco 2 - TPS - ECO / Lista de Exercícios - 15/12/2025,17,🔄 Identidades e óticas do produto,C/E,Nabuco,,2026,False,False,ERRADO,"três óticas do PIB: produção, renda e despesa",,nenhuma,,
ECO-E2-L00655-1,E2-L00655,1,E2,03 — 🏋🏽‍♂️ Nabuco 2 - TPS - ECO / Lista de Exercícios - 15/12/2025,35,🏦 Criação de moeda e multiplicador,C/E,Nabuco,,2026,False,False,CERTO,mais papel-moeda em relação a depósitos reduz multiplicador,,nenhuma,,
ECO-E2-L00656-1,E2-L00656,1,E2,03 — 🏋🏽‍♂️ Nabuco 2 - TPS - ECO / Lista de Exercícios - 15/12/2025,48,📏 Conceitos de déficit e dívida,C/E,Nabuco,,2026,False,False,ERRADO,emissão de dívida e dívida líquida do setor público,,nenhuma,,
ECO-E2-L00657-1,E2-L00657,1,E2,03 — 🏋🏽‍♂️ Nabuco 2 - TPS - ECO / Lista de Exercícios - 15/12/2025,26,✖️ Multiplicadores,C/E,Nabuco,,2026,False,False,CERTO,cálculo da renda de equilíbrio e multiplicador keynesiano,,nenhuma,,
ECO-E2-L00658-1,E2-L00658,1,E2,03 — 🏋🏽‍♂️ Nabuco 2 - TPS - ECO / Lista de Exercícios - 15/12/2025,70,🔒 Câmbio fixo,C/E,Nabuco,,2026,False,False,CERTO,Mundell-Fleming: política fiscal em câmbio fixo × flutuante,,nenhuma,,
ECO-E2-L00659-1,E2-L00659,1,E2,03 — 🏋🏽‍♂️ Nabuco 2 - TPS - ECO / Lista de Exercícios - 15/12/2025,66,📏 Câmbio nominal × real e PPC,C/E,Nabuco,,2026,False,False,ERRADO,alta de preços domésticos aprecia câmbio real,,nenhuma,,
ECO-E2-L00660-1,E2-L00660,1,E2,03 — 🏋🏽‍♂️ Nabuco 2 - TPS - ECO / Lista de Exercícios - 15/12/2025,66,💱 Regimes cambiais,C/E,Nabuco,,2026,False,False,ERRADO,câmbio flutuante aumenta incerteza e uso de hedge,,nenhuma,,
ECO-E2-L00661-1,E2-L00661,1,E2,03 — 🏋🏽‍♂️ Nabuco 2 - TPS - ECO / Lista de Exercícios - 15/12/2025,73,⛵ Vantagens absolutas e comparativas,C/E,Nabuco,,2026,False,False,ERRADO,comércio expande consumo além da FPP,,nenhuma,,
ECO-E2-L00662-1,E2-L00662,1,E2,03 — 🏋🏽‍♂️ Nabuco 2 - TPS - ECO / Lista de Exercícios - 15/12/2025,TRIAGEM,HECON,C/E,Nabuco,,2026,False,False,ERRADO,"URV reajustada por índices de preços, não dólar",,nenhuma,história econômica do Brasil,
ECO-E2-L00663-1,E2-L00663,1,E2,03 — 🏋🏽‍♂️ Nabuco 2 - TPS - ECO / Lista de Exercícios - 15/12/2025,TRIAGEM,HECON,C/E,Nabuco,,2026,False,False,CERTO,preços cotados em cruzeiros reais e URV,,nenhuma,história econômica do Brasil,
ECO-E2-L00664-1,E2-L00664,1,E2,03 — 🏋🏽‍♂️ Nabuco 2 - TPS - ECO / Lista de Exercícios - 15/12/2025,TRIAGEM,HECON,C/E,Nabuco,,2026,False,False,ERRADO,PAI lançado em 1993 no ajuste fiscal do Real,,nenhuma,história econômica do Brasil,
ECO-E2-L00665-1,E2-L00665,1,E2,03 — 🏋🏽‍♂️ Nabuco 2 - TPS - ECO / Lista de Exercícios - 15/12/2025,TRIAGEM,HECON,C/E,Nabuco,,2026,False,False,CERTO,política monetária restritiva no lançamento do Real,,nenhuma,história econômica do Brasil,
ECO-E2-L00671-1,E2-L00671,1,E2,03 — 🏋🏽‍♂️ Nabuco 2 - TPS - ECO / Lista de Exercícios - 26/01/2025,04,🎯 Utilidade e curvas de indiferença,C/E,Nabuco,,2026,False,False,CERTO,convexidade e TMS decrescente,,nenhuma,,
ECO-E2-L00672-1,E2-L00672,1,E2,03 — 🏋🏽‍♂️ Nabuco 2 - TPS - ECO / Lista de Exercícios - 26/01/2025,04-A,🥔 Bens inferiores e de Giffen,C/E,Nabuco,,2026,False,False,ERRADO,"todo Giffen é inferior, mas não o contrário",,nenhuma,,
ECO-E2-L00673-1,E2-L00673,1,E2,03 — 🏋🏽‍♂️ Nabuco 2 - TPS - ECO / Lista de Exercícios - 26/01/2025,03,💸 Tributos: incidência e peso morto,C/E,Nabuco,,2026,False,False,CERTO,oferta perfeitamente inelástica: imposto sobre produtor sem peso morto,,nenhuma,,
ECO-E2-L00674-1,E2-L00674,1,E2,03 — 🏋🏽‍♂️ Nabuco 2 - TPS - ECO / Lista de Exercícios - 26/01/2025,02,"💰 Elasticidade, receita e gasto",C/E,Nabuco,,2026,False,False,ERRADO,demanda inelástica: alta de preço eleva receita,,nenhuma,,
ECO-E2-L00675-1,E2-L00675,1,E2,03 — 🏋🏽‍♂️ Nabuco 2 - TPS - ECO / Lista de Exercícios - 26/01/2025,07-A,⏳ Longo prazo e entrada/saída,C/E,Nabuco,,2026,False,False,CERTO,longo prazo competitivo: mínimo do CMe e lucro zero,,nenhuma,,
ECO-E2-L00676-1,E2-L00676,1,E2,03 — 🏋🏽‍♂️ Nabuco 2 - TPS - ECO / Lista de Exercícios - 26/01/2025,08,🎟️ Discriminação de preços,C/E,Nabuco,,2026,False,False,CERTO,discriminação de primeiro grau gera quantidade eficiente,,nenhuma,,
ECO-E2-L00677-1,E2-L00677,1,E2,03 — 🏋🏽‍♂️ Nabuco 2 - TPS - ECO / Lista de Exercícios - 26/01/2025,08,"📊 Markup, elasticidade e poder de mercado",C/E,Nabuco,,2026,False,False,ERRADO,demanda mais inelástica implica maior poder de mercado,,nenhuma,,
ECO-E2-L00678-1,E2-L00678,1,E2,03 — 🏋🏽‍♂️ Nabuco 2 - TPS - ECO / Lista de Exercícios - 26/01/2025,10,🥇 Stackelberg e liderança,C/E,Nabuco,,2026,False,False,ERRADO,Stackelberg: líder lucra mais que em Cournot,,nenhuma,,
ECO-E2-L00679-1,E2-L00679,1,E2,03 — 🏋🏽‍♂️ Nabuco 2 - TPS - ECO / Lista de Exercícios - 26/01/2025,12,🌫️ Externalidades e Coase,C/E,Nabuco,,2026,False,False,CERTO,externalidade negativa: CMgS > CMgP e sobreprodução,,nenhuma,,
ECO-E2-L00680-1,E2-L00680,1,E2,03 — 🏋🏽‍♂️ Nabuco 2 - TPS - ECO / Lista de Exercícios - 26/01/2025,12,🌫️ Externalidades e Coase,C/E,Nabuco,,2026,False,False,CERTO,teorema de Coase,,nenhuma,,
ECO-E2-L00681-1,E2-L00681,1,E2,03 — 🏋🏽‍♂️ Nabuco 2 - TPS - ECO / Lista de Exercícios - 26/01/2025,12,🏞️ Bens públicos e comuns,C/E,Nabuco,,2026,False,False,CERTO,bens públicos puros e carona,,nenhuma,,
ECO-E2-L00682-1,E2-L00682,1,E2,03 — 🏋🏽‍♂️ Nabuco 2 - TPS - ECO / Lista de Exercícios - 26/01/2025,12,🏞️ Bens públicos e comuns,C/E,Nabuco,,2026,False,False,CERTO,tragédia dos comuns,,nenhuma,,
ECO-E2-L00683-1,E2-L00683,1,E2,03 — 🏋🏽‍♂️ Nabuco 2 - TPS - ECO / Lista de Exercícios - 26/01/2025,27,🕳️ Casos extremos,C/E,Nabuco,,2026,False,False,CERTO,armadilha da liquidez: LM horizontal,,nenhuma,,
ECO-E2-L00684-1,E2-L00684,1,E2,03 — 🏋🏽‍♂️ Nabuco 2 - TPS - ECO / Lista de Exercícios - 26/01/2025,27,🕳️ Casos extremos,C/E,Nabuco,,2026,False,False,CERTO,caso clássico: LM vertical e crowding out total,,nenhuma,,
ECO-E2-L00685-1,E2-L00685,1,E2,03 — 🏋🏽‍♂️ Nabuco 2 - TPS - ECO / Lista de Exercícios - 26/01/2025,55,🛒 Teorias do consumo,C/E,Nabuco,,2026,False,False,ERRADO,ciclo de vida: propensão média a consumir varia com idade,,nenhuma,,
ECO-E2-L00686-1,E2-L00686,1,E2,03 — 🏋🏽‍♂️ Nabuco 2 - TPS - ECO / Lista de Exercícios - 26/01/2025,56,⚙️ Estado estacionário,C/E,Nabuco,,2026,False,False,ERRADO,"Solow: poupança afeta nível, não crescimento de longo prazo",,nenhuma,,
ECO-E2-L00687-1,E2-L00687,1,E2,03 — 🏋🏽‍♂️ Nabuco 2 - TPS - ECO / Lista de Exercícios - 26/01/2025,TRIAGEM,HECON,C/E,Nabuco,,2026,False,False,ERRADO,indústria brasileira na Primeira Guerra,,nenhuma,história econômica do Brasil,
ECO-E2-L00688-1,E2-L00688,1,E2,03 — 🏋🏽‍♂️ Nabuco 2 - TPS - ECO / Lista de Exercícios - 26/01/2025,TRIAGEM,HECON,C/E,Nabuco,,2026,False,False,CERTO,Instrução 70 da SUMOC como proteção seletiva,,nenhuma,história econômica do Brasil,
ECO-E2-L00689-1,E2-L00689,1,E2,03 — 🏋🏽‍♂️ Nabuco 2 - TPS - ECO / Lista de Exercícios - 26/01/2025,TRIAGEM,HECON,C/E,Nabuco,,2026,False,False,CERTO,criação do BNDE em 1952,,nenhuma,história econômica do Brasil,
ECO-E2-L00690-1,E2-L00690,1,E2,03 — 🏋🏽‍♂️ Nabuco 2 - TPS - ECO / Lista de Exercícios - 26/01/2025,TRIAGEM,HECON,C/E,Nabuco,,2026,False,False,ERRADO,Instrução 113 da SUMOC: data e governo,,nenhuma,história econômica do Brasil,
ECO-E2-L00696-1,E2-L00696,1,E2,03 — 🏋🏽‍♂️ Nabuco 2 - TPS - ECO / Lista de Exercícios - 02/02/2026,73,⛵ Vantagens absolutas e comparativas,C/E,Nabuco,,2026,False,False,ERRADO,FPP ricardiana linear: custo de oportunidade constante,,nenhuma,,
ECO-E2-L00697-1,E2-L00697,1,E2,03 — 🏋🏽‍♂️ Nabuco 2 - TPS - ECO / Lista de Exercícios - 02/02/2026,73,⛵ Vantagens absolutas e comparativas,C/E,Nabuco,,2026,False,False,CERTO,Ricardo (tecnologia) × H-O (dotações),,nenhuma,,
ECO-E2-L00698-1,E2-L00698,1,E2,03 — 🏋🏽‍♂️ Nabuco 2 - TPS - ECO / Lista de Exercícios - 02/02/2026,73,🧪 Heckscher-Ohlin e teoremas,C/E,Nabuco,,2026,False,False,ERRADO,Stolper-Samuelson: abertura eleva salário em país abundante em trabalho,,nenhuma,,
ECO-E2-L00699-1,E2-L00699,1,E2,03 — 🏋🏽‍♂️ Nabuco 2 - TPS - ECO / Lista de Exercícios - 02/02/2026,73,❓ Paradoxo de Leontief e termos de troca,C/E,Nabuco,,2026,False,False,CERTO,paradoxo de Leontief,,nenhuma,,
ECO-E2-L00700-1,E2-L00700,1,E2,03 — 🏋🏽‍♂️ Nabuco 2 - TPS - ECO / Lista de Exercícios - 02/02/2026,79,💰 Subsídios e defesa comercial,C/E,Nabuco,,2026,False,False,ERRADO,subsídio à exportação piora termos de troca do país grande,,nenhuma,,
ECO-E2-L00701-1,E2-L00701,1,E2,03 — 🏋🏽‍♂️ Nabuco 2 - TPS - ECO / Lista de Exercícios - 02/02/2026,79,🧾 Tarifas,C/E,Nabuco,,2026,False,False,ERRADO,tarifa ótima: país grande pode ganhar bem-estar,,nenhuma,,
ECO-E2-L00702-1,E2-L00702,1,E2,03 — 🏋🏽‍♂️ Nabuco 2 - TPS - ECO / Lista de Exercícios - 02/02/2026,18,🔗 BP e contas nacionais,C/E,Nabuco,,2026,False,False,ERRADO,déficit em transações correntes: absorção maior que renda,,nenhuma,,
ECO-E2-L00703-1,E2-L00703,1,E2,03 — 🏋🏽‍♂️ Nabuco 2 - TPS - ECO / Lista de Exercícios - 02/02/2026,66,💱 Regimes cambiais,C/E,Nabuco,,2026,False,False,ERRADO,trindade impossível envolve câmbio fixo,,nenhuma,,
ECO-E2-L00704-1,E2-L00704,1,E2,03 — 🏋🏽‍♂️ Nabuco 2 - TPS - ECO / Lista de Exercícios - 02/02/2026,74,🌎 CEPAL e termos de troca,C/E,Nabuco,,2026,False,False,ERRADO,heterogeneidade estrutural × especialização centro-periferia,,nenhuma,,
ECO-E2-L00705-1,E2-L00705,1,E2,03 — 🏋🏽‍♂️ Nabuco 2 - TPS - ECO / Lista de Exercícios - 02/02/2026,74,🌎 CEPAL e termos de troca,C/E,Nabuco,,2026,False,False,ERRADO,deterioração dos termos de troca: repasse de produtividade,,nenhuma,,
ECO-E2-L00706-1,E2-L00706,1,E2,03 — 🏋🏽‍♂️ Nabuco 2 - TPS - ECO / Lista de Exercícios - 02/02/2026,TRIAGEM,HECON,C/E,Nabuco,,2026,False,False,ERRADO,industrialização restringida nos anos 1930,,nenhuma,história econômica do Brasil,
ECO-E2-L00707-1,E2-L00707,1,E2,03 — 🏋🏽‍♂️ Nabuco 2 - TPS - ECO / Lista de Exercícios - 02/02/2026,TRIAGEM,HECON,C/E,Nabuco,,2026,False,False,ERRADO,Furtado: industrialização de 1930 não intencional,,nenhuma,história econômica do Brasil,
ECO-E2-L00717-1,E2-L00717,1,E2,04 — 🏋🏽‍♂️  Nabuco - Economia - TPS (2024-2025) / Lista de Exercícios - 07/04/20,17,🔄 Identidades e óticas do produto,C/E,Nabuco,,,False,False,CERTO,valor adicionado inferior ao valor da produção,,nenhuma,,
ECO-E2-L00718-1,E2-L00718,1,E2,04 — 🏋🏽‍♂️  Nabuco - Economia - TPS (2024-2025) / Lista de Exercícios - 07/04/20,17,"📏 PIB, PNB, RNB e conceitos derivados",C/E,Nabuco,,,False,False,CERTO,renda líquida recebida do exterior: PNB > PIB,,nenhuma,,
ECO-E2-L00719-1,E2-L00719,1,E2,04 — 🏋🏽‍♂️  Nabuco - Economia - TPS (2024-2025) / Lista de Exercícios - 07/04/20,19,💰 Resultados fiscais (NFSP),C/E,Nabuco,,,False,False,ERRADO,NFSP nominal superestima desequilíbrio com inflação alta,,nenhuma,,
ECO-E2-L00720-1,E2-L00720,1,E2,04 — 🏋🏽‍♂️  Nabuco - Economia - TPS (2024-2025) / Lista de Exercícios - 07/04/20,18,🏗️ Estrutura do BP (BPM6),C/E,Nabuco,,,False,False,ERRADO,marcas e patentes na conta capital (BPM6),,nenhuma,,
ECO-E2-L00721-1,E2-L00721,1,E2,04 — 🏋🏽‍♂️  Nabuco - Economia - TPS (2024-2025) / Lista de Exercícios - 07/04/20,36,🛠️ Instrumentos de política monetária,C/E,Nabuco,,,False,False,ERRADO,open market × redesconto,,nenhuma,,
ECO-E2-L00722-1,E2-L00722,1,E2,04 — 🏋🏽‍♂️  Nabuco - Economia - TPS (2024-2025) / Lista de Exercícios - 07/04/20,35,🪙 Funções e agregados monetários,C/E,Nabuco,,,False,False,ERRADO,moeda escritural × papel-moeda,,nenhuma,,
ECO-E2-L00723-1,E2-L00723,1,E2,04 — 🏋🏽‍♂️  Nabuco - Economia - TPS (2024-2025) / Lista de Exercícios - 07/04/20,36,🛠️ Instrumentos de política monetária,C/E,Nabuco,,,False,False,CERTO,venda de reservas e compra de títulos se anulam na base,,nenhuma,,
ECO-E2-L00724-1,E2-L00724,1,E2,04 — 🏋🏽‍♂️  Nabuco - Economia - TPS (2024-2025) / Lista de Exercícios - 07/04/20,35,🏦 Criação de moeda e multiplicador,C/E,Nabuco,,,False,False,ERRADO,multiplicador inversamente relacionado às reservas,,nenhuma,,
ECO-E2-L00725-1,E2-L00725,1,E2,04 — 🏋🏽‍♂️  Nabuco - Economia - TPS (2024-2025) / Lista de Exercícios - 07/04/20,47,📊 Política fiscal e multiplicadores,C/E,Nabuco,,,False,False,CERTO,seguro-desemprego como estabilizador automático,,nenhuma,,
ECO-E2-L00726-1,E2-L00726,1,E2,04 — 🏋🏽‍♂️  Nabuco - Economia - TPS (2024-2025) / Lista de Exercícios - 07/04/20,26,✖️ Multiplicadores,C/E,Nabuco,,,False,False,ERRADO,corte de impostos mais eficaz com PMgC alta (pobres),,nenhuma,,
ECO-E2-L00727-1,E2-L00727,1,E2,04 — 🏋🏽‍♂️  Nabuco - Economia - TPS (2024-2025) / Lista de Exercícios - 07/04/20,27,🏦 Política fiscal e monetária,C/E,Nabuco,,,False,False,ERRADO,expansão fiscal eleva renda e demanda por moeda,,nenhuma,,
ECO-E2-L00728-1,E2-L00728,1,E2,04 — 🏋🏽‍♂️  Nabuco - Economia - TPS (2024-2025) / Lista de Exercícios - 07/04/20,70,🌊 Câmbio flutuante,C/E,Nabuco,,,False,False,CERTO,expansão monetária deprecia câmbio sob flutuação,,nenhuma,,
ECO-E2-L00729-1,E2-L00729,1,E2,04 — 🏋🏽‍♂️  Nabuco - Economia - TPS (2024-2025) / Lista de Exercícios - 07/04/20,03,😊 Excedentes e eficiência,C/E,Nabuco,,,False,False,ERRADO,equilíbrio competitivo maximiza excedente total,,nenhuma,,
ECO-E2-L00730-1,E2-L00730,1,E2,04 — 🏋🏽‍♂️  Nabuco - Economia - TPS (2024-2025) / Lista de Exercícios - 07/04/20,07-A,⏱️ Curto prazo: oferta da firma,C/E,Nabuco,,,False,False,CERTO,firma opera no curto prazo se cobre custo variável,,nenhuma,,
ECO-E2-L00731-1,E2-L00731,1,E2,04 — 🏋🏽‍♂️  Nabuco - Economia - TPS (2024-2025) / Lista de Exercícios - 07/04/20,08,👑 Equilíbrio do monopólio,C/E,Nabuco,,,False,False,ERRADO,lucro do monopólio no longo prazo não necessariamente positivo,,nenhuma,,
ECO-E2-L00732-1,E2-L00732,1,E2,04 — 🏋🏽‍♂️  Nabuco - Economia - TPS (2024-2025) / Lista de Exercícios - 07/04/20,03,💸 Tributos: incidência e peso morto,C/E,Nabuco,,,False,False,ERRADO,tributo reduz excedentes do consumidor e do produtor,,nenhuma,,
ECO-E2-L00738-1,E2-L00738,1,E2,04 — 🏋🏽‍♂️  Nabuco - Economia - TPS (2024-2025) / Lista de Exercícios - 10/03/20,19,💰 Resultados fiscais (NFSP),C/E,Nabuco,,,False,False,ERRADO,leitura de tabela NFSP: sinal do resultado primário,,transcrita_ok,,
ECO-E2-L00739-1,E2-L00739,1,E2,04 — 🏋🏽‍♂️  Nabuco - Economia - TPS (2024-2025) / Lista de Exercícios - 10/03/20,19,💰 Resultados fiscais (NFSP),C/E,Nabuco,,,False,False,CERTO,conceito de resultado primário,,transcrita_ok,,
ECO-E2-L00740-1,E2-L00740,1,E2,04 — 🏋🏽‍♂️  Nabuco - Economia - TPS (2024-2025) / Lista de Exercícios - 10/03/20,19,💰 Resultados fiscais (NFSP),C/E,Nabuco,,,False,False,ERRADO,resultado primário e capacidade de pagar juros,,transcrita_ok,,
ECO-E2-L00741-1,E2-L00741,1,E2,04 — 🏋🏽‍♂️  Nabuco - Economia - TPS (2024-2025) / Lista de Exercícios - 10/03/20,19,💰 Resultados fiscais (NFSP),C/E,Nabuco,,,False,False,CERTO,déficit nominal e mensuração abaixo da linha,,transcrita_ok,,
ECO-E2-L00742-1,E2-L00742,1,E2,04 — 🏋🏽‍♂️  Nabuco - Economia - TPS (2024-2025) / Lista de Exercícios - 10/03/20,08,👑 Equilíbrio do monopólio,C/E,Nabuco,,,False,False,CERTO,monopolista nunca opera na parte inelástica da demanda,,nenhuma,,
ECO-E2-L00743-1,E2-L00743,1,E2,04 — 🏋🏽‍♂️  Nabuco - Economia - TPS (2024-2025) / Lista de Exercícios - 10/03/20,08,🏛️ Monopólio natural e regulação,C/E,Nabuco,,,False,False,ERRADO,monopólio natural: preço = CMg gera prejuízo,,nenhuma,,
ECO-E2-L00744-1,E2-L00744,1,E2,04 — 🏋🏽‍♂️  Nabuco - Economia - TPS (2024-2025) / Lista de Exercícios - 10/03/20,12,🏞️ Bens públicos e comuns,C/E,Nabuco,,,False,False,CERTO,pedágio torna rodovia excludente e resolve carona,,nenhuma,,
ECO-E2-L00745-1,E2-L00745,1,E2,04 — 🏋🏽‍♂️  Nabuco - Economia - TPS (2024-2025) / Lista de Exercícios - 10/03/20,12,🏞️ Bens públicos e comuns,C/E,Nabuco,,,False,False,ERRADO,"rodovia congestionada é rival, não bem público",,nenhuma,,
ECO-E2-L00746-1,E2-L00746,1,E2,04 — 🏋🏽‍♂️  Nabuco - Economia - TPS (2024-2025) / Lista de Exercícios - 10/03/20,01,📈 Demanda: determinantes e deslocamentos,C/E,Nabuco,,,False,False,ERRADO,preço do próprio bem não desloca demanda,,transcrita_ok,,
ECO-E2-L00747-1,E2-L00747,1,E2,04 — 🏋🏽‍♂️  Nabuco - Economia - TPS (2024-2025) / Lista de Exercícios - 10/03/20,01,📈 Demanda: determinantes e deslocamentos,C/E,Nabuco,,,False,False,ERRADO,alta do preço do complementar reduz demanda,,transcrita_ok,,
ECO-E2-L00748-1,E2-L00748,1,E2,04 — 🏋🏽‍♂️  Nabuco - Economia - TPS (2024-2025) / Lista de Exercícios - 10/03/20,01,📈 Demanda: determinantes e deslocamentos,C/E,Nabuco,,,False,False,ERRADO,aumento de renda reduz demanda de bem inferior,,transcrita_ok,,
ECO-E2-L00749-1,E2-L00749,1,E2,04 — 🏋🏽‍♂️  Nabuco - Economia - TPS (2024-2025) / Lista de Exercícios - 10/03/20,01,🏭 Oferta: determinantes e deslocamentos,C/E,Nabuco,,,False,False,ERRADO,"preço de insumos desloca oferta, não demanda",,transcrita_ok,,
ECO-E2-L00755-1,E2-L00755,1,E2,04 — 🏋🏽‍♂️  Nabuco - Economia - TPS (2024-2025) / Lista de Exercícios - 03/02/20,18,✍️ Lançamentos,C/E,Nabuco,,,False,False,ERRADO,juros da dívida externa na renda primária,,nenhuma,,
ECO-E2-L00756-1,E2-L00756,1,E2,04 — 🏋🏽‍♂️  Nabuco - Economia - TPS (2024-2025) / Lista de Exercícios - 03/02/20,18,🏗️ Estrutura do BP (BPM6),C/E,Nabuco,,,False,False,ERRADO,transferências de migrantes excluídas do BP (BPM6),,nenhuma,,
ECO-E2-L00757-1,E2-L00757,1,E2,04 — 🏋🏽‍♂️  Nabuco - Economia - TPS (2024-2025) / Lista de Exercícios - 03/02/20,17,🔄 Identidades e óticas do produto,C/E,Nabuco,,,False,False,ERRADO,PIB considera apenas bens e serviços finais,,nenhuma,,
ECO-E2-L00758-1,E2-L00758,1,E2,04 — 🏋🏽‍♂️  Nabuco - Economia - TPS (2024-2025) / Lista de Exercícios - 03/02/20,35,🪙 Funções e agregados monetários,C/E,Nabuco,,,False,False,CERTO,composição de M1: PMPP + depósitos à vista,,nenhuma,,
ECO-E2-L00759-1,E2-L00759,1,E2,04 — 🏋🏽‍♂️  Nabuco - Economia - TPS (2024-2025) / Lista de Exercícios - 03/02/20,10,🧮 Cournot e Bertrand,C/E,Nabuco,,,False,False,CERTO,Bertrand: preço igual ao custo marginal,,nenhuma,,
ECO-E2-L00760-1,E2-L00760,1,E2,04 — 🏋🏽‍♂️  Nabuco - Economia - TPS (2024-2025) / Lista de Exercícios - 03/02/20,10,🥇 Stackelberg e liderança,C/E,Nabuco,,,False,False,CERTO,Stackelberg: líder escolhe quantidade primeiro,,nenhuma,,
ECO-E2-L00761-1,E2-L00761,1,E2,04 — 🏋🏽‍♂️  Nabuco - Economia - TPS (2024-2025) / Lista de Exercícios - 03/02/20,10,🧮 Cournot e Bertrand,C/E,Nabuco,,,False,False,ERRADO,"escolha simultânea de preços é Bertrand, não Cournot",,nenhuma,,
ECO-E2-L00762-1,E2-L00762,1,E2,04 — 🏋🏽‍♂️  Nabuco - Economia - TPS (2024-2025) / Lista de Exercícios - 03/02/20,10,🤝 Cartel e conluio,C/E,Nabuco,,,False,False,ERRADO,cartel instável com demanda horizontal,,nenhuma,,
ECO-E2-L00763-1,E2-L00763,1,E2,04 — 🏋🏽‍♂️  Nabuco - Economia - TPS (2024-2025) / Lista de Exercícios - 03/02/20,56,⚙️ Estado estacionário,C/E,Nabuco,,,False,False,ERRADO,Solow supõe retornos constantes de escala,,nenhuma,,
ECO-E2-L00764-1,E2-L00764,1,E2,04 — 🏋🏽‍♂️  Nabuco - Economia - TPS (2024-2025) / Lista de Exercícios - 03/02/20,55,🛒 Teorias do consumo,C/E,Nabuco,,,False,False,CERTO,renda permanente: corte lump-sum compensado eleva poupança,,nenhuma,,
ECO-E2-L00765-1,E2-L00765,1,E2,04 — 🏋🏽‍♂️  Nabuco - Economia - TPS (2024-2025) / Lista de Exercícios - 03/02/20,57,💡 Teorias do crescimento,C/E,Nabuco,,,False,False,ERRADO,"fio da navalha é de Harrod-Domar, não Solow",,nenhuma,,
ECO-E2-L00766-1,E2-L00766,1,E2,04 — 🏋🏽‍♂️  Nabuco - Economia - TPS (2024-2025) / Lista de Exercícios - 03/02/20,57,💡 Teorias do crescimento,C/E,Nabuco,,,False,False,CERTO,modelo AK: poupança afeta crescimento de longo prazo,,nenhuma,,
ECO-E2-L00772-1,E2-L00772,1,E2,04 — 🏋🏽‍♂️  Nabuco - Economia - TPS (2024-2025) / Lista de Exercícios - 07/04/20,17,🔄 Identidades e óticas do produto,C/E,Nabuco,,,False,False,CERTO,valor adicionado inferior ao valor da produção,E2-L00717,nenhuma,,repete a lista de E2-L00717–L00732
ECO-E2-L00773-1,E2-L00773,1,E2,04 — 🏋🏽‍♂️  Nabuco - Economia - TPS (2024-2025) / Lista de Exercícios - 07/04/20,17,"📏 PIB, PNB, RNB e conceitos derivados",C/E,Nabuco,,,False,False,CERTO,renda líquida recebida do exterior: PNB > PIB,E2-L00718,nenhuma,,
ECO-E2-L00774-1,E2-L00774,1,E2,04 — 🏋🏽‍♂️  Nabuco - Economia - TPS (2024-2025) / Lista de Exercícios - 07/04/20,19,💰 Resultados fiscais (NFSP),C/E,Nabuco,,,False,False,ERRADO,NFSP nominal superestima desequilíbrio com inflação alta,E2-L00719,nenhuma,,
ECO-E2-L00775-1,E2-L00775,1,E2,04 — 🏋🏽‍♂️  Nabuco - Economia - TPS (2024-2025) / Lista de Exercícios - 07/04/20,18,🏗️ Estrutura do BP (BPM6),C/E,Nabuco,,,False,False,ERRADO,marcas e patentes na conta capital (BPM6),E2-L00720,nenhuma,,
ECO-E2-L00776-1,E2-L00776,1,E2,04 — 🏋🏽‍♂️  Nabuco - Economia - TPS (2024-2025) / Lista de Exercícios - 07/04/20,36,🛠️ Instrumentos de política monetária,C/E,Nabuco,,,False,False,ERRADO,open market × redesconto,E2-L00721,nenhuma,,
ECO-E2-L00777-1,E2-L00777,1,E2,04 — 🏋🏽‍♂️  Nabuco - Economia - TPS (2024-2025) / Lista de Exercícios - 07/04/20,35,🪙 Funções e agregados monetários,C/E,Nabuco,,,False,False,ERRADO,moeda escritural × papel-moeda,E2-L00722,nenhuma,,
ECO-E2-L00778-1,E2-L00778,1,E2,04 — 🏋🏽‍♂️  Nabuco - Economia - TPS (2024-2025) / Lista de Exercícios - 07/04/20,36,🛠️ Instrumentos de política monetária,C/E,Nabuco,,,False,False,CERTO,venda de reservas e compra de títulos se anulam na base,E2-L00723,nenhuma,,
ECO-E2-L00779-1,E2-L00779,1,E2,04 — 🏋🏽‍♂️  Nabuco - Economia - TPS (2024-2025) / Lista de Exercícios - 07/04/20,35,🏦 Criação de moeda e multiplicador,C/E,Nabuco,,,False,False,ERRADO,multiplicador inversamente relacionado às reservas,E2-L00724,nenhuma,,
ECO-E2-L00780-1,E2-L00780,1,E2,04 — 🏋🏽‍♂️  Nabuco - Economia - TPS (2024-2025) / Lista de Exercícios - 07/04/20,47,📊 Política fiscal e multiplicadores,C/E,Nabuco,,,False,False,CERTO,seguro-desemprego como estabilizador automático,E2-L00725,nenhuma,,
ECO-E2-L00781-1,E2-L00781,1,E2,04 — 🏋🏽‍♂️  Nabuco - Economia - TPS (2024-2025) / Lista de Exercícios - 07/04/20,26,✖️ Multiplicadores,C/E,Nabuco,,,False,False,ERRADO,corte de impostos mais eficaz com PMgC alta (pobres),E2-L00726,nenhuma,,
ECO-E2-L00782-1,E2-L00782,1,E2,04 — 🏋🏽‍♂️  Nabuco - Economia - TPS (2024-2025) / Lista de Exercícios - 07/04/20,27,🏦 Política fiscal e monetária,C/E,Nabuco,,,False,False,ERRADO,expansão fiscal eleva renda e demanda por moeda,E2-L00727,nenhuma,,
ECO-E2-L00783-1,E2-L00783,1,E2,04 — 🏋🏽‍♂️  Nabuco - Economia - TPS (2024-2025) / Lista de Exercícios - 07/04/20,70,🌊 Câmbio flutuante,C/E,Nabuco,,,False,False,CERTO,expansão monetária deprecia câmbio sob flutuação,E2-L00728,nenhuma,,
ECO-E2-L00784-1,E2-L00784,1,E2,04 — 🏋🏽‍♂️  Nabuco - Economia - TPS (2024-2025) / Lista de Exercícios - 07/04/20,03,😊 Excedentes e eficiência,C/E,Nabuco,,,False,False,ERRADO,equilíbrio competitivo maximiza excedente total,E2-L00729,nenhuma,,
ECO-E2-L00785-1,E2-L00785,1,E2,04 — 🏋🏽‍♂️  Nabuco - Economia - TPS (2024-2025) / Lista de Exercícios - 07/04/20,07-A,⏱️ Curto prazo: oferta da firma,C/E,Nabuco,,,False,False,CERTO,firma opera no curto prazo se cobre custo variável,E2-L00730,nenhuma,,
ECO-E2-L00786-1,E2-L00786,1,E2,04 — 🏋🏽‍♂️  Nabuco - Economia - TPS (2024-2025) / Lista de Exercícios - 07/04/20,08,👑 Equilíbrio do monopólio,C/E,Nabuco,,,False,False,ERRADO,lucro do monopólio no longo prazo não necessariamente positivo,E2-L00731,nenhuma,,
ECO-E2-L00787-1,E2-L00787,1,E2,04 — 🏋🏽‍♂️  Nabuco - Economia - TPS (2024-2025) / Lista de Exercícios - 07/04/20,03,💸 Tributos: incidência e peso morto,C/E,Nabuco,,,False,False,ERRADO,tributo reduz excedentes do consumidor e do produtor,E2-L00732,nenhuma,,
ECO-E2-L00793-1,E2-L00793,1,E2,04 — 🏋🏽‍♂️  Nabuco - Economia - TPS (2024-2025) / Lista de Exercícios - 25/11/20,35,🏦 Criação de moeda e multiplicador,C/E,Nabuco,,,False,False,ERRADO,multiplicador inversamente proporcional às reservas,,nenhuma,,
ECO-E2-L00794-1,E2-L00794,1,E2,04 — 🏋🏽‍♂️  Nabuco - Economia - TPS (2024-2025) / Lista de Exercícios - 25/11/20,48,🧮 Financiamento e sustentabilidade,C/E,Nabuco,,,False,False,ERRADO,dinâmica dívida/PIB e diferencial r − g,,nenhuma,,
ECO-E2-L00795-1,E2-L00795,1,E2,04 — 🏋🏽‍♂️  Nabuco - Economia - TPS (2024-2025) / Lista de Exercícios - 25/11/20,19,💰 Resultados fiscais (NFSP),C/E,Nabuco,,,False,False,ERRADO,resultado primário exclui receitas e despesas financeiras,,nenhuma,,
ECO-E2-L00796-1,E2-L00796,1,E2,04 — 🏋🏽‍♂️  Nabuco - Economia - TPS (2024-2025) / Lista de Exercícios - 25/11/20,35,🏦 Criação de moeda e multiplicador,C/E,Nabuco,,,False,False,ERRADO,maior retenção de papel-moeda reduz multiplicador,,nenhuma,,
ECO-E2-L00797-1,E2-L00797,1,E2,04 — 🏋🏽‍♂️  Nabuco - Economia - TPS (2024-2025) / Lista de Exercícios - 25/11/20,66,💱 Regimes cambiais,C/E,Nabuco,,,False,False,ERRADO,câmbio flutuante determinado pelo mercado,,nenhuma,,
ECO-E2-L00798-1,E2-L00798,1,E2,04 — 🏋🏽‍♂️  Nabuco - Economia - TPS (2024-2025) / Lista de Exercícios - 25/11/20,66,💱 Regimes cambiais,C/E,Nabuco,,,False,False,CERTO,flutuação suja,,nenhuma,,
ECO-E2-L00799-1,E2-L00799,1,E2,04 — 🏋🏽‍♂️  Nabuco - Economia - TPS (2024-2025) / Lista de Exercícios - 25/11/20,66,💱 Regimes cambiais,C/E,Nabuco,,,False,False,ERRADO,bandas cambiais: flutuação dentro dos limites,,nenhuma,,
ECO-E2-L00800-1,E2-L00800,1,E2,04 — 🏋🏽‍♂️  Nabuco - Economia - TPS (2024-2025) / Lista de Exercícios - 25/11/20,66,📏 Câmbio nominal × real e PPC,C/E,Nabuco,,,False,False,CERTO,câmbio nominal × real,,nenhuma,,
ECO-E2-L00801-1,E2-L00801,1,E2,04 — 🏋🏽‍♂️  Nabuco - Economia - TPS (2024-2025) / Lista de Exercícios - 25/11/20,TRIAGEM,HECON,C/E,Nabuco,,,False,False,ERRADO,acordo com o FMI na crise da dívida,,nenhuma,história econômica do Brasil,
ECO-E2-L00802-1,E2-L00802,1,E2,04 — 🏋🏽‍♂️  Nabuco - Economia - TPS (2024-2025) / Lista de Exercícios - 25/11/20,TRIAGEM,HECON,C/E,Nabuco,,,False,False,ERRADO,reformas financeiras do PAEG e criação da CVM,,nenhuma,história econômica do Brasil,
ECO-E2-L00803-1,E2-L00803,1,E2,04 — 🏋🏽‍♂️  Nabuco - Economia - TPS (2024-2025) / Lista de Exercícios - 25/11/20,TRIAGEM,HECON,C/E,Nabuco,,,False,False,ERRADO,PAEG: gradualismo no combate à inflação,,nenhuma,história econômica do Brasil,
ECO-E2-L00804-1,E2-L00804,1,E2,04 — 🏋🏽‍♂️  Nabuco - Economia - TPS (2024-2025) / Lista de Exercícios - 25/11/20,TRIAGEM,HECON,C/E,Nabuco,,,False,False,ERRADO,metas de inflação adotadas só em 1999,,nenhuma,história econômica do Brasil,
ECO-E2-L00810-1,E2-L00810,1,E2,04 — 🏋🏽‍♂️  Nabuco - Economia - TPS (2024-2025) / Lista de Exercícios - 09/09/20,04,🎯 Utilidade e curvas de indiferença,C/E,Nabuco,,,False,False,ERRADO,utilidade marginal decrescente no consumo,,nenhuma,,
ECO-E2-L00811-1,E2-L00811,1,E2,04 — 🏋🏽‍♂️  Nabuco - Economia - TPS (2024-2025) / Lista de Exercícios - 09/09/20,08,👑 Equilíbrio do monopólio,C/E,Nabuco,,,False,False,ERRADO,monopólio RMg = CMg gera peso morto,,nenhuma,,
ECO-E2-L00812-1,E2-L00812,1,E2,04 — 🏋🏽‍♂️  Nabuco - Economia - TPS (2024-2025) / Lista de Exercícios - 09/09/20,08,🎟️ Discriminação de preços,C/E,Nabuco,,,False,False,CERTO,discriminação perfeita é Pareto-eficiente,,nenhuma,,
ECO-E2-L00813-1,E2-L00813,1,E2,04 — 🏋🏽‍♂️  Nabuco - Economia - TPS (2024-2025) / Lista de Exercícios - 09/09/20,05,🗺️ Isoquantas e TMST,C/E,Nabuco,,,False,False,CERTO,Leontief: fatores complementares perfeitos,,nenhuma,,
ECO-E2-L00814-1,E2-L00814,1,E2,04 — 🏋🏽‍♂️  Nabuco - Economia - TPS (2024-2025) / Lista de Exercícios - 09/09/20,17,🔄 Identidades e óticas do produto,C/E,Nabuco,,,False,False,ERRADO,ótica da despesa usa exportações líquidas,,nenhuma,,
ECO-E2-L00815-1,E2-L00815,1,E2,04 — 🏋🏽‍♂️  Nabuco - Economia - TPS (2024-2025) / Lista de Exercícios - 09/09/20,36,🛠️ Instrumentos de política monetária,C/E,Nabuco,,,False,False,CERTO,política de redesconto,,nenhuma,,
ECO-E2-L00816-1,E2-L00816,1,E2,04 — 🏋🏽‍♂️  Nabuco - Economia - TPS (2024-2025) / Lista de Exercícios - 09/09/20,56,🥇 Regra de ouro,C/E,Nabuco,,,False,False,ERRADO,estado estacionário não maximiza necessariamente consumo,,nenhuma,,
ECO-E2-L00817-1,E2-L00817,1,E2,04 — 🏋🏽‍♂️  Nabuco - Economia - TPS (2024-2025) / Lista de Exercícios - 09/09/20,56,⚙️ Estado estacionário,C/E,Nabuco,,,False,False,CERTO,k abaixo do estacionário cresce ao longo do tempo,,nenhuma,,
ECO-E2-L00818-1,E2-L00818,1,E2,04 — 🏋🏽‍♂️  Nabuco - Economia - TPS (2024-2025) / Lista de Exercícios - 09/09/20,TRIAGEM,HECON,C/E,Nabuco,,,False,False,ERRADO,saldos comerciais na Segunda Guerra e industrialização,,nenhuma,história econômica do Brasil,
ECO-E2-L00819-1,E2-L00819,1,E2,04 — 🏋🏽‍♂️  Nabuco - Economia - TPS (2024-2025) / Lista de Exercícios - 09/09/20,TRIAGEM,HECON,C/E,Nabuco,,,False,False,ERRADO,energia como ponto de estrangulamento no Plano de Metas,,nenhuma,história econômica do Brasil,
ECO-E2-L00820-1,E2-L00820,1,E2,04 — 🏋🏽‍♂️  Nabuco - Economia - TPS (2024-2025) / Lista de Exercícios - 09/09/20,TRIAGEM,HECON,C/E,Nabuco,,,False,False,CERTO,crédito do Banco do Brasil à indústria em Vargas e Dutra,,nenhuma,história econômica do Brasil,
ECO-E2-L00821-1,E2-L00821,1,E2,04 — 🏋🏽‍♂️  Nabuco - Economia - TPS (2024-2025) / Lista de Exercícios - 09/09/20,TRIAGEM,HECON,C/E,Nabuco,,,False,False,ERRADO,Conceição Tavares: substituição de importações,,nenhuma,história econômica do Brasil,
ECO-E2-L00827-1,E2-L00827,1,E2,04 — 🏋🏽‍♂️  Nabuco - Economia - TPS (2024-2025) / Lista de Exercícios - 26/08/20,56,⚙️ Estado estacionário,C/E,Nabuco,,,False,False,CERTO,Solow: poupança explica diferenças de nível de renda,,nenhuma,,
ECO-E2-L00828-1,E2-L00828,1,E2,04 — 🏋🏽‍♂️  Nabuco - Economia - TPS (2024-2025) / Lista de Exercícios - 26/08/20,56,⚙️ Estado estacionário,C/E,Nabuco,,,False,False,ERRADO,Solow: investimento não determina crescimento per capita de longo prazo,,nenhuma,,
ECO-E2-L00829-1,E2-L00829,1,E2,04 — 🏋🏽‍♂️  Nabuco - Economia - TPS (2024-2025) / Lista de Exercícios - 26/08/20,57,💡 Teorias do crescimento,C/E,Nabuco,,,False,False,CERTO,crescimento endógeno: capital humano e P&D,,nenhuma,,
ECO-E2-L00830-1,E2-L00830,1,E2,04 — 🏋🏽‍♂️  Nabuco - Economia - TPS (2024-2025) / Lista de Exercícios - 26/08/20,56,⚙️ Estado estacionário,C/E,Nabuco,,,False,False,CERTO,Solow sem progresso técnico: crescimento per capita nulo,,nenhuma,,
ECO-E2-L00831-1,E2-L00831,1,E2,04 — 🏋🏽‍♂️  Nabuco - Economia - TPS (2024-2025) / Lista de Exercícios - 26/08/20,79,🚫 Cotas e barreiras não tarifárias,C/E,Nabuco,,,False,False,ERRADO,restrição voluntária às exportações,,nenhuma,,
ECO-E2-L00832-1,E2-L00832,1,E2,04 — 🏋🏽‍♂️  Nabuco - Economia - TPS (2024-2025) / Lista de Exercícios - 26/08/20,79,💰 Subsídios e defesa comercial,C/E,Nabuco,,,False,False,CERTO,tarifa e subsídio à exportação reduzem excedente do consumidor,,nenhuma,,
ECO-E2-L00833-1,E2-L00833,1,E2,04 — 🏋🏽‍♂️  Nabuco - Economia - TPS (2024-2025) / Lista de Exercícios - 26/08/20,79,🚫 Cotas e barreiras não tarifárias,C/E,Nabuco,,,False,False,ERRADO,conteúdo local não é cota de importação,,nenhuma,,
ECO-E2-L00834-1,E2-L00834,1,E2,04 — 🏋🏽‍♂️  Nabuco - Economia - TPS (2024-2025) / Lista de Exercícios - 26/08/20,79,🚫 Cotas e barreiras não tarifárias,C/E,Nabuco,,,False,False,ERRADO,cota de importação é restrição direta,,nenhuma,,
ECO-E2-L00835-1,E2-L00835,1,E2,04 — 🏋🏽‍♂️  Nabuco - Economia - TPS (2024-2025) / Lista de Exercícios - 26/08/20,29,🔮 Expectativas e NAIRU,C/E,Nabuco,,,False,False,ERRADO,expectativas racionais: surpresa monetária afeta produto,,nenhuma,,
ECO-E2-L00836-1,E2-L00836,1,E2,04 — 🏋🏽‍♂️  Nabuco - Economia - TPS (2024-2025) / Lista de Exercícios - 26/08/20,50,🧱 Regras fiscais: teto e arcabouço,C/E,Nabuco,,,False,False,ERRADO,"novo arcabouço limita crescimento real da despesa, não do déficit",,nenhuma,,
ECO-E2-L00837-1,E2-L00837,1,E2,04 — 🏋🏽‍♂️  Nabuco - Economia - TPS (2024-2025) / Lista de Exercícios - 26/08/20,26,✖️ Multiplicadores,C/E,Nabuco,,,False,False,CERTO,multiplicador maior com PMgC maior,,nenhuma,,
ECO-E2-L00838-1,E2-L00838,1,E2,04 — 🏋🏽‍♂️  Nabuco - Economia - TPS (2024-2025) / Lista de Exercícios - 26/08/20,30,🗣️ Debate contemporâneo,C/E,Nabuco,,,False,False,ERRADO,novos clássicos: desinflação anunciada sem custo de produto,,nenhuma,,
ECO-E2-L00844-1,E2-L00844,1,E2,04 — 🏋🏽‍♂️  Nabuco - Economia - TPS (2024-2025) / Lista de Exercícios - 19/08/20,75,🔬 Novas teorias do comércio,C/E,Nabuco,,,False,False,ERRADO,países similares: comércio intraindústria predomina,,nenhuma,,
ECO-E2-L00845-1,E2-L00845,1,E2,04 — 🏋🏽‍♂️  Nabuco - Economia - TPS (2024-2025) / Lista de Exercícios - 19/08/20,73,🧪 Heckscher-Ohlin e teoremas,C/E,Nabuco,,,False,False,ERRADO,neoclássicos: vantagem comparativa por dotação de fatores,,nenhuma,,
ECO-E2-L00846-1,E2-L00846,1,E2,04 — 🏋🏽‍♂️  Nabuco - Economia - TPS (2024-2025) / Lista de Exercícios - 19/08/20,73,🧪 Heckscher-Ohlin e teoremas,C/E,Nabuco,,,False,False,ERRADO,H-O: fatores imóveis entre países,,nenhuma,,
ECO-E2-L00847-1,E2-L00847,1,E2,04 — 🏋🏽‍♂️  Nabuco - Economia - TPS (2024-2025) / Lista de Exercícios - 19/08/20,74,🌎 CEPAL e termos de troca,C/E,Nabuco,,,False,False,?,cepalinos e inelasticidade da oferta agrícola,,nenhuma,,verso truncado sem gabarito explícito
ECO-E2-L00848-1,E2-L00848,1,E2,04 — 🏋🏽‍♂️  Nabuco - Economia - TPS (2024-2025) / Lista de Exercícios - 19/08/20,07-A,📐 Hipóteses e maximização de lucro,C/E,Nabuco,,,False,False,ERRADO,demanda da firma competitiva é horizontal,,nenhuma,,
ECO-E2-L00849-1,E2-L00849,1,E2,04 — 🏋🏽‍♂️  Nabuco - Economia - TPS (2024-2025) / Lista de Exercícios - 19/08/20,07-A,⏱️ Curto prazo: oferta da firma,C/E,Nabuco,,,False,False,ERRADO,oferta da firma competitiva: P = CMg acima do CVMe,,nenhuma,,
ECO-E2-L00850-1,E2-L00850,1,E2,04 — 🏋🏽‍♂️  Nabuco - Economia - TPS (2024-2025) / Lista de Exercícios - 19/08/20,08,🏛️ Monopólio natural e regulação,C/E,Nabuco,,,False,False,ERRADO,monopólio natural: preço = CMg gera prejuízo,E2-L00743,nenhuma,,
ECO-E2-L00851-1,E2-L00851,1,E2,04 — 🏋🏽‍♂️  Nabuco - Economia - TPS (2024-2025) / Lista de Exercícios - 19/08/20,07,🗺️ Comparação entre estruturas,C/E,Nabuco,,,False,False,CERTO,lucro de longo prazo: concorrência perfeita × monopólio,,nenhuma,,
ECO-E2-L00852-1,E2-L00852,1,E2,04 — 🏋🏽‍♂️  Nabuco - Economia - TPS (2024-2025) / Lista de Exercícios - 19/08/20,12,🌫️ Externalidades e Coase,C/E,Nabuco,,,False,False,ERRADO,Coase independe de a quem se atribui o direito,,nenhuma,,
ECO-E2-L00853-1,E2-L00853,1,E2,04 — 🏋🏽‍♂️  Nabuco - Economia - TPS (2024-2025) / Lista de Exercícios - 19/08/20,12,🏞️ Bens públicos e comuns,C/E,Nabuco,,,False,False,ERRADO,"rodovia congestionada é rival, não bem público",E2-L00745,nenhuma,,
ECO-E2-L00854-1,E2-L00854,1,E2,04 — 🏋🏽‍♂️  Nabuco - Economia - TPS (2024-2025) / Lista de Exercícios - 19/08/20,12,🏞️ Bens públicos e comuns,C/E,Nabuco,,,False,False,ERRADO,bens comuns são rivais e não excludentes,,nenhuma,,
ECO-E2-L00855-1,E2-L00855,1,E2,04 — 🏋🏽‍♂️  Nabuco - Economia - TPS (2024-2025) / Lista de Exercícios - 19/08/20,12,🏞️ Bens públicos e comuns,C/E,Nabuco,,,False,False,ERRADO,bens meritórios satisfazem o princípio da exclusão,,nenhuma,,
ECO-E2-L00861-1,E2-L00861,1,E2,04 — 🏋🏽‍♂️  Nabuco - Economia - TPS (2024-2025) / Lista de Exercícios - 05/08/20,05,🗺️ Isoquantas e TMST,C/E,Nabuco,,,False,False,ERRADO,TMST mantém a produção constante,,nenhuma,,
ECO-E2-L00862-1,E2-L00862,1,E2,04 — 🏋🏽‍♂️  Nabuco - Economia - TPS (2024-2025) / Lista de Exercícios - 05/08/20,05,🗺️ Isoquantas e TMST,C/E,Nabuco,,,False,False,ERRADO,"proporções fixas: isoquantas em L, TMST não constante",,nenhuma,,
ECO-E2-L00863-1,E2-L00863,1,E2,04 — 🏋🏽‍♂️  Nabuco - Economia - TPS (2024-2025) / Lista de Exercícios - 05/08/20,05,🗺️ Isoquantas e TMST,C/E,Nabuco,,,False,False,CERTO,insumos complementares: isoquantas em ângulo reto,,nenhuma,,
ECO-E2-L00864-1,E2-L00864,1,E2,04 — 🏋🏽‍♂️  Nabuco - Economia - TPS (2024-2025) / Lista de Exercícios - 05/08/20,05,📏 Rendimentos de escala,C/E,Nabuco,,,False,False,ERRADO,retornos constantes de escala com produto marginal decrescente,,nenhuma,,
ECO-E2-L00865-1,E2-L00865,1,E2,04 — 🏋🏽‍♂️  Nabuco - Economia - TPS (2024-2025) / Lista de Exercícios - 05/08/20,06,💰 Custos de curto prazo,C/E,Nabuco,,,False,False,CERTO,CMg = CMe no mínimo do custo médio,,nenhuma,,
ECO-E2-L00866-1,E2-L00866,1,E2,04 — 🏋🏽‍♂️  Nabuco - Economia - TPS (2024-2025) / Lista de Exercícios - 05/08/20,07-A,📐 Hipóteses e maximização de lucro,C/E,Nabuco,,,False,False,CERTO,concorrência perfeita: CMg = RMe = P no ótimo,E2-L00632,nenhuma,,
ECO-E2-L00867-1,E2-L00867,1,E2,04 — 🏋🏽‍♂️  Nabuco - Economia - TPS (2024-2025) / Lista de Exercícios - 05/08/20,08,"📊 Markup, elasticidade e poder de mercado",C/E,Nabuco,,,False,False,CERTO,índice de Lerner e elasticidade da demanda,,nenhuma,,
ECO-E2-L00868-1,E2-L00868,1,E2,04 — 🏋🏽‍♂️  Nabuco - Economia - TPS (2024-2025) / Lista de Exercícios - 05/08/20,10,🤝 Cartel e conluio,C/E,Nabuco,,,False,False,ERRADO,instabilidade dos cartéis,,nenhuma,,
ECO-E2-L00869-1,E2-L00869,1,E2,04 — 🏋🏽‍♂️  Nabuco - Economia - TPS (2024-2025) / Lista de Exercícios - 05/08/20,12,🏞️ Bens públicos e comuns,C/E,Nabuco,,,False,False,CERTO,recursos comuns rivais exigem regulação,,nenhuma,,
ECO-E2-L00870-1,E2-L00870,1,E2,04 — 🏋🏽‍♂️  Nabuco - Economia - TPS (2024-2025) / Lista de Exercícios - 05/08/20,04-A,🔀 Efeitos renda e substituição,C/E,Nabuco,,,False,False,CERTO,alta do preço do bem normal eleva consumo do inferior via renda,,nenhuma,,
ECO-E2-L00871-1,E2-L00871,1,E2,04 — 🏋🏽‍♂️  Nabuco - Economia - TPS (2024-2025) / Lista de Exercícios - 05/08/20,12,🌫️ Externalidades e Coase,C/E,Nabuco,,,False,False,ERRADO,CMg social acima do privado com externalidade negativa,,nenhuma,,
ECO-E2-L00872-1,E2-L00872,1,E2,04 — 🏋🏽‍♂️  Nabuco - Economia - TPS (2024-2025) / Lista de Exercícios - 05/08/20,12,🌫️ Externalidades e Coase,C/E,Nabuco,,,False,False,CERTO,imposto de Pigou exige externalidade marginal no ótimo,,nenhuma,,
ECO-E2-L00878-1,E2-L00878,1,E2,04 — 🏋🏽‍♂️  Nabuco - Economia - TPS (2024-2025) / Lista de Exercícios - 29/07/20,03,💸 Tributos: incidência e peso morto,C/E,Nabuco,,,False,False,ERRADO,"incidência: demanda elástica, consumidor perde menos",,nenhuma,,
ECO-E2-L00879-1,E2-L00879,1,E2,04 — 🏋🏽‍♂️  Nabuco - Economia - TPS (2024-2025) / Lista de Exercícios - 29/07/20,02,🔗 Elasticidade-renda e cruzada,C/E,Nabuco,,,False,False,ERRADO,bem inferior: elasticidade-renda negativa,,nenhuma,,
ECO-E2-L00880-1,E2-L00880,1,E2,04 — 🏋🏽‍♂️  Nabuco - Economia - TPS (2024-2025) / Lista de Exercícios - 29/07/20,02,🔗 Elasticidade-renda e cruzada,C/E,Nabuco,,,False,False,CERTO,complementares: elasticidade cruzada negativa,,nenhuma,,
ECO-E2-L00881-1,E2-L00881,1,E2,04 — 🏋🏽‍♂️  Nabuco - Economia - TPS (2024-2025) / Lista de Exercícios - 29/07/20,02,"💰 Elasticidade, receita e gasto",C/E,Nabuco,,,False,False,ERRADO,demanda elástica: alta de preço reduz receita,,nenhuma,,
ECO-E2-L00882-1,E2-L00882,1,E2,04 — 🏋🏽‍♂️  Nabuco - Economia - TPS (2024-2025) / Lista de Exercícios - 29/07/20,04,🧠 Preferências e axiomas,C/E,Nabuco,,,False,False,ERRADO,completude × transitividade das preferências,,nenhuma,,
ECO-E2-L00883-1,E2-L00883,1,E2,04 — 🏋🏽‍♂️  Nabuco - Economia - TPS (2024-2025) / Lista de Exercícios - 29/07/20,04,🎯 Utilidade e curvas de indiferença,C/E,Nabuco,,,False,False,ERRADO,inclinação da curva de indiferença é a TMS,,nenhuma,,
ECO-E2-L00884-1,E2-L00884,1,E2,04 — 🏋🏽‍♂️  Nabuco - Economia - TPS (2024-2025) / Lista de Exercícios - 29/07/20,04,🎯 Utilidade e curvas de indiferença,C/E,Nabuco,,,False,False,ERRADO,complementos perfeitos: curvas em L,,nenhuma,,
ECO-E2-L00885-1,E2-L00885,1,E2,04 — 🏋🏽‍♂️  Nabuco - Economia - TPS (2024-2025) / Lista de Exercícios - 29/07/20,01,📈 Demanda: determinantes e deslocamentos,C/E,Nabuco,,,False,False,CERTO,demanda cresce com preço do substituto,,nenhuma,,
ECO-E2-L00886-1,E2-L00886,1,E2,04 — 🏋🏽‍♂️  Nabuco - Economia - TPS (2024-2025) / Lista de Exercícios - 29/07/20,79,🧾 Tarifas,C/E,Nabuco,,,False,False,CERTO,livre comércio: cálculo da importação,,nenhuma,,
ECO-E2-L00887-1,E2-L00887,1,E2,04 — 🏋🏽‍♂️  Nabuco - Economia - TPS (2024-2025) / Lista de Exercícios - 29/07/20,79,🧾 Tarifas,C/E,Nabuco,,,False,False,ERRADO,tarifa específica: cálculo da nova importação,,nenhuma,,
ECO-E2-L00888-1,E2-L00888,1,E2,04 — 🏋🏽‍♂️  Nabuco - Economia - TPS (2024-2025) / Lista de Exercícios - 29/07/20,79,🧾 Tarifas,C/E,Nabuco,Pré-TPS/2024,2024,False,False,ERRADO,"peso morto de tarifa de importação (cálculo, país pequeno)",,nenhuma,,
ECO-E2-L00889-1,E2-L00889,1,E2,04 — 🏋🏽‍♂️  Nabuco - Economia - TPS (2024-2025) / Lista de Exercícios - 29/07/20,79,🚫 Cotas e barreiras não tarifárias,C/E,Nabuco,Pré-TPS/2024,2024,False,False,ERRADO,quota de importação e novo preço doméstico (cálculo),,nenhuma,,
ECO-E2-L00895-1,E2-L00895,1,E2,04 — 🏋🏽‍♂️  Nabuco - Economia - TPS (2024-2025) / Lista de Exercícios - 22/07/20,56,"👥 População, tecnologia e convergência",C/E,Nabuco,Pré-TPS/2024,2024,False,False,CERTO,maior crescimento populacional reduz PIB por trabalhador,,nenhuma,,
ECO-E2-L00896-1,E2-L00896,1,E2,04 — 🏋🏽‍♂️  Nabuco - Economia - TPS (2024-2025) / Lista de Exercícios - 22/07/20,56,⚙️ Estado estacionário,C/E,Nabuco,Pré-TPS/2024,2024,False,False,ERRADO,Solow supõe rendimentos marginais decrescentes do capital,,nenhuma,,
ECO-E2-L00897-1,E2-L00897,1,E2,04 — 🏋🏽‍♂️  Nabuco - Economia - TPS (2024-2025) / Lista de Exercícios - 22/07/20,56,⚙️ Estado estacionário,C/E,Nabuco,Pré-TPS/2024,2024,False,False,ERRADO,taxa de poupança afeta nível de renda per capita de longo prazo,,nenhuma,,
ECO-E2-L00898-1,E2-L00898,1,E2,04 — 🏋🏽‍♂️  Nabuco - Economia - TPS (2024-2025) / Lista de Exercícios - 22/07/20,56,"👥 População, tecnologia e convergência",C/E,Nabuco,Pré-TPS/2024,2024,False,False,ERRADO,progresso tecnológico exógeno no modelo de Solow,,nenhuma,,
ECO-E2-L00899-1,E2-L00899,1,E2,04 — 🏋🏽‍♂️  Nabuco - Economia - TPS (2024-2025) / Lista de Exercícios - 22/07/20,55,🏗️ Teorias do investimento,C/E,Nabuco,Pré-TPS/2024,2024,False,False,CERTO,q de Tobin maior que 1 incentiva investimento,,nenhuma,,
ECO-E2-L00900-1,E2-L00900,1,E2,04 — 🏋🏽‍♂️  Nabuco - Economia - TPS (2024-2025) / Lista de Exercícios - 22/07/20,55,🛒 Teorias do consumo,C/E,Nabuco,Pré-TPS/2024,2024,False,False,ERRADO,ciclo de vida: PMeC varia no curto prazo,,nenhuma,,gabarito inferido do comentário
ECO-E2-L00901-1,E2-L00901,1,E2,04 — 🏋🏽‍♂️  Nabuco - Economia - TPS (2024-2025) / Lista de Exercícios - 22/07/20,55,🛒 Teorias do consumo,C/E,Nabuco,Pré-TPS/2024,2024,False,False,CERTO,ciclo de vida: estrutura etária e crescimento determinam poupança,,nenhuma,,
ECO-E2-L00902-1,E2-L00902,1,E2,04 — 🏋🏽‍♂️  Nabuco - Economia - TPS (2024-2025) / Lista de Exercícios - 22/07/20,47,🔮 Equivalência ricardiana,C/E,Nabuco,Pré-TPS/2024,2024,False,False,CERTO,equivalência ricardiana sem altruísmo intergeracional: consumo aumenta,,nenhuma,,
ECO-E2-L00903-1,E2-L00903,1,E2,04 — 🏋🏽‍♂️  Nabuco - Economia - TPS (2024-2025) / Lista de Exercícios - 22/07/20,70,🔒 Câmbio fixo,C/E,Nabuco,Pré-TPS/2024,2024,False,False,CERTO,"fiscal expansiva, câmbio fixo, mobilidade perfeita: renda sobe mais",,nenhuma,,
ECO-E2-L00904-1,E2-L00904,1,E2,04 — 🏋🏽‍♂️  Nabuco - Economia - TPS (2024-2025) / Lista de Exercícios - 22/07/20,70,🔒 Câmbio fixo,C/E,Nabuco,Pré-TPS/2024,2024,False,False,ERRADO,fiscal expansiva câmbio fixo: juros voltam ao nível externo,,nenhuma,,
ECO-E2-L00905-1,E2-L00905,1,E2,04 — 🏋🏽‍♂️  Nabuco - Economia - TPS (2024-2025) / Lista de Exercícios - 22/07/20,70,🔒 Câmbio fixo,C/E,Nabuco,Pré-TPS/2024,2024,False,False,ERRADO,"monetária câmbio fixo: renda inalterada, reservas mudam",,nenhuma,,
ECO-E2-L00906-1,E2-L00906,1,E2,04 — 🏋🏽‍♂️  Nabuco - Economia - TPS (2024-2025) / Lista de Exercícios - 22/07/20,70,🌊 Câmbio flutuante,C/E,Nabuco,Pré-TPS/2024,2024,False,False,CERTO,"fiscal expansiva câmbio flutuante: renda inalterada, apreciação",,nenhuma,,
ECO-E2-L00912-1,E2-L00912,1,E2,04 — 🏋🏽‍♂️  Nabuco - Economia - TPS (2024-2025) / Lista de Exercícios - 08/07/20,26,✖️ Multiplicadores,C/E,Nabuco,Pré-TPS/2024,2024,False,False,ERRADO,"multiplicador dos gastos com c=0,75 (cálculo)",,nenhuma,,
ECO-E2-L00913-1,E2-L00913,1,E2,04 — 🏋🏽‍♂️  Nabuco - Economia - TPS (2024-2025) / Lista de Exercícios - 08/07/20,26,📈 Demanda efetiva e cruz keynesiana,C/E,Nabuco,Pré-TPS/2024,2024,False,False,ERRADO,volume de emprego na teoria keynesiana: decisão dos empresários,,nenhuma,,
ECO-E2-L00914-1,E2-L00914,1,E2,04 — 🏋🏽‍♂️  Nabuco - Economia - TPS (2024-2025) / Lista de Exercícios - 08/07/20,27,🕳️ Casos extremos,C/E,Nabuco,Pré-TPS/2024,2024,False,False,ERRADO,armadilha da liquidez ≠ crowding-out,,nenhuma,,
ECO-E2-L00915-1,E2-L00915,1,E2,04 — 🏋🏽‍♂️  Nabuco - Economia - TPS (2024-2025) / Lista de Exercícios - 08/07/20,27,🕳️ Casos extremos,C/E,Nabuco,Pré-TPS/2024,2024,False,False,CERTO,"armadilha da liquidez: LM horizontal, monetária ineficaz",,nenhuma,,
ECO-E2-L00916-1,E2-L00916,1,E2,04 — 🏋🏽‍♂️  Nabuco - Economia - TPS (2024-2025) / Lista de Exercícios - 08/07/20,29,🔮 Expectativas e NAIRU,C/E,Nabuco,Pré-TPS/2024,2024,False,False,CERTO,expectativas adaptativas corrigem erros passados,,nenhuma,,
ECO-E2-L00917-1,E2-L00917,1,E2,04 — 🏋🏽‍♂️  Nabuco - Economia - TPS (2024-2025) / Lista de Exercícios - 08/07/20,29,🔮 Expectativas e NAIRU,C/E,Nabuco,Pré-TPS/2024,2024,False,False,CERTO,expectativas racionais usam toda informação disponível,,nenhuma,,
ECO-E2-L00918-1,E2-L00918,1,E2,04 — 🏋🏽‍♂️  Nabuco - Economia - TPS (2024-2025) / Lista de Exercícios - 08/07/20,29,🔮 Expectativas e NAIRU,C/E,Nabuco,Pré-TPS/2024,2024,False,False,CERTO,versão forte das expectativas racionais: acerto em média,,nenhuma,,
ECO-E2-L00919-1,E2-L00919,1,E2,04 — 🏋🏽‍♂️  Nabuco - Economia - TPS (2024-2025) / Lista de Exercícios - 08/07/20,29,📉 Phillips original e aceleracionista,C/E,Nabuco,Pré-TPS/2024,2024,False,False,ERRADO,curva de Phillips relaciona inflação e desemprego no curto prazo,,nenhuma,,
ECO-E2-L00920-1,E2-L00920,1,E2,04 — 🏋🏽‍♂️  Nabuco - Economia - TPS (2024-2025) / Lista de Exercícios - 08/07/20,59,👷 Desemprego e mercado de trabalho,C/E,Nabuco,Pré-TPS/2024,2024,False,False,CERTO,desemprego estrutural por inovação tecnológica,,nenhuma,,
ECO-E2-L00921-1,E2-L00921,1,E2,04 — 🏋🏽‍♂️  Nabuco - Economia - TPS (2024-2025) / Lista de Exercícios - 08/07/20,59,👷 Desemprego e mercado de trabalho,C/E,Nabuco,Pré-TPS/2024,2024,False,False,ERRADO,"custos de procura geram desemprego friccional, não cíclico",,nenhuma,,
ECO-E2-L00922-1,E2-L00922,1,E2,04 — 🏋🏽‍♂️  Nabuco - Economia - TPS (2024-2025) / Lista de Exercícios - 08/07/20,59,👷 Desemprego e mercado de trabalho,C/E,Nabuco,Pré-TPS/2024,2024,False,False,ERRADO,seguro-desemprego tende a aumentar desemprego friccional,,nenhuma,,
ECO-E2-L00923-1,E2-L00923,1,E2,04 — 🏋🏽‍♂️  Nabuco - Economia - TPS (2024-2025) / Lista de Exercícios - 08/07/20,25,⚙️ Modelo clássico,C/E,Nabuco,Pré-TPS/2024,2024,False,False,CERTO,modelo clássico: pleno emprego com desemprego friccional e voluntário,,nenhuma,,
ECO-E2-L00929-1,E2-L00929,1,E2,04 — 🏋🏽‍♂️  Nabuco - Economia - TPS (2024-2025) / Lista de Exercícios - 01/07/20,17,"📏 PIB, PNB, RNB e conceitos derivados",C/E,Nabuco,Pré-TPS/2024,2024,False,False,ERRADO,variação de estoques entra no PIB via investimento,,nenhuma,,
ECO-E2-L00930-1,E2-L00930,1,E2,04 — 🏋🏽‍♂️  Nabuco - Economia - TPS (2024-2025) / Lista de Exercícios - 01/07/20,17,"📏 PIB, PNB, RNB e conceitos derivados",C/E,Nabuco,Pré-TPS/2024,2024,False,False,CERTO,"imóvel usado fora do PIB, corretagem dentro",,nenhuma,,
ECO-E2-L00931-1,E2-L00931,1,E2,04 — 🏋🏽‍♂️  Nabuco - Economia - TPS (2024-2025) / Lista de Exercícios - 01/07/20,17,🔄 Identidades e óticas do produto,C/E,Nabuco,Pré-TPS/2024,2024,False,False,CERTO,superávit em TC implica (Sp−I)+Sg positiva,,nenhuma,,
ECO-E2-L00932-1,E2-L00932,1,E2,04 — 🏋🏽‍♂️  Nabuco - Economia - TPS (2024-2025) / Lista de Exercícios - 01/07/20,17,🧾 SCN e tabelas,C/E,Nabuco,Pré-TPS/2024,2024,False,False,ERRADO,CEI: oferta global PIB+M = C+I+G+X,,nenhuma,,
ECO-E2-L00933-1,E2-L00933,1,E2,04 — 🏋🏽‍♂️  Nabuco - Economia - TPS (2024-2025) / Lista de Exercícios - 01/07/20,17,🧾 SCN e tabelas,C/E,Nabuco,Pré-TPS/2024,2024,False,False,CERTO,"CEI: conta de bens e serviços, oferta total = demanda total",,nenhuma,,
ECO-E2-L00934-1,E2-L00934,1,E2,04 — 🏋🏽‍♂️  Nabuco - Economia - TPS (2024-2025) / Lista de Exercícios - 01/07/20,17,🧾 SCN e tabelas,C/E,Nabuco,Pré-TPS/2024,2024,False,False,CERTO,"CEI articulam renda, distribuição, consumo e poupança",,nenhuma,,
ECO-E2-L00935-1,E2-L00935,1,E2,04 — 🏋🏽‍♂️  Nabuco - Economia - TPS (2024-2025) / Lista de Exercícios - 01/07/20,18,🏗️ Estrutura do BP (BPM6),C/E,Nabuco,Pré-TPS/2024,2024,False,False,CERTO,BPM7: criptoativos sem emissor na conta capital,,nenhuma,,
ECO-E2-L00936-1,E2-L00936,1,E2,04 — 🏋🏽‍♂️  Nabuco - Economia - TPS (2024-2025) / Lista de Exercícios - 01/07/20,35,📊 Demanda por moeda,C/E,Nabuco,Pré-TPS/2024,2024,False,False,ERRADO,demanda por moeda relaciona-se negativamente com juros,,nenhuma,,
ECO-E2-L00937-1,E2-L00937,1,E2,04 — 🏋🏽‍♂️  Nabuco - Economia - TPS (2024-2025) / Lista de Exercícios - 01/07/20,26,📈 Demanda efetiva e cruz keynesiana,C/E,Nabuco,Pré-TPS/2024,2024,False,False,ERRADO,Keynes: desemprego por insuficiência de demanda efetiva,,nenhuma,,
ECO-E2-L00938-1,E2-L00938,1,E2,04 — 🏋🏽‍♂️  Nabuco - Economia - TPS (2024-2025) / Lista de Exercícios - 01/07/20,25,⚙️ Modelo clássico,C/E,Nabuco,Pré-TPS/2024,2024,False,False,ERRADO,clássicos: juros reais por fundos emprestáveis (poupança-investimento),,nenhuma,,
ECO-E2-L00939-1,E2-L00939,1,E2,04 — 🏋🏽‍♂️  Nabuco - Economia - TPS (2024-2025) / Lista de Exercícios - 01/07/20,27,🏦 Política fiscal e monetária,C/E,Nabuco,Pré-TPS/2024,2024,False,False,ERRADO,aumento de impostos no IS-LM: queda de juros não compensa,,nenhuma,,
ECO-E2-L00940-1,E2-L00940,1,E2,04 — 🏋🏽‍♂️  Nabuco - Economia - TPS (2024-2025) / Lista de Exercícios - 01/07/20,27,🏦 Política fiscal e monetária,C/E,Nabuco,Pré-TPS/2024,2024,False,False,ERRADO,monetária expansiva: IS não se desloca com juros,,nenhuma,,
ECO-E2-L00946-1,E2-L00946,1,E2,04 — 🏋🏽‍♂️  Nabuco - Economia - TPS (2024-2025) / Lista de Exercícios - 24/06/20,19,💰 Resultados fiscais (NFSP),C/E,Nabuco,Pré-TPS/2024,2024,False,False,ERRADO,"acima da linha = receitas − despesas, não variação da dívida",,nenhuma,,
ECO-E2-L00947-1,E2-L00947,1,E2,04 — 🏋🏽‍♂️  Nabuco - Economia - TPS (2024-2025) / Lista de Exercícios - 24/06/20,19,💰 Resultados fiscais (NFSP),C/E,Nabuco,Pré-TPS/2024,2024,False,False,ERRADO,"inflação nula: operacional = nominal, não primário",,nenhuma,,
ECO-E2-L00948-1,E2-L00948,1,E2,04 — 🏋🏽‍♂️  Nabuco - Economia - TPS (2024-2025) / Lista de Exercícios - 24/06/20,19,💰 Resultados fiscais (NFSP),C/E,Nabuco,Pré-TPS/2024,2024,False,False,ERRADO,"nominal − primário = juros nominais, não inflação",,nenhuma,,
ECO-E2-L00949-1,E2-L00949,1,E2,04 — 🏋🏽‍♂️  Nabuco - Economia - TPS (2024-2025) / Lista de Exercícios - 24/06/20,19,💰 Resultados fiscais (NFSP),C/E,Nabuco,Pré-TPS/2024,2024,False,False,CERTO,inflação nula: NFSP operacional igual à nominal,,nenhuma,,
ECO-E2-L00950-1,E2-L00950,1,E2,04 — 🏋🏽‍♂️  Nabuco - Economia - TPS (2024-2025) / Lista de Exercícios - 24/06/20,36,🛠️ Instrumentos de política monetária,C/E,Nabuco,Pré-TPS/2024,2024,False,False,CERTO,depósitos voluntários remunerados no Bacen e dívida bruta,,nenhuma,,
ECO-E2-L00951-1,E2-L00951,1,E2,04 — 🏋🏽‍♂️  Nabuco - Economia - TPS (2024-2025) / Lista de Exercícios - 24/06/20,35,🏦 Criação de moeda e multiplicador,C/E,Nabuco,Pré-TPS/2024,2024,False,False,ERRADO,multiplicador monetário = M1/base monetária,,nenhuma,,
ECO-E2-L00952-1,E2-L00952,1,E2,04 — 🏋🏽‍♂️  Nabuco - Economia - TPS (2024-2025) / Lista de Exercícios - 24/06/20,35,🏦 Criação de moeda e multiplicador,C/E,Nabuco,Pré-TPS/2024,2024,False,False,CERTO,mais depósitos e menos reservas elevam multiplicador,,nenhuma,,
ECO-E2-L00953-1,E2-L00953,1,E2,04 — 🏋🏽‍♂️  Nabuco - Economia - TPS (2024-2025) / Lista de Exercícios - 24/06/20,35,🏦 Criação de moeda e multiplicador,C/E,Nabuco,Pré-TPS/2024,2024,False,False,ERRADO,saque para pagar salários não cria meios de pagamento,,nenhuma,,
ECO-E2-L00954-1,E2-L00954,1,E2,04 — 🏋🏽‍♂️  Nabuco - Economia - TPS (2024-2025) / Lista de Exercícios - 24/06/20,18,🏗️ Estrutura do BP (BPM6),C/E,Nabuco,Pré-TPS/2024,2024,False,False,ERRADO,"investimentos diretos, carteira, derivativos = conta financeira",,nenhuma,,
ECO-E2-L00955-1,E2-L00955,1,E2,04 — 🏋🏽‍♂️  Nabuco - Economia - TPS (2024-2025) / Lista de Exercícios - 24/06/20,18,✍️ Lançamentos,C/E,Nabuco,Pré-TPS/2024,2024,False,False,ERRADO,BPM6: empréstimo de subsidiária à matriz (operações intercompanhia),,nenhuma,,
ECO-E2-L00956-1,E2-L00956,1,E2,04 — 🏋🏽‍♂️  Nabuco - Economia - TPS (2024-2025) / Lista de Exercícios - 24/06/20,17,"📏 PIB, PNB, RNB e conceitos derivados",C/E,Nabuco,Pré-TPS/2024,2024,False,False,CERTO,renda enviada torna PNB inferior ao PIB (cálculo com transações),,nenhuma,,
ECO-E2-L00957-1,E2-L00957,1,E2,04 — 🏋🏽‍♂️  Nabuco - Economia - TPS (2024-2025) / Lista de Exercícios - 24/06/20,68,🧂 Poupança externa,C/E,Nabuco,Pré-TPS/2024,2024,False,False,CERTO,déficit em TC indica uso de poupança externa (cálculo),,nenhuma,,
ECO-E2-L00967-1,E2-L00967,1,E2,05 — 🏋🏽‍♂️  Nabuco - Economia - TPS (2023-2022) / Lista de Exercícios - 21/08/20,73,⛵ Vantagens absolutas e comparativas,C/E,Nabuco,Pré-TPS/2023,2023,False,False,CERTO,vantagem comparativa: ganhos mútuos mesmo com vantagem absoluta,,transcrita_insuficiente,,tabela de produtividades da frente não transcrita; verso dá os números
ECO-E2-L00968-1,E2-L00968,1,E2,05 — 🏋🏽‍♂️  Nabuco - Economia - TPS (2023-2022) / Lista de Exercícios - 21/08/20,73,⛵ Vantagens absolutas e comparativas,C/E,Nabuco,Pré-TPS/2023,2023,False,False,ERRADO,ganhos do comércio independem do tamanho do país,,transcrita_insuficiente,,tabela da frente não transcrita
ECO-E2-L00969-1,E2-L00969,1,E2,05 — 🏋🏽‍♂️  Nabuco - Economia - TPS (2023-2022) / Lista de Exercícios - 21/08/20,73,⛵ Vantagens absolutas e comparativas,C/E,Nabuco,Pré-TPS/2023,2023,False,False,ERRADO,produtividades relativas iguais: sem vantagem comparativa,,transcrita_insuficiente,,tabela da frente não transcrita; verso dá os números
ECO-E2-L00970-1,E2-L00970,1,E2,05 — 🏋🏽‍♂️  Nabuco - Economia - TPS (2023-2022) / Lista de Exercícios - 21/08/20,73,⛵ Vantagens absolutas e comparativas,C/E,Nabuco,Pré-TPS/2023,2023,False,False,CERTO,sem base para comércio com produtividades relativas iguais,,transcrita_insuficiente,,tabela da frente não transcrita; verso dá os números
ECO-E2-L00971-1,E2-L00971,1,E2,05 — 🏋🏽‍♂️  Nabuco - Economia - TPS (2023-2022) / Lista de Exercícios - 21/08/20,12,🌫️ Externalidades e Coase,C/E,Nabuco,Pré-TPS/2023,2023,False,False,ERRADO,externalidade negativa: CMgS maior que CMgP,,nenhuma,,
ECO-E2-L00972-1,E2-L00972,1,E2,05 — 🏋🏽‍♂️  Nabuco - Economia - TPS (2023-2022) / Lista de Exercícios - 21/08/20,02,⏳ Determinantes e prazos,C/E,Nabuco,Pré-TPS/2023,2023,False,False,CERTO,demanda mais elástica no longo prazo,,nenhuma,,
ECO-E2-L00973-1,E2-L00973,1,E2,05 — 🏋🏽‍♂️  Nabuco - Economia - TPS (2023-2022) / Lista de Exercícios - 21/08/20,01,⚖️ Equilíbrio e estática comparativa,C/E,Nabuco,Pré-TPS/2023,2023,False,False,ERRADO,queda de renda em bem inferior aumenta preço e quantidade,,nenhuma,,
ECO-E2-L00974-1,E2-L00974,1,E2,05 — 🏋🏽‍♂️  Nabuco - Economia - TPS (2023-2022) / Lista de Exercícios - 21/08/20,73,🧪 Heckscher-Ohlin e teoremas,C/E,Nabuco,Pré-TPS/2023,2023,False,False,ERRADO,Stolper-Samuelson: liberalização eleva remuneração do fator abundante,,nenhuma,,
ECO-E2-L00975-1,E2-L00975,1,E2,05 — 🏋🏽‍♂️  Nabuco - Economia - TPS (2023-2022) / Lista de Exercícios - 21/08/20,17,"📏 PIB, PNB, RNB e conceitos derivados",C/E,Nabuco,Pré-TPS/2023,2023,False,False,ERRADO,PNB pode ser maior que PIB,,nenhuma,,
ECO-E2-L00976-1,E2-L00976,1,E2,05 — 🏋🏽‍♂️  Nabuco - Economia - TPS (2023-2022) / Lista de Exercícios - 21/08/20,17,"📏 PIB, PNB, RNB e conceitos derivados",C/E,Nabuco,Pré-TPS/2023,2023,False,False,CERTO,"PIB: bens finais a preços de mercado, fluxo e não riqueza",,nenhuma,,
ECO-E2-L00977-1,E2-L00977,1,E2,05 — 🏋🏽‍♂️  Nabuco - Economia - TPS (2023-2022) / Lista de Exercícios - 21/08/20,19,💰 Resultados fiscais (NFSP),C/E,Nabuco,Pré-TPS/2023,2023,False,False,CERTO,NFSP primária = nominal menos juros nominais líquidos,,nenhuma,,
ECO-E2-L00978-1,E2-L00978,1,E2,05 — 🏋🏽‍♂️  Nabuco - Economia - TPS (2023-2022) / Lista de Exercícios - 21/08/20,70,🔒 Câmbio fixo,C/E,Nabuco,Pré-TPS/2023,2023,False,False,?,"mobilidade imperfeita, câmbio fixo: eficácia monetária e fiscal",,nenhuma,,verso só traz imagem-resumo; gabarito não explícito
ECO-E2-L00984-1,E2-L00984,1,E2,05 — 🏋🏽‍♂️  Nabuco - Economia - TPS (2023-2022) / Lista de Exercícios - 15/08/20,TRIAGEM,HECON,C/E,Nabuco,Pré-TPS/2023,2023,False,False,CERTO,"reformas financeiras do PAEG (Castelo Branco, 1964)",,nenhuma,história econômica do Brasil,
ECO-E2-L00985-1,E2-L00985,1,E2,05 — 🏋🏽‍♂️  Nabuco - Economia - TPS (2023-2022) / Lista de Exercícios - 15/08/20,TRIAGEM,HECON,C/E,Nabuco,Pré-TPS/2023,2023,False,False,CERTO,Plano de Metas financiado por fundos vinculados,,nenhuma,história econômica do Brasil,
ECO-E2-L00986-1,E2-L00986,1,E2,05 — 🏋🏽‍♂️  Nabuco - Economia - TPS (2023-2022) / Lista de Exercícios - 15/08/20,TRIAGEM,HECON,C/E,Nabuco,Pré-TPS/2023,2023,False,False,CERTO,II PND: substituição de importações e novas exportações,,nenhuma,história econômica do Brasil,
ECO-E2-L00987-1,E2-L00987,1,E2,05 — 🏋🏽‍♂️  Nabuco - Economia - TPS (2023-2022) / Lista de Exercícios - 15/08/20,TRIAGEM,HECON,C/E,Nabuco,Pré-TPS/2023,2023,False,False,ERRADO,"SUDENE criada no governo JK, não no 2º Vargas",,nenhuma,história econômica do Brasil,
ECO-E2-L00988-1,E2-L00988,1,E2,05 — 🏋🏽‍♂️  Nabuco - Economia - TPS (2023-2022) / Lista de Exercícios - 15/08/20,35,🏦 Criação de moeda e multiplicador,C/E,Nabuco,Pré-TPS/2023,2023,False,False,ERRADO,saque para pagar salários não cria meios de pagamento,,nenhuma,,
ECO-E2-L00989-1,E2-L00989,1,E2,05 — 🏋🏽‍♂️  Nabuco - Economia - TPS (2023-2022) / Lista de Exercícios - 15/08/20,35,🪙 Funções e agregados monetários,C/E,Nabuco,Pré-TPS/2023,2023,False,False,ERRADO,M3 inclui operações compromissadas registradas no Selic,,nenhuma,,
ECO-E2-L00990-1,E2-L00990,1,E2,05 — 🏋🏽‍♂️  Nabuco - Economia - TPS (2023-2022) / Lista de Exercícios - 15/08/20,36,🛠️ Instrumentos de política monetária,C/E,Nabuco,Pré-TPS/2023,2023,False,False,CERTO,compra de títulos no mercado aberto aumenta base monetária,,nenhuma,,
ECO-E2-L00991-1,E2-L00991,1,E2,05 — 🏋🏽‍♂️  Nabuco - Economia - TPS (2023-2022) / Lista de Exercícios - 15/08/20,35,🏦 Criação de moeda e multiplicador,C/E,Nabuco,Pré-TPS/2023,2023,False,False,ERRADO,"sem papel-moeda com o público, multiplicador = 1/R",,nenhuma,,
ECO-E2-L00992-1,E2-L00992,1,E2,05 — 🏋🏽‍♂️  Nabuco - Economia - TPS (2023-2022) / Lista de Exercícios - 15/08/20,04,🎯 Utilidade e curvas de indiferença,C/E,Nabuco,Pré-TPS/2023,2023,False,False,CERTO,TMS decrescente em preferências bem comportadas,,nenhuma,,
ECO-E2-L00993-1,E2-L00993,1,E2,05 — 🏋🏽‍♂️  Nabuco - Economia - TPS (2023-2022) / Lista de Exercícios - 15/08/20,08,🎟️ Discriminação de preços,C/E,Nabuco,Pré-TPS/2023,2023,False,False,CERTO,discriminação de 1º grau eficiente; 3º grau por características observáveis,,nenhuma,,
ECO-E2-L00994-1,E2-L00994,1,E2,05 — 🏋🏽‍♂️  Nabuco - Economia - TPS (2023-2022) / Lista de Exercícios - 15/08/20,10,📏 Concentração e outras teorias,C/E,Nabuco,Pré-TPS/2023,2023,False,False,ERRADO,mercados contestáveis: baixa barreira à entrada dispensa regulação,,nenhuma,,
ECO-E2-L00995-1,E2-L00995,1,E2,05 — 🏋🏽‍♂️  Nabuco - Economia - TPS (2023-2022) / Lista de Exercícios - 15/08/20,08,🏛️ Monopólio natural e regulação,C/E,Nabuco,Pré-TPS/2023,2023,False,False,CERTO,monopólio natural: produção competitiva não é lucrativa,,nenhuma,,
ECO-E2-L01001-1,E2-L01001,1,E2,05 — 🏋🏽‍♂️  Nabuco - Economia - TPS (2023-2022) / Lista de Exercícios - 07/08/20,55,🛒 Teorias do consumo,C/E,Nabuco,Pré-TPS/2023,2023,False,False,ERRADO,renda permanente: consumo não acompanha choques transitórios,,nenhuma,,
ECO-E2-L01002-1,E2-L01002,1,E2,05 — 🏋🏽‍♂️  Nabuco - Economia - TPS (2023-2022) / Lista de Exercícios - 07/08/20,55,🛒 Teorias do consumo,C/E,Nabuco,Pré-TPS/2023,2023,False,False,ERRADO,ciclo de vida: transferência de jovens para velhos reduz poupança,,nenhuma,,
ECO-E2-L01003-1,E2-L01003,1,E2,05 — 🏋🏽‍♂️  Nabuco - Economia - TPS (2023-2022) / Lista de Exercícios - 07/08/20,55,🛒 Teorias do consumo,C/E,Nabuco,Pré-TPS/2023,2023,False,False,ERRADO,ciclo de vida: taxa de poupança varia ao longo da vida,,nenhuma,,
ECO-E2-L01004-1,E2-L01004,1,E2,05 — 🏋🏽‍♂️  Nabuco - Economia - TPS (2023-2022) / Lista de Exercícios - 07/08/20,55,🏗️ Teorias do investimento,C/E,Nabuco,Pré-TPS/2023,2023,False,False,CERTO,q de Tobin: valor de mercado sobre custo de reposição,,nenhuma,,
ECO-E2-L01005-1,E2-L01005,1,E2,05 — 🏋🏽‍♂️  Nabuco - Economia - TPS (2023-2022) / Lista de Exercícios - 07/08/20,30,🗣️ Debate contemporâneo,C/E,Nabuco,Pré-TPS/2023,2023,False,False,ERRADO,"novos clássicos: preços flexíveis, moeda neutra",,nenhuma,,
ECO-E2-L01006-1,E2-L01006,1,E2,05 — 🏋🏽‍♂️  Nabuco - Economia - TPS (2023-2022) / Lista de Exercícios - 07/08/20,28,🏭 Oferta agregada e choques,C/E,Nabuco,Pré-TPS/2023,2023,False,False,CERTO,oferta agregada de Lucas: informação imperfeita sobre preços,,nenhuma,,
ECO-E2-L01007-1,E2-L01007,1,E2,05 — 🏋🏽‍♂️  Nabuco - Economia - TPS (2023-2022) / Lista de Exercícios - 07/08/20,29,📉 Phillips original e aceleracionista,C/E,Nabuco,Pré-TPS/2023,2023,False,False,ERRADO,Phillips aceleracionista: desemprego acima da natural reduz inflação,,nenhuma,,
ECO-E2-L01008-1,E2-L01008,1,E2,05 — 🏋🏽‍♂️  Nabuco - Economia - TPS (2023-2022) / Lista de Exercícios - 07/08/20,35,📊 Demanda por moeda,C/E,Nabuco,Pré-TPS/2023,2023,False,False,ERRADO,"Keynes: juros pela preferência pela liquidez, não poupança-investimento",,nenhuma,,
ECO-E2-L01009-1,E2-L01009,1,E2,05 — 🏋🏽‍♂️  Nabuco - Economia - TPS (2023-2022) / Lista de Exercícios - 07/08/20,12,🏞️ Bens públicos e comuns,C/E,Nabuco,Pré-TPS/2023,2023,False,False,CERTO,"cobrança de entrada torna parque bem de clube (excludente, não rival)",,nenhuma,,
ECO-E2-L01010-1,E2-L01010,1,E2,05 — 🏋🏽‍♂️  Nabuco - Economia - TPS (2023-2022) / Lista de Exercícios - 07/08/20,04,🎯 Utilidade e curvas de indiferença,C/E,Nabuco,Pré-TPS/2023,2023,False,False,ERRADO,curvas em L representam complementares perfeitos,,nenhuma,,
ECO-E2-L01011-1,E2-L01011,1,E2,05 — 🏋🏽‍♂️  Nabuco - Economia - TPS (2023-2022) / Lista de Exercícios - 07/08/20,12,🏞️ Bens públicos e comuns,C/E,Nabuco,Pré-TPS/2023,2023,False,False,CERTO,tragédia dos comuns como externalidade,,nenhuma,,
ECO-E2-L01012-1,E2-L01012,1,E2,05 — 🏋🏽‍♂️  Nabuco - Economia - TPS (2023-2022) / Lista de Exercícios - 07/08/20,04,⚖️ Escolha ótima do consumidor,C/E,Nabuco,Pré-TPS/2023,2023,False,False,ERRADO,TMS = razão de preços só em preferências bem comportadas,,nenhuma,,
ECO-E2-L01018-1,E2-L01018,1,E2,05 — 🏋🏽‍♂️  Nabuco - Economia - TPS (2023-2022) / Lista de Exercícios - 31/07/20,08,"📊 Markup, elasticidade e poder de mercado",C/E,Nabuco,Pré-TPS/2023,2023,False,False,CERTO,índice de Lerner maior com demanda menos elástica,,nenhuma,,
ECO-E2-L01019-1,E2-L01019,1,E2,05 — 🏋🏽‍♂️  Nabuco - Economia - TPS (2023-2022) / Lista de Exercícios - 31/07/20,08,🏛️ Monopólio natural e regulação,C/E,Nabuco,Pré-TPS/2023,2023,False,False,ERRADO,monopólio natural: P = CMg gera prejuízo,,nenhuma,,
ECO-E2-L01020-1,E2-L01020,1,E2,05 — 🏋🏽‍♂️  Nabuco - Economia - TPS (2023-2022) / Lista de Exercícios - 31/07/20,08,👑 Equilíbrio do monopólio,C/E,Nabuco,Pré-TPS/2023,2023,False,False,ERRADO,monopólio RMg = CMg gera peso morto,,nenhuma,,
ECO-E2-L01021-1,E2-L01021,1,E2,05 — 🏋🏽‍♂️  Nabuco - Economia - TPS (2023-2022) / Lista de Exercícios - 31/07/20,08,🎟️ Discriminação de preços,C/E,Nabuco,Pré-TPS/2023,2023,False,False,ERRADO,discriminação de preços: efeito ambíguo sobre consumidores,,nenhuma,,
ECO-E2-L01022-1,E2-L01022,1,E2,05 — 🏋🏽‍♂️  Nabuco - Economia - TPS (2023-2022) / Lista de Exercícios - 31/07/20,73,🧪 Heckscher-Ohlin e teoremas,C/E,Nabuco,Pré-TPS/2023,2023,False,False,ERRADO,H-O: tecnologia e preferências idênticas; Ricardo difere tecnologia,,nenhuma,,
ECO-E2-L01023-1,E2-L01023,1,E2,05 — 🏋🏽‍♂️  Nabuco - Economia - TPS (2023-2022) / Lista de Exercícios - 31/07/20,73,🧪 Heckscher-Ohlin e teoremas,C/E,Nabuco,Pré-TPS/2023,2023,False,False,CERTO,"Ricardo e H-O: concorrência perfeita, retornos constantes, vantagem comparativa",,nenhuma,,
ECO-E2-L01024-1,E2-L01024,1,E2,05 — 🏋🏽‍♂️  Nabuco - Economia - TPS (2023-2022) / Lista de Exercícios - 31/07/20,70,🌊 Câmbio flutuante,C/E,Nabuco,Pré-TPS/2023,2023,False,False,CERTO,"fiscal expansiva câmbio flexível: produto inalterado, NX caem",,nenhuma,,
ECO-E2-L01025-1,E2-L01025,1,E2,05 — 🏋🏽‍♂️  Nabuco - Economia - TPS (2023-2022) / Lista de Exercícios - 31/07/20,70,🌊 Câmbio flutuante,C/E,Nabuco,Pré-TPS/2023,2023,False,False,ERRADO,monetária contracionista câmbio flutuante reduz exportações líquidas,,nenhuma,,
ECO-E2-L01026-1,E2-L01026,1,E2,05 — 🏋🏽‍♂️  Nabuco - Economia - TPS (2023-2022) / Lista de Exercícios - 31/07/20,56,"👥 População, tecnologia e convergência",C/E,Nabuco,Pré-TPS/2023,2023,False,False,CERTO,aumento de n eleva crescimento do produto e reduz k*,,nenhuma,,
ECO-E2-L01027-1,E2-L01027,1,E2,05 — 🏋🏽‍♂️  Nabuco - Economia - TPS (2023-2022) / Lista de Exercícios - 31/07/20,27,🕳️ Casos extremos,C/E,Nabuco,Pré-TPS/2023,2023,False,False,CERTO,armadilha da liquidez: monetária perde canal dos juros,,nenhuma,,
ECO-E2-L01028-1,E2-L01028,1,E2,05 — 🏋🏽‍♂️  Nabuco - Economia - TPS (2023-2022) / Lista de Exercícios - 31/07/20,50,🧱 Regras fiscais: teto e arcabouço,C/E,Nabuco,Pré-TPS/2023,2023,False,False,ERRADO,"teto de gastos: premissa de despesa primária crescente, não contracíclica",,nenhuma,,
ECO-E2-L01029-1,E2-L01029,1,E2,05 — 🏋🏽‍♂️  Nabuco - Economia - TPS (2023-2022) / Lista de Exercícios - 31/07/20,19,💰 Resultados fiscais (NFSP),C/E,Nabuco,Pré-TPS/2023,2023,False,False,CERTO,inflação alta: NFSP nominal superestima desequilíbrio,,nenhuma,,
ECO-E2-L01035-1,E2-L01035,1,E2,05 — 🏋🏽‍♂️  Nabuco - Economia - TPS (2023-2022) / Lista de Exercícios - 24/07/20,01,⚖️ Equilíbrio e estática comparativa,C/E,Nabuco,Pré-TPS/2023,2023,False,False,CERTO,equilíbrio de mercado com demanda e oferta lineares (cálculo),,transcrita_ok,,
ECO-E2-L01036-1,E2-L01036,1,E2,05 — 🏋🏽‍♂️  Nabuco - Economia - TPS (2023-2022) / Lista de Exercícios - 24/07/20,03,😊 Excedentes e eficiência,C/E,Nabuco,Pré-TPS/2023,2023,False,False,CERTO,excedente do consumidor (cálculo),,transcrita_ok,,
ECO-E2-L01037-1,E2-L01037,1,E2,05 — 🏋🏽‍♂️  Nabuco - Economia - TPS (2023-2022) / Lista de Exercícios - 24/07/20,03,🚧 Preços máximos e mínimos,C/E,Nabuco,Pré-TPS/2023,2023,False,False,ERRADO,preço máximo abaixo do equilíbrio gera excesso de demanda,,transcrita_ok,,
ECO-E2-L01038-1,E2-L01038,1,E2,05 — 🏋🏽‍♂️  Nabuco - Economia - TPS (2023-2022) / Lista de Exercícios - 24/07/20,03,💸 Tributos: incidência e peso morto,C/E,Nabuco,Pré-TPS/2023,2023,False,False,ERRADO,incidência de imposto específico repartida (cálculo),,nenhuma,,
ECO-E2-L01039-1,E2-L01039,1,E2,05 — 🏋🏽‍♂️  Nabuco - Economia - TPS (2023-2022) / Lista de Exercícios - 24/07/20,38,🎯 Metas de inflação e regras,C/E,Nabuco,Pré-TPS/2023,2023,False,False,ERRADO,"meta de inflação definida pelo CMN, não pelo Copom",,nenhuma,,
ECO-E2-L01040-1,E2-L01040,1,E2,05 — 🏋🏽‍♂️  Nabuco - Economia - TPS (2023-2022) / Lista de Exercícios - 24/07/20,38,🎯 Metas de inflação e regras,C/E,Nabuco,Pré-TPS/2023,2023,False,False,ERRADO,instrumento das metas: Selic; open market só operacional,,nenhuma,,
ECO-E2-L01041-1,E2-L01041,1,E2,05 — 🏋🏽‍♂️  Nabuco - Economia - TPS (2023-2022) / Lista de Exercícios - 24/07/20,47,🔮 Equivalência ricardiana,C/E,Nabuco,Pré-TPS/2023,2023,False,False,ERRADO,equivalência ricardiana: corte de impostos não altera consumo,,nenhuma,,
ECO-E2-L01042-1,E2-L01042,1,E2,05 — 🏋🏽‍♂️  Nabuco - Economia - TPS (2023-2022) / Lista de Exercícios - 24/07/20,48,🧮 Financiamento e sustentabilidade,C/E,Nabuco,Pré-TPS/2023,2023,False,False,CERTO,primário nulo e r > g: dívida/PIB cresce,,nenhuma,,
ECO-E2-L01043-1,E2-L01043,1,E2,05 — 🏋🏽‍♂️  Nabuco - Economia - TPS (2023-2022) / Lista de Exercícios - 24/07/20,66,📏 Câmbio nominal × real e PPC,C/E,Nabuco,Pré-TPS/2023,2023,False,False,ERRADO,PPC compatível com câmbio real constante,,nenhuma,,
ECO-E2-L01044-1,E2-L01044,1,E2,05 — 🏋🏽‍♂️  Nabuco - Economia - TPS (2023-2022) / Lista de Exercícios - 24/07/20,69,🔗 Paridades e repasse cambial,C/E,Nabuco,Pré-TPS/2023,2023,False,False,CERTO,paridade descoberta: alta de juros aprecia câmbio,,nenhuma,,
ECO-E2-L01045-1,E2-L01045,1,E2,05 — 🏋🏽‍♂️  Nabuco - Economia - TPS (2023-2022) / Lista de Exercícios - 24/07/20,66,📏 Câmbio nominal × real e PPC,C/E,Nabuco,Pré-TPS/2023,2023,False,False,ERRADO,PPC relativa: câmbio nominal varia +4% com diferencial de inflação,E2-L00487,nenhuma,,
ECO-E2-L01046-1,E2-L01046,1,E2,05 — 🏋🏽‍♂️  Nabuco - Economia - TPS (2023-2022) / Lista de Exercícios - 24/07/20,70,🌊 Câmbio flutuante,C/E,Nabuco,Pré-TPS/2023,2023,False,False,ERRADO,tarifa em câmbio flutuante: apreciação anula efeito sobre renda e NX,,nenhuma,,
ECO-E2-L01052-1,E2-L01052,1,E2,05 — 🏋🏽‍♂️  Nabuco - Economia - TPS (2023-2022) / Lista de Exercícios - 17/07/20,TRIAGEM,HECON,C/E,Nabuco,Pré-TPS/2023,2023,False,False,CERTO,Plano Real: etapas e Plano de Ação Imediata,,nenhuma,história econômica do Brasil,
ECO-E2-L01053-1,E2-L01053,1,E2,05 — 🏋🏽‍♂️  Nabuco - Economia - TPS (2023-2022) / Lista de Exercícios - 17/07/20,TRIAGEM,HECON,C/E,Nabuco,Pré-TPS/2023,2023,False,False,CERTO,Fundo Social de Emergência no Plano Real,,nenhuma,história econômica do Brasil,
ECO-E2-L01054-1,E2-L01054,1,E2,05 — 🏋🏽‍♂️  Nabuco - Economia - TPS (2023-2022) / Lista de Exercícios - 17/07/20,TRIAGEM,HECON,C/E,Nabuco,Pré-TPS/2023,2023,False,False,ERRADO,Plano Real 1994-98: sem melhora fiscal nem externa,,nenhuma,história econômica do Brasil,
ECO-E2-L01055-1,E2-L01055,1,E2,05 — 🏋🏽‍♂️  Nabuco - Economia - TPS (2023-2022) / Lista de Exercícios - 17/07/20,TRIAGEM,HECON,C/E,Nabuco,Pré-TPS/2023,2023,False,False,ERRADO,Plano Real não adotou câmbio fixo formal,,nenhuma,história econômica do Brasil,
ECO-E2-L01056-1,E2-L01056,1,E2,05 — 🏋🏽‍♂️  Nabuco - Economia - TPS (2023-2022) / Lista de Exercícios - 17/07/20,56,⚙️ Estado estacionário,C/E,Nabuco,Pré-TPS/2023,2023,False,False,ERRADO,k acima do estacionário: investimento abaixo da depreciação efetiva,,nenhuma,,
ECO-E2-L01057-1,E2-L01057,1,E2,05 — 🏋🏽‍♂️  Nabuco - Economia - TPS (2023-2022) / Lista de Exercícios - 17/07/20,56,"👥 População, tecnologia e convergência",C/E,Nabuco,Pré-TPS/2023,2023,False,False,ERRADO,crescimento populacional não eleva crescimento per capita,,nenhuma,,
ECO-E2-L01058-1,E2-L01058,1,E2,05 — 🏋🏽‍♂️  Nabuco - Economia - TPS (2023-2022) / Lista de Exercícios - 17/07/20,57,💡 Teorias do crescimento,C/E,Nabuco,Pré-TPS/2023,2023,False,False,CERTO,Harrod-Domar: instabilidade no fio da navalha,,nenhuma,,
ECO-E2-L01059-1,E2-L01059,1,E2,05 — 🏋🏽‍♂️  Nabuco - Economia - TPS (2023-2022) / Lista de Exercícios - 17/07/20,57,💡 Teorias do crescimento,C/E,Nabuco,Pré-TPS/2023,2023,False,False,ERRADO,modelo AK: poupança altera permanentemente a taxa de crescimento,,nenhuma,,
ECO-E2-L01060-1,E2-L01060,1,E2,05 — 🏋🏽‍♂️  Nabuco - Economia - TPS (2023-2022) / Lista de Exercícios - 17/07/20,17,🧾 SCN e tabelas,C/E,Nabuco,Pré-TPS/2023,2023,False,False,ERRADO,"CEI: renda nacional bruta é saldo, não conta",,nenhuma,,
ECO-E2-L01061-1,E2-L01061,1,E2,05 — 🏋🏽‍♂️  Nabuco - Economia - TPS (2023-2022) / Lista de Exercícios - 17/07/20,17,🧾 SCN e tabelas,C/E,Nabuco,Pré-TPS/2023,2023,False,False,CERTO,"conta de bens e serviços: recursos à esquerda, usos à direita",,nenhuma,,
ECO-E2-L01062-1,E2-L01062,1,E2,05 — 🏋🏽‍♂️  Nabuco - Economia - TPS (2023-2022) / Lista de Exercícios - 17/07/20,18,🏗️ Estrutura do BP (BPM6),C/E,Nabuco,Pré-TPS/2023,2023,False,False,CERTO,BPM6: erros e omissões = CF − TC − conta capital,,nenhuma,,
ECO-E2-L01063-1,E2-L01063,1,E2,05 — 🏋🏽‍♂️  Nabuco - Economia - TPS (2023-2022) / Lista de Exercícios - 17/07/20,18,✍️ Lançamentos,C/E,Nabuco,Pré-TPS/2023,2023,False,False,CERTO,BPM6: critério de ativos e passivos nas operações intercompanhia,,nenhuma,,
ECO-E2-L01069-1,E2-L01069,1,E2,05 — 🏋🏽‍♂️  Nabuco - Economia - TPS (2023-2022) / Lista de Exercícios - 10/07/20,TRIAGEM,HECON,C/E,Nabuco,Pré-TPS/2023,2023,False,False,ERRADO,pré-fixação das correções em 1980 fracassou contra inflação,,nenhuma,história econômica do Brasil,
ECO-E2-L01070-1,E2-L01070,1,E2,05 — 🏋🏽‍♂️  Nabuco - Economia - TPS (2023-2022) / Lista de Exercícios - 10/07/20,TRIAGEM,HECON,C/E,Nabuco,Pré-TPS/2023,2023,False,False,CERTO,desvalorizações 1979-83 e ajuste do BP,,nenhuma,história econômica do Brasil,
ECO-E2-L01071-1,E2-L01071,1,E2,05 — 🏋🏽‍♂️  Nabuco - Economia - TPS (2023-2022) / Lista de Exercícios - 10/07/20,TRIAGEM,HECON,C/E,Nabuco,Pré-TPS/2023,2023,False,False,CERTO,II PND e exportações de manufaturados no ajuste externo,,nenhuma,história econômica do Brasil,
ECO-E2-L01072-1,E2-L01072,1,E2,05 — 🏋🏽‍♂️  Nabuco - Economia - TPS (2023-2022) / Lista de Exercícios - 10/07/20,TRIAGEM,HECON,C/E,Nabuco,Pré-TPS/2023,2023,False,False,CERTO,ajuste ortodoxo estabilizou BP no início dos anos 1980,,nenhuma,história econômica do Brasil,
ECO-E2-L01073-1,E2-L01073,1,E2,05 — 🏋🏽‍♂️  Nabuco - Economia - TPS (2023-2022) / Lista de Exercícios - 10/07/20,TRIAGEM,HECON,C/E,Nabuco,Pré-TPS/2023,2023,False,False,CERTO,déficit em TC dos anos 1980 e juros Volcker,,nenhuma,história econômica do Brasil,
ECO-E2-L01074-1,E2-L01074,1,E2,05 — 🏋🏽‍♂️  Nabuco - Economia - TPS (2023-2022) / Lista de Exercícios - 10/07/20,TRIAGEM,HECON,C/E,Nabuco,Pré-TPS/2023,2023,False,False,CERTO,estatização da dívida externa nos anos 1980,,nenhuma,história econômica do Brasil,
ECO-E2-L01075-1,E2-L01075,1,E2,05 — 🏋🏽‍♂️  Nabuco - Economia - TPS (2023-2022) / Lista de Exercícios - 10/07/20,TRIAGEM,HECON,C/E,Nabuco,Pré-TPS/2023,2023,False,False,ERRADO,efeito Tanzi às avessas no Plano Real,,nenhuma,história econômica do Brasil,
ECO-E2-L01076-1,E2-L01076,1,E2,05 — 🏋🏽‍♂️  Nabuco - Economia - TPS (2023-2022) / Lista de Exercícios - 10/07/20,TRIAGEM,HECON,C/E,Nabuco,Pré-TPS/2023,2023,False,False,ERRADO,déficit operacional subiu até 1998,,nenhuma,história econômica do Brasil,
ECO-E2-L01077-1,E2-L01077,1,E2,05 — 🏋🏽‍♂️  Nabuco - Economia - TPS (2023-2022) / Lista de Exercícios - 10/07/20,TRIAGEM,HECON,C/E,Nabuco,Pré-TPS/2023,2023,False,False,ERRADO,Plano Collor: corte de liquidez drástico,,nenhuma,história econômica do Brasil,
ECO-E2-L01078-1,E2-L01078,1,E2,05 — 🏋🏽‍♂️  Nabuco - Economia - TPS (2023-2022) / Lista de Exercícios - 10/07/20,TRIAGEM,HECON,C/E,Nabuco,Pré-TPS/2023,2023,False,False,CERTO,Plano Bresser: elementos heterodoxos e ortodoxos,,nenhuma,história econômica do Brasil,
ECO-E2-L01079-1,E2-L01079,1,E2,05 — 🏋🏽‍♂️  Nabuco - Economia - TPS (2023-2022) / Lista de Exercícios - 10/07/20,TRIAGEM,HECON,C/E,Nabuco,Pré-TPS/2023,2023,False,False,CERTO,"planos de congelamento: diferenças entre Cruzado, Bresser, Verão, Collor",,nenhuma,história econômica do Brasil,
ECO-E2-L01080-1,E2-L01080,1,E2,05 — 🏋🏽‍♂️  Nabuco - Economia - TPS (2023-2022) / Lista de Exercícios - 10/07/20,TRIAGEM,HECON,C/E,Nabuco,Pré-TPS/2023,2023,False,False,CERTO,câmbio no Cruzado congelado e no Real com valorização,,nenhuma,história econômica do Brasil,
ECO-E2-L01086-1,E2-L01086,1,E2,05 — 🏋🏽‍♂️  Nabuco - Economia - TPS (2023-2022) / Lista de Exercícios - 03/07/20,TRIAGEM,HECON,C/E,Nabuco,Pré-TPS/2023,2023,False,False,CERTO,"PAEG: metas fiscais, monetárias e arrocho salarial",,nenhuma,história econômica do Brasil,
ECO-E2-L01087-1,E2-L01087,1,E2,05 — 🏋🏽‍♂️  Nabuco - Economia - TPS (2023-2022) / Lista de Exercícios - 03/07/20,TRIAGEM,HECON,C/E,Nabuco,Pré-TPS/2023,2023,False,False,ERRADO,"PAEG: realismo tarifário, não controle de tarifas",,nenhuma,história econômica do Brasil,
ECO-E2-L01088-1,E2-L01088,1,E2,05 — 🏋🏽‍♂️  Nabuco - Economia - TPS (2023-2022) / Lista de Exercícios - 03/07/20,TRIAGEM,HECON,C/E,Nabuco,Pré-TPS/2023,2023,False,False,ERRADO,PAEG com diagnóstico heterodoxo e gradualista,,nenhuma,história econômica do Brasil,
ECO-E2-L01089-1,E2-L01089,1,E2,05 — 🏋🏽‍♂️  Nabuco - Economia - TPS (2023-2022) / Lista de Exercícios - 03/07/20,TRIAGEM,HECON,C/E,Nabuco,Pré-TPS/2023,2023,False,False,CERTO,desequilíbrios setoriais do milagre brasileiro,,nenhuma,história econômica do Brasil,
ECO-E2-L01090-1,E2-L01090,1,E2,05 — 🏋🏽‍♂️  Nabuco - Economia - TPS (2023-2022) / Lista de Exercícios - 03/07/20,TRIAGEM,HECON,C/E,Nabuco,Pré-TPS/2023,2023,False,False,ERRADO,milagre: superávit comercial em 1968-70,,nenhuma,história econômica do Brasil,
ECO-E2-L01091-1,E2-L01091,1,E2,05 — 🏋🏽‍♂️  Nabuco - Economia - TPS (2023-2022) / Lista de Exercícios - 03/07/20,TRIAGEM,HECON,C/E,Nabuco,Pré-TPS/2023,2023,False,False,ERRADO,PED: inflação de custos como alvo,,nenhuma,história econômica do Brasil,
ECO-E2-L01092-1,E2-L01092,1,E2,05 — 🏋🏽‍♂️  Nabuco - Economia - TPS (2023-2022) / Lista de Exercícios - 03/07/20,TRIAGEM,HECON,C/E,Nabuco,Pré-TPS/2023,2023,False,False,ERRADO,milagre: Delfim buscava reduzir juros,,nenhuma,história econômica do Brasil,
ECO-E2-L01093-1,E2-L01093,1,E2,05 — 🏋🏽‍♂️  Nabuco - Economia - TPS (2023-2022) / Lista de Exercícios - 03/07/20,TRIAGEM,HECON,C/E,Nabuco,Pré-TPS/2023,2023,False,False,ERRADO,minidesvalorizações cambiais adotadas em 1968,,nenhuma,história econômica do Brasil,
ECO-E2-L01094-1,E2-L01094,1,E2,05 — 🏋🏽‍♂️  Nabuco - Economia - TPS (2023-2022) / Lista de Exercícios - 03/07/20,TRIAGEM,HECON,C/E,Nabuco,Pré-TPS/2023,2023,False,False,ERRADO,"II PND: ajuste estrutural, não desvalorização cambial",,nenhuma,história econômica do Brasil,
ECO-E2-L01095-1,E2-L01095,1,E2,05 — 🏋🏽‍♂️  Nabuco - Economia - TPS (2023-2022) / Lista de Exercícios - 03/07/20,TRIAGEM,HECON,C/E,Nabuco,Pré-TPS/2023,2023,False,False,CERTO,"II PND: setores de infraestrutura, bens de produção, energia",,nenhuma,história econômica do Brasil,
ECO-E2-L01096-1,E2-L01096,1,E2,05 — 🏋🏽‍♂️  Nabuco - Economia - TPS (2023-2022) / Lista de Exercícios - 03/07/20,65,💥 Crises e pós-Bretton Woods,C/E,Nabuco,Pré-TPS/2023,2023,False,False,CERTO,choque do petróleo e reciclagem de petrodólares,,nenhuma,,
ECO-E2-L01097-1,E2-L01097,1,E2,05 — 🏋🏽‍♂️  Nabuco - Economia - TPS (2023-2022) / Lista de Exercícios - 03/07/20,TRIAGEM,HECON,C/E,Nabuco,Pré-TPS/2023,2023,False,False,ERRADO,choque de juros posterior ao segundo choque do petróleo,,nenhuma,história econômica do Brasil,
ECO-E2-L01103-1,E2-L01103,1,E2,05 — 🏋🏽‍♂️  Nabuco - Economia - TPS (2023-2022) / Lista de Exercícios - 19/06/20,TRIAGEM,HECON,C/E,Nabuco,Pré-TPS/2023,2023,False,False,CERTO,política cambial e comercial do início do governo Dutra,,nenhuma,história econômica do Brasil,
ECO-E2-L01104-1,E2-L01104,1,E2,05 — 🏋🏽‍♂️  Nabuco - Economia - TPS (2023-2022) / Lista de Exercícios - 19/06/20,TRIAGEM,HECON,C/E,Nabuco,Pré-TPS/2023,2023,False,False,CERTO,inflação de 1953 e mudança cambial (Instrução 70),,nenhuma,história econômica do Brasil,
ECO-E2-L01105-1,E2-L01105,1,E2,05 — 🏋🏽‍♂️  Nabuco - Economia - TPS (2023-2022) / Lista de Exercícios - 19/06/20,TRIAGEM,HECON,C/E,Nabuco,Pré-TPS/2023,2023,False,False,CERTO,Instrução 70 da Sumoc: leilões e bonificações,,nenhuma,história econômica do Brasil,
ECO-E2-L01106-1,E2-L01106,1,E2,05 — 🏋🏽‍♂️  Nabuco - Economia - TPS (2023-2022) / Lista de Exercícios - 19/06/20,TRIAGEM,HECON,C/E,Nabuco,Pré-TPS/2023,2023,False,False,ERRADO,Instrução 113 da Sumoc: importação sem cobertura cambial,,nenhuma,história econômica do Brasil,
ECO-E2-L01107-1,E2-L01107,1,E2,05 — 🏋🏽‍♂️  Nabuco - Economia - TPS (2023-2022) / Lista de Exercícios - 19/06/20,TRIAGEM,HECON,C/E,Nabuco,Pré-TPS/2023,2023,False,False,ERRADO,Plano de Metas com queda do preço do café,,nenhuma,história econômica do Brasil,
ECO-E2-L01108-1,E2-L01108,1,E2,05 — 🏋🏽‍♂️  Nabuco - Economia - TPS (2023-2022) / Lista de Exercícios - 19/06/20,TRIAGEM,HECON,C/E,Nabuco,Pré-TPS/2023,2023,False,False,CERTO,Plano de Metas financiado por expansão monetária,,nenhuma,história econômica do Brasil,
ECO-E2-L01109-1,E2-L01109,1,E2,05 — 🏋🏽‍♂️  Nabuco - Economia - TPS (2023-2022) / Lista de Exercícios - 19/06/20,TRIAGEM,HECON,C/E,Nabuco,Pré-TPS/2023,2023,False,False,ERRADO,reforma cambial de 1957 manteve taxas múltiplas,,nenhuma,história econômica do Brasil,
ECO-E2-L01110-1,E2-L01110,1,E2,05 — 🏋🏽‍♂️  Nabuco - Economia - TPS (2023-2022) / Lista de Exercícios - 19/06/20,TRIAGEM,HECON,C/E,Nabuco,Pré-TPS/2023,2023,False,False,ERRADO,PEM de 1958 abandonado por JK,,nenhuma,história econômica do Brasil,
ECO-E2-L01111-1,E2-L01111,1,E2,05 — 🏋🏽‍♂️  Nabuco - Economia - TPS (2023-2022) / Lista de Exercícios - 19/06/20,TRIAGEM,HECON,C/E,Nabuco,Pré-TPS/2023,2023,False,False,CERTO,Instrução 204 da Sumoc: desvalorização e unificação cambial,,nenhuma,história econômica do Brasil,
ECO-E2-L01112-1,E2-L01112,1,E2,05 — 🏋🏽‍♂️  Nabuco - Economia - TPS (2023-2022) / Lista de Exercícios - 19/06/20,TRIAGEM,HECON,C/E,Nabuco,Pré-TPS/2023,2023,False,False,CERTO,Plano Trienal gradualista com medidas ortodoxas,,nenhuma,história econômica do Brasil,
ECO-E2-L01113-1,E2-L01113,1,E2,05 — 🏋🏽‍♂️  Nabuco - Economia - TPS (2023-2022) / Lista de Exercícios - 19/06/20,TRIAGEM,HECON,C/E,Nabuco,Pré-TPS/2023,2023,False,False,CERTO,Goulart abandona Plano Trienal em 1963,,nenhuma,história econômica do Brasil,
ECO-E2-L01114-1,E2-L01114,1,E2,05 — 🏋🏽‍♂️  Nabuco - Economia - TPS (2023-2022) / Lista de Exercícios - 19/06/20,TRIAGEM,HECON,C/E,Nabuco,Pré-TPS/2023,2023,False,False,CERTO,PAEG: redução gradual da inflação,,nenhuma,história econômica do Brasil,
ECO-E2-L01120-1,E2-L01120,1,E2,05 — 🏋🏽‍♂️  Nabuco - Economia - TPS (2023-2022) / Lista de Exercícios - 12/06/20,TRIAGEM,HECON,C/E,Nabuco,Pré-TPS/2023,2023,False,False,ERRADO,reforma bancária de Rui Barbosa: lastro em títulos,,nenhuma,história econômica do Brasil,
ECO-E2-L01121-1,E2-L01121,1,E2,05 — 🏋🏽‍♂️  Nabuco - Economia - TPS (2023-2022) / Lista de Exercícios - 12/06/20,TRIAGEM,HECON,C/E,Nabuco,Pré-TPS/2023,2023,False,False,ERRADO,Convênio de Taubaté: iniciativa dos estados,,nenhuma,história econômica do Brasil,
ECO-E2-L01122-1,E2-L01122,1,E2,05 — 🏋🏽‍♂️  Nabuco - Economia - TPS (2023-2022) / Lista de Exercícios - 12/06/20,TRIAGEM,HECON,C/E,Nabuco,Pré-TPS/2023,2023,False,False,CERTO,valorização do café posterga superprodução,,nenhuma,história econômica do Brasil,
ECO-E2-L01123-1,E2-L01123,1,E2,05 — 🏋🏽‍♂️  Nabuco - Economia - TPS (2023-2022) / Lista de Exercícios - 12/06/20,TRIAGEM,HECON,C/E,Nabuco,Pré-TPS/2023,2023,False,False,ERRADO,"1900-1913: era de ouro, não estagnação",,nenhuma,história econômica do Brasil,
ECO-E2-L01124-1,E2-L01124,1,E2,05 — 🏋🏽‍♂️  Nabuco - Economia - TPS (2023-2022) / Lista de Exercícios - 12/06/20,TRIAGEM,HECON,C/E,Nabuco,Pré-TPS/2023,2023,False,False,ERRADO,dívida externa no primeiro governo Vargas,,nenhuma,história econômica do Brasil,
ECO-E2-L01125-1,E2-L01125,1,E2,05 — 🏋🏽‍♂️  Nabuco - Economia - TPS (2023-2022) / Lista de Exercícios - 12/06/20,TRIAGEM,HECON,C/E,Nabuco,Pré-TPS/2023,2023,False,False,ERRADO,política anticíclica dos anos 1930 via gastos com café,,nenhuma,história econômica do Brasil,
ECO-E2-L01126-1,E2-L01126,1,E2,05 — 🏋🏽‍♂️  Nabuco - Economia - TPS (2023-2022) / Lista de Exercícios - 12/06/20,TRIAGEM,HECON,C/E,Nabuco,Pré-TPS/2023,2023,False,False,ERRADO,anos 1930: política não inspirada em Keynes,,nenhuma,história econômica do Brasil,
ECO-E2-L01127-1,E2-L01127,1,E2,05 — 🏋🏽‍♂️  Nabuco - Economia - TPS (2023-2022) / Lista de Exercícios - 12/06/20,TRIAGEM,HECON,C/E,Nabuco,Pré-TPS/2023,2023,False,False,ERRADO,Segunda Guerra e balança comercial brasileira,,nenhuma,história econômica do Brasil,
ECO-E2-L01128-1,E2-L01128,1,E2,05 — 🏋🏽‍♂️  Nabuco - Economia - TPS (2023-2022) / Lista de Exercícios - 12/06/20,TRIAGEM,HECON,C/E,Nabuco,Pré-TPS/2023,2023,False,False,CERTO,governo Dutra: liberalização e depois licenças de importação,,nenhuma,história econômica do Brasil,
ECO-E2-L01129-1,E2-L01129,1,E2,05 — 🏋🏽‍♂️  Nabuco - Economia - TPS (2023-2022) / Lista de Exercícios - 12/06/20,TRIAGEM,HECON,C/E,Nabuco,Pré-TPS/2023,2023,False,False,ERRADO,licenciamento de importações substituído em 1953,,nenhuma,história econômica do Brasil,
ECO-E2-L01130-1,E2-L01130,1,E2,05 — 🏋🏽‍♂️  Nabuco - Economia - TPS (2023-2022) / Lista de Exercícios - 12/06/20,TRIAGEM,HECON,C/E,Nabuco,Pré-TPS/2023,2023,False,False,ERRADO,Instrução 70 substituiu controle quantitativo por leilões,,nenhuma,história econômica do Brasil,
ECO-E2-L01131-1,E2-L01131,1,E2,05 — 🏋🏽‍♂️  Nabuco - Economia - TPS (2023-2022) / Lista de Exercícios - 12/06/20,TRIAGEM,HECON,C/E,Nabuco,Pré-TPS/2023,2023,False,False,ERRADO,Instrução 113 adotada no governo Café Filho,,nenhuma,história econômica do Brasil,
ECO-E2-L01137-1,E2-L01137,1,E2,05 — 🏋🏽‍♂️  Nabuco - Economia - TPS (2023-2022) / Lista de Exercícios - 05/06/20,TRIAGEM,HECON,C/E,Nabuco,Pré-TPS/2023,2023,False,False,ERRADO,metalistas e papelistas: exportadores não eram metalistas,,nenhuma,história econômica do Brasil,
ECO-E2-L01138-1,E2-L01138,1,E2,05 — 🏋🏽‍♂️  Nabuco - Economia - TPS (2023-2022) / Lista de Exercícios - 05/06/20,TRIAGEM,HECON,C/E,Nabuco,Pré-TPS/2023,2023,False,False,ERRADO,receita federal na República Velha dependia de imposto de importação,,nenhuma,história econômica do Brasil,
ECO-E2-L01139-1,E2-L01139,1,E2,05 — 🏋🏽‍♂️  Nabuco - Economia - TPS (2023-2022) / Lista de Exercícios - 05/06/20,TRIAGEM,HECON,C/E,Nabuco,Pré-TPS/2023,2023,False,False,CERTO,depreciação cambial no início da República e crise Baring,,nenhuma,história econômica do Brasil,
ECO-E2-L01140-1,E2-L01140,1,E2,05 — 🏋🏽‍♂️  Nabuco - Economia - TPS (2023-2022) / Lista de Exercícios - 05/06/20,TRIAGEM,HECON,C/E,Nabuco,Pré-TPS/2023,2023,False,False,ERRADO,Caixa de Conversão de 1906 em contexto de apreciação,,nenhuma,história econômica do Brasil,
ECO-E2-L01141-1,E2-L01141,1,E2,05 — 🏋🏽‍♂️  Nabuco - Economia - TPS (2023-2022) / Lista de Exercícios - 05/06/20,TRIAGEM,HECON,C/E,Nabuco,Pré-TPS/2023,2023,False,False,CERTO,setor exportador e origem da indústria antes de 1930,,nenhuma,história econômica do Brasil,
ECO-E2-L01142-1,E2-L01142,1,E2,05 — 🏋🏽‍♂️  Nabuco - Economia - TPS (2023-2022) / Lista de Exercícios - 05/06/20,TRIAGEM,HECON,C/E,Nabuco,Pré-TPS/2023,2023,False,False,ERRADO,expansão da capacidade industrial em períodos de valorização cambial,,nenhuma,história econômica do Brasil,
ECO-E2-L01143-1,E2-L01143,1,E2,05 — 🏋🏽‍♂️  Nabuco - Economia - TPS (2023-2022) / Lista de Exercícios - 05/06/20,TRIAGEM,HECON,C/E,Nabuco,Pré-TPS/2023,2023,False,False,CERTO,Primeira Guerra: suspensão da Caixa de Conversão e indústria,,nenhuma,história econômica do Brasil,
ECO-E2-L01144-1,E2-L01144,1,E2,05 — 🏋🏽‍♂️  Nabuco - Economia - TPS (2023-2022) / Lista de Exercícios - 05/06/20,TRIAGEM,HECON,C/E,Nabuco,Pré-TPS/2023,2023,False,False,ERRADO,tese cepalina dos choques adversos na industrialização,,nenhuma,história econômica do Brasil,
ECO-E2-L01145-1,E2-L01145,1,E2,05 — 🏋🏽‍♂️  Nabuco - Economia - TPS (2023-2022) / Lista de Exercícios - 05/06/20,TRIAGEM,HECON,C/E,Nabuco,Pré-TPS/2023,2023,False,False,ERRADO,expansão cafeeira nos anos 1890 por depreciação cambial,,nenhuma,história econômica do Brasil,
ECO-E2-L01146-1,E2-L01146,1,E2,05 — 🏋🏽‍♂️  Nabuco - Economia - TPS (2023-2022) / Lista de Exercícios - 05/06/20,TRIAGEM,HECON,C/E,Nabuco,Pré-TPS/2023,2023,False,False,CERTO,valorização do café e instituições contra vulnerabilidade externa,,nenhuma,história econômica do Brasil,
ECO-E2-L01147-1,E2-L01147,1,E2,05 — 🏋🏽‍♂️  Nabuco - Economia - TPS (2023-2022) / Lista de Exercícios - 05/06/20,TRIAGEM,HECON,C/E,Nabuco,Pré-TPS/2023,2023,False,False,ERRADO,classes urbanas contra desvalorização cambial,,nenhuma,história econômica do Brasil,
ECO-E2-L01148-1,E2-L01148,1,E2,05 — 🏋🏽‍♂️  Nabuco - Economia - TPS (2023-2022) / Lista de Exercícios - 05/06/20,TRIAGEM,HECON,C/E,Nabuco,Pré-TPS/2023,2023,False,False,ERRADO,superprodução cafeeira de causa interna,,nenhuma,história econômica do Brasil,
ECO-E2-L01154-1,E2-L01154,1,E2,05 — 🏋🏽‍♂️  Nabuco - Economia - TPS (2023-2022) / Lista de Exercícios - 22/05/20,79,🚫 Cotas e barreiras não tarifárias,C/E,Nabuco,Pré-TPS/2023,2023,False,False,ERRADO,cota de importação é barreira não tarifária,,nenhuma,,
ECO-E2-L01155-1,E2-L01155,1,E2,05 — 🏋🏽‍♂️  Nabuco - Economia - TPS (2023-2022) / Lista de Exercícios - 22/05/20,79,💰 Subsídios e defesa comercial,C/E,Nabuco,Pré-TPS/2023,2023,False,False,ERRADO,subsídio à exportação: perdas do consumidor e do governo,,nenhuma,,
ECO-E2-L01156-1,E2-L01156,1,E2,05 — 🏋🏽‍♂️  Nabuco - Economia - TPS (2023-2022) / Lista de Exercícios - 22/05/20,79,🧾 Tarifas,C/E,Nabuco,Pré-TPS/2023,2023,False,False,CERTO,tarifa dos EUA compensa desvalorização do yuan,,nenhuma,,
ECO-E2-L01157-1,E2-L01157,1,E2,05 — 🏋🏽‍♂️  Nabuco - Economia - TPS (2023-2022) / Lista de Exercícios - 22/05/20,66,📈 Determinantes do câmbio,C/E,Nabuco,Pré-TPS/2023,2023,False,False,ERRADO,valorização do real barateia importações e prejudica indústria,,nenhuma,,
ECO-E2-L01158-1,E2-L01158,1,E2,05 — 🏋🏽‍♂️  Nabuco - Economia - TPS (2023-2022) / Lista de Exercícios - 22/05/20,75,🔬 Novas teorias do comércio,C/E,Nabuco,Pré-TPS/2023,2023,False,False,ERRADO,ciclo do produto de Vernon: migração da produção padronizada,,nenhuma,,
ECO-E2-L01159-1,E2-L01159,1,E2,05 — 🏋🏽‍♂️  Nabuco - Economia - TPS (2023-2022) / Lista de Exercícios - 22/05/20,74,🌎 CEPAL e termos de troca,C/E,Nabuco,Pré-TPS/2023,2023,False,False,CERTO,Prebisch: elasticidades-renda e deterioração dos termos de troca,E1-0906,nenhuma,,assertiva do CACD 2010 reutilizada pelo curso
ECO-E2-L01160-1,E2-L01160,1,E2,05 — 🏋🏽‍♂️  Nabuco - Economia - TPS (2023-2022) / Lista de Exercícios - 22/05/20,73,🧪 Heckscher-Ohlin e teoremas,C/E,Nabuco,Pré-TPS/2023,2023,False,False,CERTO,Ricardo (tecnologia) × H-O (dotação de fatores),,nenhuma,,
ECO-E2-L01161-1,E2-L01161,1,E2,05 — 🏋🏽‍♂️  Nabuco - Economia - TPS (2023-2022) / Lista de Exercícios - 22/05/20,73,🧪 Heckscher-Ohlin e teoremas,C/E,Nabuco,Pré-TPS/2023,2023,False,False,ERRADO,"H-O: vantagem comparativa por dotação, não economias de escala",,nenhuma,,
ECO-E2-L01162-1,E2-L01162,1,E2,05 — 🏋🏽‍♂️  Nabuco - Economia - TPS (2023-2022) / Lista de Exercícios - 22/05/20,75,🔬 Novas teorias do comércio,C/E,Nabuco,Pré-TPS/2023,2023,False,False,CERTO,novas teorias: comércio intersetorial entre blocos diferentes,E2-L00644,nenhuma,,
ECO-E2-L01163-1,E2-L01163,1,E2,05 — 🏋🏽‍♂️  Nabuco - Economia - TPS (2023-2022) / Lista de Exercícios - 22/05/20,79,🚫 Cotas e barreiras não tarifárias,C/E,Nabuco,Pré-TPS/2023,2023,False,False,ERRADO,cotas alteram preços relativos e distribuição de renda,,nenhuma,,
ECO-E2-L01164-1,E2-L01164,1,E2,05 — 🏋🏽‍♂️  Nabuco - Economia - TPS (2023-2022) / Lista de Exercícios - 22/05/20,79,🧾 Tarifas,C/E,Nabuco,Pré-TPS/2023,2023,False,False,ERRADO,peso morto da tarifa maior com demanda mais elástica,,nenhuma,,
ECO-E2-L01165-1,E2-L01165,1,E2,05 — 🏋🏽‍♂️  Nabuco - Economia - TPS (2023-2022) / Lista de Exercícios - 22/05/20,79,🧾 Tarifas,C/E,Nabuco,Pré-TPS/2023,2023,False,False,ERRADO,tarifa ad valorem é percentual; específica é por unidade,,nenhuma,,
ECO-E2-L01171-1,E2-L01171,1,E2,05 — 🏋🏽‍♂️  Nabuco - Economia - TPS (2023-2022) / Lista de Exercícios - 15/05/20,04,🧠 Preferências e axiomas,C/E,Nabuco,Pré-TPS/2023,2023,False,False,CERTO,transitividade das preferências,,nenhuma,,
ECO-E2-L01172-1,E2-L01172,1,E2,05 — 🏋🏽‍♂️  Nabuco - Economia - TPS (2023-2022) / Lista de Exercícios - 15/05/20,04,🧠 Preferências e axiomas,C/E,Nabuco,Pré-TPS/2023,2023,False,False,CERTO,preferências convexas: preferência por diversificação,,nenhuma,,
ECO-E2-L01173-1,E2-L01173,1,E2,05 — 🏋🏽‍♂️  Nabuco - Economia - TPS (2023-2022) / Lista de Exercícios - 15/05/20,04,🧠 Preferências e axiomas,C/E,Nabuco,Pré-TPS/2023,2023,False,False,ERRADO,completude ≠ monotonicidade,,nenhuma,,
ECO-E2-L01174-1,E2-L01174,1,E2,05 — 🏋🏽‍♂️  Nabuco - Economia - TPS (2023-2022) / Lista de Exercícios - 15/05/20,04,🧠 Preferências e axiomas,C/E,Nabuco,Pré-TPS/2023,2023,False,False,CERTO,monotonicidade: mais é melhor,,nenhuma,,
ECO-E2-L01175-1,E2-L01175,1,E2,05 — 🏋🏽‍♂️  Nabuco - Economia - TPS (2023-2022) / Lista de Exercícios - 15/05/20,12,🏞️ Bens públicos e comuns,C/E,Nabuco,Pré-TPS/2023,2023,False,False,CERTO,tragédia dos comuns como externalidade,,nenhuma,,
ECO-E2-L01176-1,E2-L01176,1,E2,05 — 🏋🏽‍♂️  Nabuco - Economia - TPS (2023-2022) / Lista de Exercícios - 15/05/20,12,🏞️ Bens públicos e comuns,C/E,Nabuco,Pré-TPS/2023,2023,False,False,CERTO,impostos para financiar bens públicos e evitar caronas,,nenhuma,,
ECO-E2-L01177-1,E2-L01177,1,E2,05 — 🏋🏽‍♂️  Nabuco - Economia - TPS (2023-2022) / Lista de Exercícios - 15/05/20,12,🌫️ Externalidades e Coase,C/E,Nabuco,Pré-TPS/2023,2023,False,False,ERRADO,conluio oligopolista não é externalidade,,nenhuma,,
ECO-E2-L01178-1,E2-L01178,1,E2,05 — 🏋🏽‍♂️  Nabuco - Economia - TPS (2023-2022) / Lista de Exercícios - 15/05/20,12,🌫️ Externalidades e Coase,C/E,Nabuco,Pré-TPS/2023,2023,False,False,ERRADO,efeito via preços não é externalidade,,nenhuma,,
ECO-E2-L01179-1,E2-L01179,1,E2,05 — 🏋🏽‍♂️  Nabuco - Economia - TPS (2023-2022) / Lista de Exercícios - 15/05/20,12,🌫️ Externalidades e Coase,C/E,Nabuco,Pré-TPS/2023,2023,False,False,ERRADO,Coase: eficiência independe da distribuição inicial de direitos,,nenhuma,,
ECO-E2-L01180-1,E2-L01180,1,E2,05 — 🏋🏽‍♂️  Nabuco - Economia - TPS (2023-2022) / Lista de Exercícios - 15/05/20,12,🌫️ Externalidades e Coase,C/E,Nabuco,Pré-TPS/2023,2023,False,False,CERTO,custos de transação impedem solução de Coase,,nenhuma,,
ECO-E2-L01181-1,E2-L01181,1,E2,05 — 🏋🏽‍♂️  Nabuco - Economia - TPS (2023-2022) / Lista de Exercícios - 15/05/20,12,🌫️ Externalidades e Coase,C/E,Nabuco,Pré-TPS/2023,2023,False,False,CERTO,Coase: soluções privadas para externalidades,,nenhuma,,
ECO-E2-L01182-1,E2-L01182,1,E2,05 — 🏋🏽‍♂️  Nabuco - Economia - TPS (2023-2022) / Lista de Exercícios - 15/05/20,12,🌫️ Externalidades e Coase,C/E,Nabuco,Pré-TPS/2023,2023,False,False,ERRADO,Coase falha com muitas partes envolvidas,,nenhuma,,
ECO-E2-L01188-1,E2-L01188,1,E2,05 — 🏋🏽‍♂️  Nabuco - Economia - TPS (2023-2022) / Lista de Exercícios - 08/05/20,07-A,⏱️ Curto prazo: oferta da firma,C/E,Nabuco,Pré-TPS/2023,2023,False,False,ERRADO,oferta de curto prazo: CMg acima do CVMe mínimo,,nenhuma,,
ECO-E2-L01189-1,E2-L01189,1,E2,05 — 🏋🏽‍♂️  Nabuco - Economia - TPS (2023-2022) / Lista de Exercícios - 08/05/20,07-A,⏱️ Curto prazo: oferta da firma,C/E,Nabuco,Pré-TPS/2023,2023,False,False,ERRADO,lucro de curto prazo pode ser negativo (custos fixos),,nenhuma,,
ECO-E2-L01190-1,E2-L01190,1,E2,05 — 🏋🏽‍♂️  Nabuco - Economia - TPS (2023-2022) / Lista de Exercícios - 08/05/20,07-A,📐 Hipóteses e maximização de lucro,C/E,Nabuco,Pré-TPS/2023,2023,False,False,ERRADO,demanda da firma competitiva é horizontal,,nenhuma,,
ECO-E2-L01191-1,E2-L01191,1,E2,05 — 🏋🏽‍♂️  Nabuco - Economia - TPS (2023-2022) / Lista de Exercícios - 08/05/20,07-A,📐 Hipóteses e maximização de lucro,C/E,Nabuco,Pré-TPS/2023,2023,False,False,CERTO,ótimo competitivo: CMg = RMg = RMe = P,,nenhuma,,gabarito inferido da imagem do verso
ECO-E2-L01192-1,E2-L01192,1,E2,05 — 🏋🏽‍♂️  Nabuco - Economia - TPS (2023-2022) / Lista de Exercícios - 08/05/20,08,"📊 Markup, elasticidade e poder de mercado",C/E,Nabuco,Pré-TPS/2023,2023,False,False,CERTO,monopolista atua na parte elástica da demanda,,nenhuma,,
ECO-E2-L01193-1,E2-L01193,1,E2,05 — 🏋🏽‍♂️  Nabuco - Economia - TPS (2023-2022) / Lista de Exercícios - 08/05/20,08,"📊 Markup, elasticidade e poder de mercado",C/E,Nabuco,Pré-TPS/2023,2023,False,False,ERRADO,demanda mais elástica reduz poder de monopólio,,nenhuma,,
ECO-E2-L01194-1,E2-L01194,1,E2,05 — 🏋🏽‍♂️  Nabuco - Economia - TPS (2023-2022) / Lista de Exercícios - 08/05/20,08,👑 Equilíbrio do monopólio,C/E,Nabuco,Pré-TPS/2023,2023,False,False,ERRADO,monopolista maximiza lucro com RMg = CMg,,nenhuma,,
ECO-E2-L01195-1,E2-L01195,1,E2,05 — 🏋🏽‍♂️  Nabuco - Economia - TPS (2023-2022) / Lista de Exercícios - 08/05/20,08,🏛️ Monopólio natural e regulação,C/E,Nabuco,Pré-TPS/2023,2023,False,False,ERRADO,preço máximo no monopólio pode elevar a quantidade,,nenhuma,,
ECO-E2-L01196-1,E2-L01196,1,E2,05 — 🏋🏽‍♂️  Nabuco - Economia - TPS (2023-2022) / Lista de Exercícios - 08/05/20,08,🏛️ Monopólio natural e regulação,C/E,Nabuco,Pré-TPS/2023,2023,False,False,CERTO,monopólio natural: P = CMg causa prejuízo,,nenhuma,,
ECO-E2-L01197-1,E2-L01197,1,E2,05 — 🏋🏽‍♂️  Nabuco - Economia - TPS (2023-2022) / Lista de Exercícios - 08/05/20,08,"📊 Markup, elasticidade e poder de mercado",C/E,Nabuco,Pré-TPS/2023,2023,False,False,CERTO,demanda menos elástica eleva poder de monopólio,,nenhuma,,
ECO-E2-L01198-1,E2-L01198,1,E2,05 — 🏋🏽‍♂️  Nabuco - Economia - TPS (2023-2022) / Lista de Exercícios - 08/05/20,08,🏛️ Monopólio natural e regulação,C/E,Nabuco,Pré-TPS/2023,2023,False,False,ERRADO,"monopólio natural decorre de economias de escala, não de insumo único",,nenhuma,,
ECO-E2-L01199-1,E2-L01199,1,E2,05 — 🏋🏽‍♂️  Nabuco - Economia - TPS (2023-2022) / Lista de Exercícios - 08/05/20,10,🤝 Cartel e conluio,C/E,Nabuco,Pré-TPS/2023,2023,False,False,ERRADO,oligopólio: tensão entre cooperação e interesse próprio,,nenhuma,,
ECO-E2-L01200-1,E2-L01200,1,E2,05 — 🏋🏽‍♂️  Nabuco - Economia - TPS (2023-2022) / Lista de Exercícios - 08/05/20,07,🗺️ Comparação entre estruturas,C/E,Nabuco,Pré-TPS/2023,2023,False,False,ERRADO,economias externas de escala compatíveis com muitas firmas pequenas,,nenhuma,,
ECO-E2-L01201-1,E2-L01201,1,E2,05 — 🏋🏽‍♂️  Nabuco - Economia - TPS (2023-2022) / Lista de Exercícios - 08/05/20,10,🤝 Cartel e conluio,C/E,Nabuco,Pré-TPS/2023,2023,False,False,ERRADO,cartel exige demanda inelástica,E1-0247,nenhuma,,assertiva do CACD 2010 reutilizada pelo curso
ECO-E2-L01202-1,E2-L01202,1,E2,05 — 🏋🏽‍♂️  Nabuco - Economia - TPS (2023-2022) / Lista de Exercícios - 08/05/20,10,🤝 Cartel e conluio,C/E,Nabuco,Pré-TPS/2023,2023,False,False,ERRADO,demanda horizontal dificulta cartel duradouro,,nenhuma,,
ECO-E2-L01208-1,E2-L01208,1,E2,05 — 🏋🏽‍♂️  Nabuco - Economia - TPS (2023-2022) / Lista de Exercícios - 24/04/20,03,💸 Tributos: incidência e peso morto,C/E,Nabuco,Pré-TPS/2023,2023,False,False,CERTO,ônus do imposto recai sobre o lado mais inelástico,,nenhuma,,
ECO-E2-L01209-1,E2-L01209,1,E2,05 — 🏋🏽‍♂️  Nabuco - Economia - TPS (2023-2022) / Lista de Exercícios - 24/04/20,03,💸 Tributos: incidência e peso morto,C/E,Nabuco,Pré-TPS/2023,2023,False,False,ERRADO,demanda infinitamente elástica: ônus todo nos vendedores,,nenhuma,,
ECO-E2-L01210-1,E2-L01210,1,E2,05 — 🏋🏽‍♂️  Nabuco - Economia - TPS (2023-2022) / Lista de Exercícios - 24/04/20,03,💸 Tributos: incidência e peso morto,C/E,Nabuco,Pré-TPS/2023,2023,False,False,ERRADO,oferta infinitamente elástica: ônus todo nos compradores,,nenhuma,,
ECO-E2-L01211-1,E2-L01211,1,E2,05 — 🏋🏽‍♂️  Nabuco - Economia - TPS (2023-2022) / Lista de Exercícios - 24/04/20,03,💸 Tributos: incidência e peso morto,C/E,Nabuco,Pré-TPS/2023,2023,False,False,CERTO,quantidade cai mais com demanda mais elástica,,nenhuma,,
ECO-E2-L01212-1,E2-L01212,1,E2,05 — 🏋🏽‍♂️  Nabuco - Economia - TPS (2023-2022) / Lista de Exercícios - 24/04/20,03,🚧 Preços máximos e mínimos,C/E,Nabuco,Pré-TPS/2023,2023,False,False,ERRADO,preço máximo em monopólio pode reduzir peso morto,,nenhuma,,
ECO-E2-L01213-1,E2-L01213,1,E2,05 — 🏋🏽‍♂️  Nabuco - Economia - TPS (2023-2022) / Lista de Exercícios - 24/04/20,03,🚧 Preços máximos e mínimos,C/E,Nabuco,Pré-TPS/2023,2023,False,False,ERRADO,preço mínimo com compra governamental paga o preço mínimo,,nenhuma,,
ECO-E2-L01214-1,E2-L01214,1,E2,05 — 🏋🏽‍♂️  Nabuco - Economia - TPS (2023-2022) / Lista de Exercícios - 24/04/20,03,🚧 Preços máximos e mínimos,C/E,Nabuco,Pré-TPS/2023,2023,False,False,ERRADO,controle de preços altera quantidade transacionada,,nenhuma,,
ECO-E2-L01215-1,E2-L01215,1,E2,05 — 🏋🏽‍♂️  Nabuco - Economia - TPS (2023-2022) / Lista de Exercícios - 24/04/20,03,🚧 Preços máximos e mínimos,C/E,Nabuco,Pré-TPS/2023,2023,False,False,CERTO,salário mínimo acima do equilíbrio gera desemprego,,nenhuma,,
ECO-E2-L01216-1,E2-L01216,1,E2,05 — 🏋🏽‍♂️  Nabuco - Economia - TPS (2023-2022) / Lista de Exercícios - 24/04/20,05,📏 Rendimentos de escala,C/E,Nabuco,Pré-TPS/2023,2023,False,False,CERTO,isoquantas lineares e rendimentos constantes de escala,,transcrita_insuficiente,,gráfico das isoquantas descrito sem os níveis de produto
ECO-E2-L01217-1,E2-L01217,1,E2,05 — 🏋🏽‍♂️  Nabuco - Economia - TPS (2023-2022) / Lista de Exercícios - 24/04/20,05,🗺️ Isoquantas e TMST,C/E,Nabuco,Pré-TPS/2023,2023,False,False,CERTO,isoquantas retas: insumos substitutos perfeitos,,transcrita_ok,,
ECO-E2-L01218-1,E2-L01218,1,E2,05 — 🏋🏽‍♂️  Nabuco - Economia - TPS (2023-2022) / Lista de Exercícios - 24/04/20,05,📉 Produto marginal e rendimentos,C/E,Nabuco,Pré-TPS/2023,2023,False,False,ERRADO,isoquantas lineares: rendimentos marginais constantes,,transcrita_ok,,
ECO-E2-L01219-1,E2-L01219,1,E2,05 — 🏋🏽‍♂️  Nabuco - Economia - TPS (2023-2022) / Lista de Exercícios - 24/04/20,05,🗺️ Isoquantas e TMST,C/E,Nabuco,Pré-TPS/2023,2023,False,False,ERRADO,TMST: substituição mantendo produção constante,,transcrita_ok,,
ECO-E2-L01220-1,E2-L01220,1,E2,05 — 🏋🏽‍♂️  Nabuco - Economia - TPS (2023-2022) / Lista de Exercícios - 24/04/20,05,🏭 Função de produção e curto prazo,C/E,Nabuco,Pré-TPS/2023,2023,False,False,CERTO,curto prazo com fator fixo; longo prazo todos variáveis,,nenhuma,,
ECO-E2-L01221-1,E2-L01221,1,E2,05 — 🏋🏽‍♂️  Nabuco - Economia - TPS (2023-2022) / Lista de Exercícios - 24/04/20,05,📉 Produto marginal e rendimentos,C/E,Nabuco,Pré-TPS/2023,2023,False,False,CERTO,relação entre produto marginal e produto médio,,nenhuma,,
ECO-E2-L01222-1,E2-L01222,1,E2,05 — 🏋🏽‍♂️  Nabuco - Economia - TPS (2023-2022) / Lista de Exercícios - 24/04/20,05,📉 Produto marginal e rendimentos,C/E,Nabuco,Pré-TPS/2023,2023,False,False,ERRADO,"rendimentos decrescentes: produto adicional cai, não o total",,nenhuma,,
ECO-E2-L01223-1,E2-L01223,1,E2,05 — 🏋🏽‍♂️  Nabuco - Economia - TPS (2023-2022) / Lista de Exercícios - 24/04/20,05,📏 Rendimentos de escala,C/E,Nabuco,Pré-TPS/2023,2023,False,False,ERRADO,PMg decrescente não implica retornos de escala decrescentes,,nenhuma,,
ECO-E2-L01229-1,E2-L01229,1,E2,05 — 🏋🏽‍♂️  Nabuco - Economia - TPS (2023-2022) / Lista de Exercícios - 10/04/20,40,"🖨️ QE, tapering e QT",C/E,Nabuco,Pré-TPS/2023,2023,False,False,CERTO,quantitative easing quando juros já estão baixos,,nenhuma,,
ECO-E2-L01230-1,E2-L01230,1,E2,05 — 🏋🏽‍♂️  Nabuco - Economia - TPS (2023-2022) / Lista de Exercícios - 10/04/20,38,🎯 Metas de inflação e regras,C/E,Nabuco,Pré-TPS/2023,2023,False,False,CERTO,princípio de Taylor: juros sobem mais que a inflação,,nenhuma,,
ECO-E2-L01231-1,E2-L01231,1,E2,05 — 🏋🏽‍♂️  Nabuco - Economia - TPS (2023-2022) / Lista de Exercícios - 10/04/20,38,🎯 Metas de inflação e regras,C/E,Nabuco,Pré-TPS/2023,2023,False,False,CERTO,regra de Taylor: hiato de inflação e de produto,,nenhuma,,
ECO-E2-L01232-1,E2-L01232,1,E2,05 — 🏋🏽‍♂️  Nabuco - Economia - TPS (2023-2022) / Lista de Exercícios - 10/04/20,35,🏦 Criação de moeda e multiplicador,C/E,Nabuco,Pré-TPS/2023,2023,False,False,ERRADO,saque para pagar salários não cria meios de pagamento,,nenhuma,,
ECO-E2-L01233-1,E2-L01233,1,E2,05 — 🏋🏽‍♂️  Nabuco - Economia - TPS (2023-2022) / Lista de Exercícios - 10/04/20,69,🔗 Paridades e repasse cambial,C/E,Nabuco,Pré-TPS/2023,2023,False,False,CERTO,paridade descoberta: i > i* implica expectativa de depreciação,,nenhuma,,
ECO-E2-L01234-1,E2-L01234,1,E2,05 — 🏋🏽‍♂️  Nabuco - Economia - TPS (2023-2022) / Lista de Exercícios - 10/04/20,69,🔗 Paridades e repasse cambial,C/E,Nabuco,Pré-TPS/2023,2023,False,False,ERRADO,paridade descoberta: moeda de menor juro aprecia 1%,E2-L00638,nenhuma,,
ECO-E2-L01235-1,E2-L01235,1,E2,05 — 🏋🏽‍♂️  Nabuco - Economia - TPS (2023-2022) / Lista de Exercícios - 10/04/20,66,📈 Determinantes do câmbio,C/E,Nabuco,Pré-TPS/2023,2023,False,False,CERTO,curva J: depreciação piora balança comercial inicialmente,,nenhuma,,
ECO-E2-L01236-1,E2-L01236,1,E2,05 — 🏋🏽‍♂️  Nabuco - Economia - TPS (2023-2022) / Lista de Exercícios - 10/04/20,69,🔗 Paridades e repasse cambial,C/E,Nabuco,Pré-TPS/2023,2023,False,False,CERTO,paridade descoberta: i > i* sob câmbio fixo indica falta de credibilidade,,nenhuma,,
ECO-E2-L01237-1,E2-L01237,1,E2,05 — 🏋🏽‍♂️  Nabuco - Economia - TPS (2023-2022) / Lista de Exercícios - 10/04/20,66,📏 Câmbio nominal × real e PPC,C/E,Nabuco,Pré-TPS/2023,2023,False,False,ERRADO,câmbio real constante exige câmbio nominal (não juros) acompanhar diferencial de inflação,,nenhuma,,
ECO-E2-L01238-1,E2-L01238,1,E2,05 — 🏋🏽‍♂️  Nabuco - Economia - TPS (2023-2022) / Lista de Exercícios - 10/04/20,70,📍 Curva BP e mobilidade de capital,C/E,Nabuco,Pré-TPS/2023,2023,False,False,CERTO,trindade impossível: controle de capitais permite câmbio e juros,,nenhuma,,
ECO-E2-L01239-1,E2-L01239,1,E2,05 — 🏋🏽‍♂️  Nabuco - Economia - TPS (2023-2022) / Lista de Exercícios - 10/04/20,69,🔗 Paridades e repasse cambial,C/E,Nabuco,Pré-TPS/2023,2023,False,False,ERRADO,paridade descoberta: retornos esperados iguais entre títulos,,nenhuma,,
ECO-E2-L01240-1,E2-L01240,1,E2,05 — 🏋🏽‍♂️  Nabuco - Economia - TPS (2023-2022) / Lista de Exercícios - 10/04/20,66,📏 Câmbio nominal × real e PPC,C/E,Nabuco,Pré-TPS/2023,2023,False,False,ERRADO,PPC absoluta (não relativa) implica câmbio real igual a 1,,nenhuma,,
ECO-E2-L01241-1,E2-L01241,1,E2,05 — 🏋🏽‍♂️  Nabuco - Economia - TPS (2023-2022) / Lista de Exercícios - 10/04/20,70,🔒 Câmbio fixo,C/E,Nabuco,Pré-TPS/2023,2023,False,False,ERRADO,fiscal expansiva câmbio fixo: sem crowding-out,,nenhuma,,
ECO-E2-L01242-1,E2-L01242,1,E2,05 — 🏋🏽‍♂️  Nabuco - Economia - TPS (2023-2022) / Lista de Exercícios - 10/04/20,70,🌊 Câmbio flutuante,C/E,Nabuco,Pré-TPS/2023,2023,False,False,CERTO,contração monetária câmbio flutuante: apreciação e queda do produto,,nenhuma,,
ECO-E2-L01243-1,E2-L01243,1,E2,05 — 🏋🏽‍♂️  Nabuco - Economia - TPS (2023-2022) / Lista de Exercícios - 10/04/20,26,✖️ Multiplicadores,C/E,Nabuco,Pré-TPS/2023,2023,False,False,ERRADO,abertura eleva propensão a importar e reduz multiplicador,,nenhuma,,
ECO-E2-L01244-1,E2-L01244,1,E2,05 — 🏋🏽‍♂️  Nabuco - Economia - TPS (2023-2022) / Lista de Exercícios - 10/04/20,70,🌊 Câmbio flutuante,C/E,Nabuco,Pré-TPS/2023,2023,False,False,ERRADO,tarifa em câmbio flutuante não eleva produto,,nenhuma,,
ECO-E2-L01250-1,E2-L01250,1,E2,05 — 🏋🏽‍♂️  Nabuco - Economia - TPS (2023-2022) / Lista de Exercícios - 03/04/20,56,"👥 População, tecnologia e convergência",C/E,Nabuco,Pré-TPS/2023,2023,False,False,ERRADO,Solow com progresso técnico: produto per capita cresce a g,,nenhuma,,
ECO-E2-L01251-1,E2-L01251,1,E2,05 — 🏋🏽‍♂️  Nabuco - Economia - TPS (2023-2022) / Lista de Exercícios - 03/04/20,56,"👥 População, tecnologia e convergência",C/E,Nabuco,Pré-TPS/2023,2023,False,False,ERRADO,"sem progresso técnico, produto per capita não cresce no estacionário",,nenhuma,,
ECO-E2-L01252-1,E2-L01252,1,E2,05 — 🏋🏽‍♂️  Nabuco - Economia - TPS (2023-2022) / Lista de Exercícios - 03/04/20,56,⚙️ Estado estacionário,C/E,Nabuco,Pré-TPS/2023,2023,False,False,ERRADO,poupança não altera crescimento per capita no estacionário,,nenhuma,,
ECO-E2-L01253-1,E2-L01253,1,E2,05 — 🏋🏽‍♂️  Nabuco - Economia - TPS (2023-2022) / Lista de Exercícios - 03/04/20,56,🥇 Regra de ouro,C/E,Nabuco,Pré-TPS/2023,2023,False,False,CERTO,regra de ouro: PMgK = n + d,,nenhuma,,
ECO-E2-L01254-1,E2-L01254,1,E2,05 — 🏋🏽‍♂️  Nabuco - Economia - TPS (2023-2022) / Lista de Exercícios - 03/04/20,47,🔮 Equivalência ricardiana,C/E,Nabuco,Pré-TPS/2023,2023,False,False,ERRADO,equivalência ricardiana: corte de impostos eleva poupança,,nenhuma,,
ECO-E2-L01255-1,E2-L01255,1,E2,05 — 🏋🏽‍♂️  Nabuco - Economia - TPS (2023-2022) / Lista de Exercícios - 03/04/20,47,🔮 Equivalência ricardiana,C/E,Nabuco,Pré-TPS/2023,2023,False,False,ERRADO,equivalência ricardiana: corte de impostos não eleva consumo,,nenhuma,,
ECO-E2-L01256-1,E2-L01256,1,E2,05 — 🏋🏽‍♂️  Nabuco - Economia - TPS (2023-2022) / Lista de Exercícios - 03/04/20,55,🛒 Teorias do consumo,C/E,Nabuco,Pré-TPS/2023,2023,False,False,CERTO,renda permanente e ciclo de vida: renda futura e riqueza,,nenhuma,,
ECO-E2-L01257-1,E2-L01257,1,E2,05 — 🏋🏽‍♂️  Nabuco - Economia - TPS (2023-2022) / Lista de Exercícios - 03/04/20,55,🛒 Teorias do consumo,C/E,Nabuco,Pré-TPS/2023,2023,False,False,ERRADO,renda permanente: choques transitórios afetam pouco o consumo,,nenhuma,,
ECO-E2-L01258-1,E2-L01258,1,E2,05 — 🏋🏽‍♂️  Nabuco - Economia - TPS (2023-2022) / Lista de Exercícios - 03/04/20,57,💡 Teorias do crescimento,C/E,Nabuco,Pré-TPS/2023,2023,False,False,ERRADO,"Schumpeter: papel inovador do empresário, não do consumidor",,nenhuma,,
ECO-E2-L01259-1,E2-L01259,1,E2,05 — 🏋🏽‍♂️  Nabuco - Economia - TPS (2023-2022) / Lista de Exercícios - 03/04/20,56,"👥 População, tecnologia e convergência",C/E,Nabuco,Pré-TPS/2023,2023,False,False,CERTO,diferenças de poupança explicam diferenças de renda per capita,,nenhuma,,
ECO-E2-L01260-1,E2-L01260,1,E2,05 — 🏋🏽‍♂️  Nabuco - Economia - TPS (2023-2022) / Lista de Exercícios - 03/04/20,57,💡 Teorias do crescimento,C/E,Nabuco,Pré-TPS/2023,2023,False,False,CERTO,crescimento endógeno explica o progresso técnico,,nenhuma,,
ECO-E2-L01261-1,E2-L01261,1,E2,05 — 🏋🏽‍♂️  Nabuco - Economia - TPS (2023-2022) / Lista de Exercícios - 03/04/20,57,💡 Teorias do crescimento,C/E,Nabuco,Pré-TPS/2023,2023,False,False,CERTO,crescimento endógeno: retornos marginais constantes do capital,,nenhuma,,
ECO-E2-L01269-1,E2-L01269,1,E2,05 — 🏋🏽‍♂️  Nabuco - Economia - TPS (2023-2022) / Lista de Exercícios - 20/03/20,35,🏦 Criação de moeda e multiplicador,C/E,Nabuco,Pré-TPS/2023,2023,False,False,CERTO,mais depósitos e menos reservas elevam multiplicador,,nenhuma,,gabarito não explícito no verso; mesma assertiva consta como CERTO em E2-L00952
ECO-E2-L01270-1,E2-L01270,1,E2,05 — 🏋🏽‍♂️  Nabuco - Economia - TPS (2023-2022) / Lista de Exercícios - 20/03/20,36,🛠️ Instrumentos de política monetária,C/E,Nabuco,Pré-TPS/2023,2023,False,False,CERTO,alta do redesconto reduz reservas emprestadas,,nenhuma,,
ECO-E2-L01271-1,E2-L01271,1,E2,05 — 🏋🏽‍♂️  Nabuco - Economia - TPS (2023-2022) / Lista de Exercícios - 20/03/20,35,🏦 Criação de moeda e multiplicador,C/E,Nabuco,Pré-TPS/2023,2023,False,False,CERTO,banco comprando bem do público cria meios de pagamento,,nenhuma,,
ECO-E2-L01272-1,E2-L01272,1,E2,05 — 🏋🏽‍♂️  Nabuco - Economia - TPS (2023-2022) / Lista de Exercícios - 20/03/20,36,🛠️ Instrumentos de política monetária,C/E,Nabuco,Pré-TPS/2023,2023,False,False,ERRADO,BC compra títulos para aumentar liquidez,,nenhuma,,
ECO-E2-L01273-1,E2-L01273,1,E2,05 — 🏋🏽‍♂️  Nabuco - Economia - TPS (2023-2022) / Lista de Exercícios - 20/03/20,19,💰 Resultados fiscais (NFSP),C/E,Nabuco,Pré-TPS/2023,2023,False,False,ERRADO,"nominal − primário = juros nominais, não reais",,nenhuma,,
ECO-E2-L01274-1,E2-L01274,1,E2,05 — 🏋🏽‍♂️  Nabuco - Economia - TPS (2023-2022) / Lista de Exercícios - 20/03/20,48,📏 Conceitos de déficit e dívida,C/E,Nabuco,Pré-TPS/2023,2023,False,False,ERRADO,déficit é fluxo; dívida é estoque,,nenhuma,,
ECO-E2-L01275-1,E2-L01275,1,E2,05 — 🏋🏽‍♂️  Nabuco - Economia - TPS (2023-2022) / Lista de Exercícios - 20/03/20,19,💰 Resultados fiscais (NFSP),C/E,Nabuco,Pré-TPS/2023,2023,False,False,ERRADO,NFSP nominal = variação da dívida fiscal líquida,,nenhuma,,
ECO-E2-L01276-1,E2-L01276,1,E2,05 — 🏋🏽‍♂️  Nabuco - Economia - TPS (2023-2022) / Lista de Exercícios - 20/03/20,19,💰 Resultados fiscais (NFSP),C/E,Nabuco,Pré-TPS/2023,2023,False,False,ERRADO,NFSP pela dívida: critério abaixo da linha,,nenhuma,,
ECO-E2-L01277-1,E2-L01277,1,E2,05 — 🏋🏽‍♂️  Nabuco - Economia - TPS (2023-2022) / Lista de Exercícios - 20/03/20,59,📏 Lei de Okun,C/E,Nabuco,Pré-TPS/2023,2023,False,False,ERRADO,Lei de Okun não é relação unitária,,nenhuma,,
ECO-E2-L01278-1,E2-L01278,1,E2,05 — 🏋🏽‍♂️  Nabuco - Economia - TPS (2023-2022) / Lista de Exercícios - 20/03/20,59,👷 Desemprego e mercado de trabalho,C/E,Nabuco,Pré-TPS/2023,2023,False,False,ERRADO,friccional e estrutural compõem a taxa natural,,nenhuma,,
ECO-E2-L01279-1,E2-L01279,1,E2,05 — 🏋🏽‍♂️  Nabuco - Economia - TPS (2023-2022) / Lista de Exercícios - 20/03/20,59,👷 Desemprego e mercado de trabalho,C/E,Nabuco,Pré-TPS/2023,2023,False,False,CERTO,taxa natural = desemprego de pleno emprego/longo prazo,,nenhuma,,
ECO-E2-L01280-1,E2-L01280,1,E2,05 — 🏋🏽‍♂️  Nabuco - Economia - TPS (2023-2022) / Lista de Exercícios - 20/03/20,59,👷 Desemprego e mercado de trabalho,C/E,Nabuco,Pré-TPS/2023,2023,False,False,ERRADO,seguro-desemprego aumenta desemprego friccional,,nenhuma,,
ECO-E2-L01286-1,E2-L01286,1,E2,05 — 🏋🏽‍♂️  Nabuco - Economia - TPS (2023-2022) / Lista de Exercícios - 13/03/20,18,🏗️ Estrutura do BP (BPM6),C/E,Nabuco,Pré-TPS/2023,2023,False,False,CERTO,BPM6: variação de reservas em ativos de reserva na conta financeira,,nenhuma,,
ECO-E2-L01287-1,E2-L01287,1,E2,05 — 🏋🏽‍♂️  Nabuco - Economia - TPS (2023-2022) / Lista de Exercícios - 13/03/20,18,✍️ Lançamentos,C/E,Nabuco,Pré-TPS/2023,2023,False,False,ERRADO,salários de residentes pagos por não residentes: renda primária,,nenhuma,,
ECO-E2-L01288-1,E2-L01288,1,E2,05 — 🏋🏽‍♂️  Nabuco - Economia - TPS (2023-2022) / Lista de Exercícios - 13/03/20,18,✍️ Lançamentos,C/E,Nabuco,Pré-TPS/2023,2023,False,False,CERTO,remessas de imigrantes: renda secundária,,nenhuma,,
ECO-E2-L01289-1,E2-L01289,1,E2,05 — 🏋🏽‍♂️  Nabuco - Economia - TPS (2023-2022) / Lista de Exercícios - 13/03/20,18,🏗️ Estrutura do BP (BPM6),C/E,Nabuco,Pré-TPS/2023,2023,False,False,CERTO,saldo da conta financeira = ativos menos passivos,,nenhuma,,
ECO-E2-L01290-1,E2-L01290,1,E2,05 — 🏋🏽‍♂️  Nabuco - Economia - TPS (2023-2022) / Lista de Exercícios - 13/03/20,17,"📏 PIB, PNB, RNB e conceitos derivados",C/E,Nabuco,Pré-TPS/2023,2023,False,False,CERTO,renda enviada maior que recebida implica PI > PN,,nenhuma,,
ECO-E2-L01291-1,E2-L01291,1,E2,05 — 🏋🏽‍♂️  Nabuco - Economia - TPS (2023-2022) / Lista de Exercícios - 13/03/20,17,🔄 Identidades e óticas do produto,C/E,Nabuco,Pré-TPS/2023,2023,False,False,ERRADO,investimento inclui variação de estoques,,nenhuma,,
ECO-E2-L01292-1,E2-L01292,1,E2,05 — 🏋🏽‍♂️  Nabuco - Economia - TPS (2023-2022) / Lista de Exercícios - 13/03/20,17,💲 Preços de mercado × custo de fatores,C/E,Nabuco,Pré-TPS/2023,2023,False,False,CERTO,PIB ótica da produção: VBP menos CI mais impostos,,nenhuma,,
ECO-E2-L01293-1,E2-L01293,1,E2,05 — 🏋🏽‍♂️  Nabuco - Economia - TPS (2023-2022) / Lista de Exercícios - 13/03/20,17,🔄 Identidades e óticas do produto,C/E,Nabuco,Pré-TPS/2023,2023,False,False,CERTO,"PIB ótica da renda: remunerações, impostos, EOB, RM",,nenhuma,,
ECO-E2-L01294-1,E2-L01294,1,E2,05 — 🏋🏽‍♂️  Nabuco - Economia - TPS (2023-2022) / Lista de Exercícios - 13/03/20,17,"📏 PIB, PNB, RNB e conceitos derivados",C/E,Nabuco,Pré-TPS/2023,2023,False,False,CERTO,RLEE negativa implica PNB maior que PIB,,nenhuma,,
ECO-E2-L01295-1,E2-L01295,1,E2,05 — 🏋🏽‍♂️  Nabuco - Economia - TPS (2023-2022) / Lista de Exercícios - 13/03/20,18,🔗 BP e contas nacionais,C/E,Nabuco,Pré-TPS/2023,2023,False,False,ERRADO,"I > S doméstica implica déficit em TC, não no BP",,nenhuma,,
ECO-E2-L01296-1,E2-L01296,1,E2,05 — 🏋🏽‍♂️  Nabuco - Economia - TPS (2023-2022) / Lista de Exercícios - 13/03/20,18,✍️ Lançamentos,C/E,Nabuco,Pré-TPS/2023,2023,False,False,ERRADO,"juros pagos ao exterior: renda primária, não conta financeira",,nenhuma,,
ECO-E2-L01297-1,E2-L01297,1,E2,05 — 🏋🏽‍♂️  Nabuco - Economia - TPS (2023-2022) / Lista de Exercícios - 13/03/20,17,"📏 PIB, PNB, RNB e conceitos derivados",C/E,Nabuco,Pré-TPS/2023,2023,False,False,ERRADO,diferença PIB-PNB: rendas enviadas e recebidas,,nenhuma,,
ECO-E2-L01298-1,E2-L01298,1,E2,05 — 🏋🏽‍♂️  Nabuco - Economia - TPS (2023-2022) / Lista de Exercícios - 13/03/20,35,🪙 Funções e agregados monetários,C/E,Nabuco,Pré-TPS/2023,2023,False,False,ERRADO,"base monetária = PMPP + encaixes totais, não PME",,nenhuma,,
ECO-E2-L01299-1,E2-L01299,1,E2,05 — 🏋🏽‍♂️  Nabuco - Economia - TPS (2023-2022) / Lista de Exercícios - 13/03/20,35,🪙 Funções e agregados monetários,C/E,Nabuco,Pré-TPS/2023,2023,False,False,ERRADO,M1 ≠ base monetária,,nenhuma,,
ECO-E2-L01300-1,E2-L01300,1,E2,05 — 🏋🏽‍♂️  Nabuco - Economia - TPS (2023-2022) / Lista de Exercícios - 13/03/20,35,🏦 Criação de moeda e multiplicador,C/E,Nabuco,Pré-TPS/2023,2023,False,False,CERTO,meios de pagamento múltiplo da base monetária,,nenhuma,,
ECO-E2-L01301-1,E2-L01301,1,E2,05 — 🏋🏽‍♂️  Nabuco - Economia - TPS (2023-2022) / Lista de Exercícios - 13/03/20,35,🏦 Criação de moeda e multiplicador,C/E,Nabuco,Pré-TPS/2023,2023,False,False,CERTO,menor razão reservas/depósitos aumenta multiplicador,,nenhuma,,
ECO-E2-L01307-1,E2-L01307,1,E2,05 — 🏋🏽‍♂️  Nabuco - Economia - TPS (2023-2022) / Lista de Exercícios - 11/04/20,17,🔄 Identidades e óticas do produto,C/E,Nabuco,Pré-TPS/2022,2022,False,False,ERRADO,"produto abaixo do gasto interno: importa diferença, NX negativo",,nenhuma,,
ECO-E2-L01308-1,E2-L01308,1,E2,05 — 🏋🏽‍♂️  Nabuco - Economia - TPS (2023-2022) / Lista de Exercícios - 11/04/20,18,🔗 BP e contas nacionais,C/E,Nabuco,Pré-TPS/2022,2022,False,False,CERTO,exportações líquidas = S − I,,nenhuma,,
ECO-E2-L01309-1,E2-L01309,1,E2,05 — 🏋🏽‍♂️  Nabuco - Economia - TPS (2023-2022) / Lista de Exercícios - 11/04/20,18,🔗 BP e contas nacionais,C/E,Nabuco,Pré-TPS/2022,2022,False,False,CERTO,saída líquida de capital: empréstimos ao exterior menos recebidos,,nenhuma,,
ECO-E2-L01310-1,E2-L01310,1,E2,05 — 🏋🏽‍♂️  Nabuco - Economia - TPS (2023-2022) / Lista de Exercícios - 11/04/20,26,📈 Demanda efetiva e cruz keynesiana,C/E,Nabuco,Pré-TPS/2022,2022,False,False,CERTO,importações como vazamento de renda,,nenhuma,,
ECO-E2-L01311-1,E2-L01311,1,E2,05 — 🏋🏽‍♂️  Nabuco - Economia - TPS (2023-2022) / Lista de Exercícios - 11/04/20,17,"📏 PIB, PNB, RNB e conceitos derivados",C/E,Nabuco,Pré-TPS/2022,2022,False,False,ERRADO,"Brasil: PIB > PNB, renda enviada supera recebida",,nenhuma,,
ECO-E2-L01312-1,E2-L01312,1,E2,05 — 🏋🏽‍♂️  Nabuco - Economia - TPS (2023-2022) / Lista de Exercícios - 11/04/20,18,🏗️ Estrutura do BP (BPM6),C/E,Nabuco,Pré-TPS/2022,2022,False,False,CERTO,BP registra transações residentes × não residentes,,nenhuma,,
ECO-E2-L01313-1,E2-L01313,1,E2,05 — 🏋🏽‍♂️  Nabuco - Economia - TPS (2023-2022) / Lista de Exercícios - 11/04/20,18,✍️ Lançamentos,C/E,Nabuco,Pré-TPS/2022,2022,False,False,ERRADO,BP usa método das partidas dobradas,,nenhuma,,
ECO-E2-L01314-1,E2-L01314,1,E2,05 — 🏋🏽‍♂️  Nabuco - Economia - TPS (2023-2022) / Lista de Exercícios - 11/04/20,18,🔗 BP e contas nacionais,C/E,Nabuco,Pré-TPS/2022,2022,False,False,ERRADO,superávit em TC = poupança externa negativa,,nenhuma,,
ECO-E2-L01315-1,E2-L01315,1,E2,05 — 🏋🏽‍♂️  Nabuco - Economia - TPS (2023-2022) / Lista de Exercícios - 11/04/20,18,🔗 BP e contas nacionais,C/E,Nabuco,Pré-TPS/2022,2022,False,False,CERTO,aumento da renda reduz saldo de transações correntes,,nenhuma,,
ECO-E2-L01316-1,E2-L01316,1,E2,05 — 🏋🏽‍♂️  Nabuco - Economia - TPS (2023-2022) / Lista de Exercícios - 11/04/20,18,🏗️ Estrutura do BP (BPM6),C/E,Nabuco,Pré-TPS/2022,2022,False,False,CERTO,conta capital × contrapartidas financeiras de comércio,,nenhuma,,gabarito 'CORRETO' contradiz o comentário (conta capital registra não financeiros não produzidos); conferir
ECO-E2-L01317-1,E2-L01317,1,E2,05 — 🏋🏽‍♂️  Nabuco - Economia - TPS (2023-2022) / Lista de Exercícios - 11/04/20,18,🏗️ Estrutura do BP (BPM6),C/E,Nabuco,Pré-TPS/2022,2022,False,False,CERTO,soma das contas = variação de reservas,,nenhuma,,
ECO-E2-L01318-1,E2-L01318,1,E2,05 — 🏋🏽‍♂️  Nabuco - Economia - TPS (2023-2022) / Lista de Exercícios - 11/04/20,18,🏗️ Estrutura do BP (BPM6),C/E,Nabuco,Pré-TPS/2022,2022,False,False,ERRADO,"erros e omissões fecham o BP, não haveres",,nenhuma,,
ECO-E2-L01319-1,E2-L01319,1,E2,05 — 🏋🏽‍♂️  Nabuco - Economia - TPS (2023-2022) / Lista de Exercícios - 11/04/20,18,✍️ Lançamentos,C/E,Nabuco,Pré-TPS/2022,2022,False,False,CERTO,saldo da balança comercial a partir da tabela,,transcrita_ok,,
ECO-E2-L01319-2,E2-L01319,2,E2,05 — 🏋🏽‍♂️  Nabuco - Economia - TPS (2023-2022) / Lista de Exercícios - 11/04/20,18,✍️ Lançamentos,C/E,Nabuco,Pré-TPS/2022,2022,False,False,ERRADO,saldo de transações correntes a partir da tabela,,transcrita_ok,,
ECO-E2-L01319-3,E2-L01319,3,E2,05 — 🏋🏽‍♂️  Nabuco - Economia - TPS (2023-2022) / Lista de Exercícios - 11/04/20,18,✍️ Lançamentos,C/E,Nabuco,Pré-TPS/2022,2022,False,False,ERRADO,saldo de renda secundária a partir da tabela,,transcrita_ok,,
ECO-E2-L01319-4,E2-L01319,4,E2,05 — 🏋🏽‍♂️  Nabuco - Economia - TPS (2023-2022) / Lista de Exercícios - 11/04/20,18,✍️ Lançamentos,C/E,Nabuco,Pré-TPS/2022,2022,False,False,CERTO,saldo conta capital e financeira a partir da tabela,,transcrita_ok,,
ECO-E2-L01325-1,E2-L01325,1,E2,05 — 🏋🏽‍♂️  Nabuco - Economia - TPS (2023-2022) / Lista de Exercícios - 04/04/20,17,🧾 SCN e tabelas,C/E,Nabuco,Pré-TPS/2022,2022,False,False,ERRADO,SCN e BP registram a totalidade das transações,,nenhuma,,
ECO-E2-L01326-1,E2-L01326,1,E2,05 — 🏋🏽‍♂️  Nabuco - Economia - TPS (2023-2022) / Lista de Exercícios - 04/04/20,17,"📏 PIB, PNB, RNB e conceitos derivados",C/E,Nabuco,Pré-TPS/2022,2022,False,False,ERRADO,PIB exclui transferência de ativos (bens usados),,nenhuma,,
ECO-E2-L01327-1,E2-L01327,1,E2,05 — 🏋🏽‍♂️  Nabuco - Economia - TPS (2023-2022) / Lista de Exercícios - 04/04/20,17,🧾 SCN e tabelas,C/E,Nabuco,Pré-TPS/2022,2022,False,False,CERTO,contabilidade nacional registra apenas fluxos,,nenhuma,,
ECO-E2-L01328-1,E2-L01328,1,E2,05 — 🏋🏽‍♂️  Nabuco - Economia - TPS (2023-2022) / Lista de Exercícios - 04/04/20,17,🧾 SCN e tabelas,C/E,Nabuco,Pré-TPS/2022,2022,False,False,CERTO,moeda na CN apenas unidade de medida,,nenhuma,,
ECO-E2-L01329-1,E2-L01329,1,E2,05 — 🏋🏽‍♂️  Nabuco - Economia - TPS (2023-2022) / Lista de Exercícios - 04/04/20,17,🔄 Identidades e óticas do produto,C/E,Nabuco,Pré-TPS/2022,2022,False,False,CERTO,matéria-prima em estoque conta como bem final,,nenhuma,,
ECO-E2-L01330-1,E2-L01330,1,E2,05 — 🏋🏽‍♂️  Nabuco - Economia - TPS (2023-2022) / Lista de Exercícios - 04/04/20,17,🔄 Identidades e óticas do produto,C/E,Nabuco,Pré-TPS/2022,2022,False,False,ERRADO,ótica da renda × ótica da despesa,,nenhuma,,
ECO-E2-L01331-1,E2-L01331,1,E2,05 — 🏋🏽‍♂️  Nabuco - Economia - TPS (2023-2022) / Lista de Exercícios - 04/04/20,17,🔄 Identidades e óticas do produto,C/E,Nabuco,Pré-TPS/2022,2022,False,False,CERTO,ótica da despesa: bens de consumo e de investimento,,nenhuma,,
ECO-E2-L01332-1,E2-L01332,1,E2,05 — 🏋🏽‍♂️  Nabuco - Economia - TPS (2023-2022) / Lista de Exercícios - 04/04/20,17,🔄 Identidades e óticas do produto,C/E,Nabuco,Pré-TPS/2022,2022,False,False,CERTO,identidade S = I ex post,,nenhuma,,
ECO-E2-L01333-1,E2-L01333,1,E2,05 — 🏋🏽‍♂️  Nabuco - Economia - TPS (2023-2022) / Lista de Exercícios - 04/04/20,17,🧾 SCN e tabelas,C/E,Nabuco,Pré-TPS/2022,2022,False,False,CERTO,empresas estatais classificadas no setor produtivo,,nenhuma,,
ECO-E2-L01334-1,E2-L01334,1,E2,05 — 🏋🏽‍♂️  Nabuco - Economia - TPS (2023-2022) / Lista de Exercícios - 04/04/20,17,💲 Preços de mercado × custo de fatores,C/E,Nabuco,Pré-TPS/2022,2022,False,False,CERTO,produto a preços de mercado × custo de fatores,,nenhuma,,
ECO-E2-L01335-1,E2-L01335,1,E2,05 — 🏋🏽‍♂️  Nabuco - Economia - TPS (2023-2022) / Lista de Exercícios - 04/04/20,17,📊 Nominal × real e deflator,C/E,Nabuco,Pré-TPS/2022,2022,False,False,CERTO,produto nominal × real e deflator,,nenhuma,,
ECO-E2-L01336-1,E2-L01336,1,E2,05 — 🏋🏽‍♂️  Nabuco - Economia - TPS (2023-2022) / Lista de Exercícios - 04/04/20,17,"📏 PIB, PNB, RNB e conceitos derivados",C/E,Nabuco,Pré-TPS/2022,2022,False,False,ERRADO,investimento líquido negativo se depreciação supera bruto,,nenhuma,,
ECO-E2-L01337-1,E2-L01337,1,E2,05 — 🏋🏽‍♂️  Nabuco - Economia - TPS (2023-2022) / Lista de Exercícios - 04/04/20,28,🏭 Oferta agregada e choques,C/E,Nabuco,Pré-TPS/2022,2022,False,False,CERTO,"OA vertical no longo prazo, positiva no curto",,nenhuma,,
ECO-E2-L01338-1,E2-L01338,1,E2,05 — 🏋🏽‍♂️  Nabuco - Economia - TPS (2023-2022) / Lista de Exercícios - 04/04/20,28,🏭 Oferta agregada e choques,C/E,Nabuco,Pré-TPS/2022,2022,False,False,CERTO,rigidez salarial explica OA de curto prazo,,nenhuma,,
ECO-E2-L01339-1,E2-L01339,1,E2,05 — 🏋🏽‍♂️  Nabuco - Economia - TPS (2023-2022) / Lista de Exercícios - 04/04/20,28,🏭 Oferta agregada e choques,C/E,Nabuco,Pré-TPS/2022,2022,False,False,ERRADO,estagflação decorre de choque de oferta,,nenhuma,,
ECO-E2-L01340-1,E2-L01340,1,E2,05 — 🏋🏽‍♂️  Nabuco - Economia - TPS (2023-2022) / Lista de Exercícios - 04/04/20,28,🏭 Oferta agregada e choques,C/E,Nabuco,Pré-TPS/2022,2022,False,False,CERTO,preços rígidos e custos de menu na OA,,nenhuma,,
ECO-E2-L01344-1,E2-L01344,1,E2,05 — 🏋🏽‍♂️  Nabuco - Economia - TPS (2023-2022) / Lista de Exercícios - 04/04/20,25,⚙️ Modelo clássico,C/E,Nabuco,Pré-TPS/2022,2022,False,False,ERRADO,clássicos: poupança condiciona investimento,,nenhuma,,
ECO-E2-L01345-1,E2-L01345,1,E2,05 — 🏋🏽‍♂️  Nabuco - Economia - TPS (2023-2022) / Lista de Exercícios - 04/04/20,25,⚙️ Modelo clássico,C/E,Nabuco,Pré-TPS/2022,2022,False,False,CERTO,juros clássicos × preferência pela liquidez keynesiana,,nenhuma,,
ECO-E2-L01346-1,E2-L01346,1,E2,05 — 🏋🏽‍♂️  Nabuco - Economia - TPS (2023-2022) / Lista de Exercícios - 04/04/20,26,📈 Demanda efetiva e cruz keynesiana,C/E,Nabuco,Pré-TPS/2022,2022,False,False,CERTO,Keynes: investimento gera poupança via renda,,nenhuma,,
ECO-E2-L01347-1,E2-L01347,1,E2,05 — 🏋🏽‍♂️  Nabuco - Economia - TPS (2023-2022) / Lista de Exercícios - 04/04/20,25,⚙️ Modelo clássico,C/E,Nabuco,Pré-TPS/2022,2022,False,False,ANULADO,"fundos emprestáveis, S = I e Lei de Say",,nenhuma,,
ECO-E2-L01348-1,E2-L01348,1,E2,05 — 🏋🏽‍♂️  Nabuco - Economia - TPS (2023-2022) / Lista de Exercícios - 04/04/20,30,🗣️ Debate contemporâneo,C/E,Nabuco,Pré-TPS/2022,2022,False,False,ERRADO,síntese neoclássica × ciclos reais de negócios,,nenhuma,,
ECO-E2-L01349-1,E2-L01349,1,E2,05 — 🏋🏽‍♂️  Nabuco - Economia - TPS (2023-2022) / Lista de Exercícios - 04/04/20,26,📈 Demanda efetiva e cruz keynesiana,C/E,Nabuco,Pré-TPS/2022,2022,False,False,ERRADO,Keynes: equilíbrio com desemprego involuntário,,nenhuma,,
ECO-E2-L01350-1,E2-L01350,1,E2,05 — 🏋🏽‍♂️  Nabuco - Economia - TPS (2023-2022) / Lista de Exercícios - 04/04/20,25,⚙️ Modelo clássico,C/E,Nabuco,Pré-TPS/2022,2022,False,False,CERTO,clássicos: desemprego voluntário ou friccional,,nenhuma,,
ECO-E2-L01351-1,E2-L01351,1,E2,05 — 🏋🏽‍♂️  Nabuco - Economia - TPS (2023-2022) / Lista de Exercícios - 04/04/20,29,🔮 Expectativas e NAIRU,C/E,Nabuco,Pré-TPS/2022,2022,False,False,CERTO,expectativas racionais: sem erros sistemáticos,,nenhuma,,
ECO-E2-L01352-1,E2-L01352,1,E2,05 — 🏋🏽‍♂️  Nabuco - Economia - TPS (2023-2022) / Lista de Exercícios - 04/04/20,27,📉 Curva IS,C/E,Nabuco,Pré-TPS/2022,2022,False,False,CERTO,aumento de gastos autônomos desloca IS: sobe juros e renda,,ausente_deduzivel,,
ECO-E2-L01353-1,E2-L01353,1,E2,05 — 🏋🏽‍♂️  Nabuco - Economia - TPS (2023-2022) / Lista de Exercícios - 04/04/20,27,🏦 Política fiscal e monetária,C/E,Nabuco,Pré-TPS/2022,2022,False,False,ERRADO,compra de títulos desloca LM para direita,,transcrita_ok,,
ECO-E2-L01354-1,E2-L01354,1,E2,05 — 🏋🏽‍♂️  Nabuco - Economia - TPS (2023-2022) / Lista de Exercícios - 04/04/20,27,🏦 Política fiscal e monetária,C/E,Nabuco,Pré-TPS/2022,2022,False,False,CERTO,redução de tributos desloca IS para direita,,transcrita_ok,,
ECO-E2-L01355-1,E2-L01355,1,E2,05 — 🏋🏽‍♂️  Nabuco - Economia - TPS (2023-2022) / Lista de Exercícios - 04/04/20,27,🕳️ Casos extremos,C/E,Nabuco,Pré-TPS/2022,2022,False,False,ERRADO,armadilha da liquidez: política fiscal eficaz,,transcrita_ok,,
ECO-E2-L01356-1,E2-L01356,1,E2,05 — 🏋🏽‍♂️  Nabuco - Economia - TPS (2023-2022) / Lista de Exercícios - 04/04/20,29,🔮 Expectativas e NAIRU,C/E,Nabuco,Pré-TPS/2022,2022,False,False,?,oferta de Lucas: só moeda não antecipada afeta produto,,nenhuma,,verso só imagem; gabarito provável ERRADO
ECO-E2-L01357-1,E2-L01357,1,E2,05 — 🏋🏽‍♂️  Nabuco - Economia - TPS (2023-2022) / Lista de Exercícios - 04/04/20,29,📉 Phillips original e aceleracionista,C/E,Nabuco,Pré-TPS/2022,2022,False,False,CERTO,aceleracionista: moeda afeta emprego só no curto prazo,,nenhuma,,
ECO-E2-L01358-1,E2-L01358,1,E2,05 — 🏋🏽‍♂️  Nabuco - Economia - TPS (2023-2022) / Lista de Exercícios - 04/04/20,29,📉 Phillips original e aceleracionista,C/E,Nabuco,Pré-TPS/2022,2022,False,False,CERTO,Friedman: política expansionista reduz desemprego no curto prazo,,nenhuma,,
ECO-E2-L01359-1,E2-L01359,1,E2,05 — 🏋🏽‍♂️  Nabuco - Economia - TPS (2023-2022) / Lista de Exercícios - 04/04/20,29,🔮 Expectativas e NAIRU,C/E,Nabuco,Pré-TPS/2022,2022,False,False,ERRADO,Phillips aceleracionista equivalente à oferta de Lucas,,nenhuma,,
ECO-E2-L01371-1,E2-L01371,1,E2,06 — ✍️ Intensivo MM - Pré-TPS 2024 / Lista 1,05,🏭 Função de produção e curto prazo,C/E,CEBRASPE,ANA/Especialista em Regulação/2024,2024,False,True,CERTO,progresso técnico desloca função de produção: maior produtividade,,transcrita_insuficiente,,pontos B e C só aparecem na imagem do verso
ECO-E2-L01372-1,E2-L01372,1,E2,06 — ✍️ Intensivo MM - Pré-TPS 2024 / Lista 1,01,🧭 Fundamentos e escassez,ME,Intensivo MM,Intensivo Pré-TPS/2024,2024,False,True,B,custo de oportunidade: escolha entre crime e escola,,transcrita_insuficiente,,enunciado e alternativas só em imagem resumida
ECO-E2-L01373-1,E2-L01373,1,E2,06 — ✍️ Intensivo MM - Pré-TPS 2024 / Lista 1,01,🧭 Fundamentos e escassez,C/E,FGV,SEFAZ/ES/Consultor Legislativo/2022,2022,False,True,CERTO,"remuneração dos fatores: salário, aluguel, juros e lucros",,nenhuma,,adaptada
ECO-E2-L01374-1,E2-L01374,1,E2,06 — ✍️ Intensivo MM - Pré-TPS 2024 / Lista 1,01,🏷️ Classificação dos bens,C/E,FGV,SEFAZ/ES/Consultor Legislativo/2022,2022,False,False,CERTO,"com dois bens, se um é inferior o outro é normal",,nenhuma,,adaptada
ECO-E2-L01375-1,E2-L01375,1,E2,06 — ✍️ Intensivo MM - Pré-TPS 2024 / Lista 1,02,🔗 Elasticidade-renda e cruzada,C/E,FGV,DPE/RS/Analista/2023,2023,False,False,ERRADO,"elasticidade cruzada indica substitutos/complementares, não luxo",,nenhuma,,adaptada
ECO-E2-L01376-1,E2-L01376,1,E2,06 — ✍️ Intensivo MM - Pré-TPS 2024 / Lista 1,01,⚖️ Equilíbrio e estática comparativa,C/E,Intensivo MM,Intensivo Pré-TPS/2024,2024,False,True,CERTO,deslocamento da oferta para atingir preço de equilíbrio p3,,transcrita_insuficiente,,gráfico resumido; p3/S3 não descritos na frente
ECO-E2-L01377-1,E2-L01377,1,E2,06 — ✍️ Intensivo MM - Pré-TPS 2024 / Lista 1,02,🔗 Elasticidade-renda e cruzada,ME,Intensivo MM,Intensivo Pré-TPS/2024,2024,False,True,D,cálculo de elasticidade-renda com gasto em dois bens,,transcrita_insuficiente,,enunciado transcrito no verso
ECO-E2-L01378-1,E2-L01378,1,E2,06 — ✍️ Intensivo MM - Pré-TPS 2024 / Lista 1,04,⚖️ Escolha ótima do consumidor,C/E,CEBRASPE,IBRAM/Analista/2009,2009,False,True,ERRADO,utilidade marginal maior de x: aumentar consumo de x,,nenhuma,,
ECO-E2-L01379-1,E2-L01379,1,E2,06 — ✍️ Intensivo MM - Pré-TPS 2024 / Lista 1,01,🧭 Fundamentos e escassez,C/E,CEBRASPE,SESPA/PA/Economista/2004,2004,False,True,ERRADO,"escolhas decorrem da escassez, não de preferências distintas",,nenhuma,,
ECO-E2-L01380-1,E2-L01380,1,E2,06 — ✍️ Intensivo MM - Pré-TPS 2024 / Lista 1,02,🔗 Elasticidade-renda e cruzada,C/E,FGV,BADESC/Economista/2010,2010,False,False,CERTO,complementares: elasticidade cruzada negativa,,nenhuma,,adaptada
ECO-E2-L01381-1,E2-L01381,1,E2,06 — ✍️ Intensivo MM - Pré-TPS 2024 / Lista 1,04-A,🔀 Efeitos renda e substituição,ME,Banca não identificada,,2023,False,False,C,efeitos renda e substituição em bens normais e inferiores,,transcrita_insuficiente,,assertivas só em imagem resumida; verso dá C/E por item
ECO-E2-L01382-1,E2-L01382,1,E2,06 — ✍️ Intensivo MM - Pré-TPS 2024 / Lista 1,04-A,🥔 Bens inferiores e de Giffen,ME,Intensivo MM,,2023,False,False,E,"efeitos preço, renda e substituição; bem de Giffen",,transcrita_insuficiente,,assertivas só em imagem resumida
ECO-E2-L01383-1,E2-L01383,1,E2,06 — ✍️ Intensivo MM - Pré-TPS 2024 / Lista 1,04-A,📉 Curva renda-consumo e Engel,C/E,ACEP,BNB/Economista/2006,2006,False,False,ERRADO,"curva de Engel relaciona renda e quantidade, não preço",,nenhuma,,adaptada
ECO-E2-L01384-1,E2-L01384,1,E2,06 — ✍️ Intensivo MM - Pré-TPS 2024 / Lista 1,05,🗺️ Isoquantas e TMST,C/E,IADES,GDF/SEEC/Gestor/2023,2023,False,False,CERTO,proporções fixas: elasticidade de substituição nula,,nenhuma,,adaptada
ECO-E2-L01385-1,E2-L01385,1,E2,06 — ✍️ Intensivo MM - Pré-TPS 2024 / Lista 1,05,🗺️ Isoquantas e TMST,C/E,IADES,GDF/SEEC/Gestor/2023,2023,False,True,ERRADO,isoquantas lineares: solução de canto possível,,nenhuma,,adaptada
ECO-E2-L01386-1,E2-L01386,1,E2,06 — ✍️ Intensivo MM - Pré-TPS 2024 / Lista 1,05,📉 Produto marginal e rendimentos,C/E,FGV,Câmara Municipal de São Paulo/Consultor Técnico Legislativo/2024,2024,False,False,CERTO,produto médio máximo quando igual ao marginal,,nenhuma,,adaptada
ECO-E2-L01387-1,E2-L01387,1,E2,06 — ✍️ Intensivo MM - Pré-TPS 2024 / Lista 1,05,🗺️ Isoquantas e TMST,C/E,FGV,Câmara Municipal de São Paulo/Consultor Técnico Legislativo/2024,2024,False,True,ERRADO,"TMST entre fatores, não bens, = razão dos PMg",,nenhuma,,adaptada
ECO-E2-L01388-1,E2-L01388,1,E2,06 — ✍️ Intensivo MM - Pré-TPS 2024 / Lista 1,06,📈 Custos de longo prazo e escala,DISC,Intensivo MM,Intensivo Pré-TPS/2024,2024,False,False,RESPOSTA,economias de escala × rendimentos de escala,,nenhuma,,
ECO-E2-L01389-1,E2-L01389,1,E2,06 — ✍️ Intensivo MM - Pré-TPS 2024 / Lista 1,03,💸 Tributos: incidência e peso morto,EXERC,Intensivo MM,Intensivo Pré-TPS/2024,2024,False,False,RESPOSTA,identificar excedentes e peso morto do imposto no gráfico,,transcrita_ok,,
ECO-E2-L01390-1,E2-L01390,1,E2,06 — ✍️ Intensivo MM - Pré-TPS 2024 / Lista 1,06,💰 Custos de curto prazo,C/E,FEPESE,Celesc/Economista/2019,2019,False,False,ERRADO,custo fixo médio decresce com a produção,,nenhuma,,adaptada
ECO-E2-L01391-1,E2-L01391,1,E2,06 — ✍️ Intensivo MM - Pré-TPS 2024 / Lista 1,06,📈 Custos de longo prazo e escala,C/E,FEPESE,Celesc/Economista/2019,2019,False,False,ERRADO,parte crescente do CMeLP: deseconomias de escala,,nenhuma,,adaptada
ECO-E2-L01392-1,E2-L01392,1,E2,06 — ✍️ Intensivo MM - Pré-TPS 2024 / Lista 1,03,🚧 Preços máximos e mínimos,C/E,FCC,CLDF/Consultor Legislativo/2018,2018,False,False,ERRADO,"preço mínimo visa beneficiar produtor, gera excedente",,nenhuma,,adaptada
ECO-E2-L01393-1,E2-L01393,1,E2,06 — ✍️ Intensivo MM - Pré-TPS 2024 / Lista 1,03,🚧 Preços máximos e mínimos,C/E,CEBRASPE,PF/Agente/2009,2009,False,False,ERRADO,preço mínimo via compra: governo adquire excedente,,nenhuma,,
ECO-E2-L01394-1,E2-L01394,1,E2,06 — ✍️ Intensivo MM - Pré-TPS 2024 / Lista 1,03,😊 Excedentes e eficiência,DISC,Intensivo MM,Intensivo Pré-TPS/2024,2024,False,False,RESPOSTA,excedente do produtor × excedente do consumidor,,nenhuma,,
ECO-E2-L01395-1,E2-L01395,1,E2,06 — ✍️ Intensivo MM - Pré-TPS 2024 / Lista 1,07-A,⏱️ Curto prazo: oferta da firma,C/E,FCC,Prefeitura de Santos/2005,2005,False,False,ERRADO,rendimentos constantes não implicam oferta de curto prazo horizontal,,nenhuma,,adaptada
ECO-E2-L01396-1,E2-L01396,1,E2,06 — ✍️ Intensivo MM - Pré-TPS 2024 / Lista 1,07-A,⏱️ Curto prazo: oferta da firma,C/E,FCC,Prefeitura de Santos/2005,2005,False,False,ERRADO,firma fecha se preço < custo variável médio,,nenhuma,,adaptada
ECO-E2-L01397-1,E2-L01397,1,E2,06 — ✍️ Intensivo MM - Pré-TPS 2024 / Lista 1,07-A,⏱️ Curto prazo: oferta da firma,C/E,FCC,Prefeitura de Santos/2005,2005,False,False,ERRADO,oferta da firma = CMg acima do CVMe mínimo,,nenhuma,,adaptada
ECO-E2-L01398-1,E2-L01398,1,E2,06 — ✍️ Intensivo MM - Pré-TPS 2024 / Lista 1,07-A,⏱️ Curto prazo: oferta da firma,ME,ESAF,Analista de Finanças e Controle/2001,2001,False,True,E,curva de oferta de curto prazo da firma competitiva,,transcrita_insuficiente,,questão só em imagem resumida
ECO-E2-L01399-1,E2-L01399,1,E2,06 — ✍️ Intensivo MM - Pré-TPS 2024 / Lista 1,07-A,📐 Hipóteses e maximização de lucro,C/E,CEBRASPE,TCE/PA/2016,2016,False,True,CERTO,"concorrência perfeita: preço dado, receita total linear",,nenhuma,,
ECO-E2-L01400-1,E2-L01400,1,E2,06 — ✍️ Intensivo MM - Pré-TPS 2024 / Lista 1,07-A,📐 Hipóteses e maximização de lucro,C/E,CEBRASPE,TCE/PA/2016,2016,False,False,ERRADO,maximização de lucro: preço = custo marginal,,nenhuma,,
ECO-E2-L01401-1,E2-L01401,1,E2,06 — ✍️ Intensivo MM - Pré-TPS 2024 / Lista 1,03,💸 Tributos: incidência e peso morto,C/E,FCC,TCE/PR/Analista de Controle/2011,2011,False,False,ERRADO,incidência do imposto depende das elasticidades,,nenhuma,,adaptada
ECO-E2-L01403-1,E2-L01403,1,E2,06 — ✍️ Intensivo MM - Pré-TPS 2024 / Lista 1,08,"📊 Markup, elasticidade e poder de mercado",ME,Intensivo MM,Intensivo Pré-TPS/2024,2024,False,True,E,markup do monopolista e trecho elástico da demanda,,transcrita_insuficiente,,assertivas e alternativas só em imagem resumida
ECO-E2-L01404-1,E2-L01404,1,E2,06 — ✍️ Intensivo MM - Pré-TPS 2024 / Lista 1,08,"📊 Markup, elasticidade e poder de mercado",C/E,FGV,Senado Federal/Consultor Legislativo/2022,2022,False,False,?,markup menor com demanda mais elástica,,nenhuma,,verso só imagem; provável CERTO
ECO-E2-L01405-1,E2-L01405,1,E2,06 — ✍️ Intensivo MM - Pré-TPS 2024 / Lista 1,08,👑 Equilíbrio do monopólio,C/E,FEPESE,Celesc/Economista/2019,2019,False,False,ERRADO,no monopólio receita marginal < preço,,nenhuma,,adaptada
ECO-E2-L01406-1,E2-L01406,1,E2,06 — ✍️ Intensivo MM - Pré-TPS 2024 / Lista 1,08,🏛️ Monopólio natural e regulação,C/E,FEPESE,Celesc/Economista/2019,2019,False,False,?,monopólio natural: custo médio menor que várias firmas,,nenhuma,,verso só imagem; provável CERTO
ECO-E2-L01407-1,E2-L01407,1,E2,06 — ✍️ Intensivo MM - Pré-TPS 2024 / Lista 1,10,🤝 Cartel e conluio,DISC,Intensivo MM,Intensivo Pré-TPS/2024,2024,False,False,RESPOSTA,oligopólio com lucro de monopólio via conluio,,nenhuma,,verso só imagem decorativa
ECO-E2-L01408-1,E2-L01408,1,E2,06 — ✍️ Intensivo MM - Pré-TPS 2024 / Lista 1,12,🌫️ Externalidades e Coase,DISC,Intensivo MM,Intensivo Pré-TPS/2024,2024,False,False,RESPOSTA,nível eficiente: benefício marginal = custo marginal social,,nenhuma,,
ECO-E2-L01409-1,E2-L01409,1,E2,06 — ✍️ Intensivo MM - Pré-TPS 2024 / Lista 1,12,🕵️ Informação assimétrica,DISC,Intensivo MM,Intensivo Pré-TPS/2024,2024,False,False,RESPOSTA,conceito de mercados incompletos,,nenhuma,,falha de mercado: mercados incompletos
ECO-E2-L01411-1,E2-L01411,1,E2,06 — ✍️ Intensivo MM - Pré-TPS 2024 / Lista 1,10,🤝 Cartel e conluio,ME,CESGRANRIO,Técnico de Planejamento e Pesquisa/2024,2024,False,True,D,fatores que favorecem coordenação oligopolística/cartel,,transcrita_insuficiente,,questão só em imagem resumida
ECO-E2-L01412-1,E2-L01412,1,E2,06 — ✍️ Intensivo MM - Pré-TPS 2024 / Lista 1,08,🏛️ Monopólio natural e regulação,C/E,FCC,ManausPrev/Analista Previdenciário/2021,2021,False,True,ERRADO,regulação P = CMg em monopólio natural aumenta bem-estar,,nenhuma,,adaptada
ECO-E2-L01413-1,E2-L01413,1,E2,06 — ✍️ Intensivo MM - Pré-TPS 2024 / Lista 1,12,🌫️ Externalidades e Coase,C/E,FCC,ManausPrev/Analista Previdenciário/2021,2021,False,True,ERRADO,sobretaxa tarifária de energia não é imposto de Pigou,,nenhuma,,adaptada
ECO-E2-L01423-1,E2-L01423,1,E2,07 — ☑️ Intensivo - Rodrigo Teixeira - TPS 2023.3,04-A,📈 Curva preço-consumo,C/E,Prof. Rodrigo Teixeira,Intensivo Pré-TPS/2023,2023,False,False,ERRADO,alta do preço do gás reduz consumo do complementar,,nenhuma,,
ECO-E2-L01424-1,E2-L01424,1,E2,07 — ☑️ Intensivo - Rodrigo Teixeira - TPS 2023.3,04,🧠 Preferências e axiomas,C/E,Prof. Rodrigo Teixeira,Intensivo Pré-TPS/2023,2023,False,False,CERTO,convexidade: preferência por cestas equilibradas,,nenhuma,,
ECO-E2-L01425-1,E2-L01425,1,E2,07 — ☑️ Intensivo - Rodrigo Teixeira - TPS 2023.3,07-A,⏱️ Curto prazo: oferta da firma,C/E,Prof. Rodrigo Teixeira,Intensivo Pré-TPS/2023,2023,False,False,ERRADO,receita abaixo do CVMe: firma fecha no curto prazo,,nenhuma,,
ECO-E2-L01426-1,E2-L01426,1,E2,07 — ☑️ Intensivo - Rodrigo Teixeira - TPS 2023.3,12,🌫️ Externalidades e Coase,C/E,Prof. Rodrigo Teixeira,Intensivo Pré-TPS/2023,2023,False,False,ERRADO,"externalidade positiva: subsídio de Pigou, não imposto",,nenhuma,,
ECO-E2-L01427-1,E2-L01427,1,E2,07 — ☑️ Intensivo - Rodrigo Teixeira - TPS 2023.3,73,🧪 Heckscher-Ohlin e teoremas,C/E,Prof. Rodrigo Teixeira,Intensivo Pré-TPS/2023,2023,False,False,ERRADO,H-O: demanda maior eleva remuneração do fator intensivo,,nenhuma,,
ECO-E2-L01428-1,E2-L01428,1,E2,07 — ☑️ Intensivo - Rodrigo Teixeira - TPS 2023.3,75,🔬 Novas teorias do comércio,C/E,Prof. Rodrigo Teixeira,Intensivo Pré-TPS/2023,2023,False,True,ERRADO,"Linder: demanda semelhante, não comércio intrafirma",,nenhuma,,
ECO-E2-L01429-1,E2-L01429,1,E2,07 — ☑️ Intensivo - Rodrigo Teixeira - TPS 2023.3,75,🔬 Novas teorias do comércio,C/E,Prof. Rodrigo Teixeira,Intensivo Pré-TPS/2023,2023,False,False,CERTO,retornos crescentes justificam proteção estratégica,,nenhuma,,
ECO-E2-L01430-1,E2-L01430,1,E2,07 — ☑️ Intensivo - Rodrigo Teixeira - TPS 2023.3,75,🔬 Novas teorias do comércio,C/E,Prof. Rodrigo Teixeira,Intensivo Pré-TPS/2023,2023,False,False,CERTO,ciclo de vida do produto de Vernon,,nenhuma,,
ECO-E2-L01431-1,E2-L01431,1,E2,07 — ☑️ Intensivo - Rodrigo Teixeira - TPS 2023.3,TRIAGEM,HECON,C/E,Prof. Rodrigo Teixeira,Intensivo Pré-TPS/2023,2023,False,True,ERRADO,fechamento da Caixa de Conversão em 1914,,nenhuma,história econômica do Brasil,
ECO-E2-L01432-1,E2-L01432,1,E2,07 — ☑️ Intensivo - Rodrigo Teixeira - TPS 2023.3,TRIAGEM,HECON,C/E,Prof. Rodrigo Teixeira,Intensivo Pré-TPS/2023,2023,False,False,ERRADO,política monetária do segundo governo Vargas,,nenhuma,história econômica do Brasil,
ECO-E2-L01433-1,E2-L01433,1,E2,07 — ☑️ Intensivo - Rodrigo Teixeira - TPS 2023.3,37,🔥 Tipos e teorias da inflação,C/E,Prof. Rodrigo Teixeira,Intensivo Pré-TPS/2023,2023,False,False,CERTO,governo Sarney: diagnóstico de inflação inercial,,nenhuma,,
ECO-E2-L01434-1,E2-L01434,1,E2,07 — ☑️ Intensivo - Rodrigo Teixeira - TPS 2023.3,TRIAGEM,HECON,C/E,Prof. Rodrigo Teixeira,Intensivo Pré-TPS/2023,2023,False,False,ERRADO,Plano Real × Cruzado: juros e diagnóstico inercial,,nenhuma,história econômica do Brasil,
ECO-E2-L01435-1,E2-L01435,1,E2,07 — ☑️ Intensivo - Rodrigo Teixeira - TPS 2023.3,TRIAGEM,HECON,C/E,Prof. Rodrigo Teixeira,Intensivo Pré-TPS/2023,2023,False,False,CERTO,ajuste fiscal de Murtinho no governo Campos Salles,,nenhuma,história econômica do Brasil,
ECO-E2-L01436-1,E2-L01436,1,E2,07 — ☑️ Intensivo - Rodrigo Teixeira - TPS 2023.3,TRIAGEM,HECON,C/E,Prof. Rodrigo Teixeira,Intensivo Pré-TPS/2023,2023,False,False,CERTO,"PAEG: arrecadação, dívida interna e ORTNs",,nenhuma,história econômica do Brasil,
ECO-E2-L01437-1,E2-L01437,1,E2,07 — ☑️ Intensivo - Rodrigo Teixeira - TPS 2023.3,TRIAGEM,HECON,C/E,Prof. Rodrigo Teixeira,Intensivo Pré-TPS/2023,2023,False,True,CERTO,II PND: estatização da dívida externa,,nenhuma,história econômica do Brasil,
ECO-E2-L01438-1,E2-L01438,1,E2,07 — ☑️ Intensivo - Rodrigo Teixeira - TPS 2023.3,50,📈 Trajetória da dívida,C/E,Prof. Rodrigo Teixeira,Intensivo Pré-TPS/2023,2023,False,False,ERRADO,dívida/PIB cresceu nos governos FHC,,nenhuma,,
ECO-E2-L01439-1,E2-L01439,1,E2,07 — ☑️ Intensivo - Rodrigo Teixeira - TPS 2023.3,25,⚙️ Modelo clássico,C/E,Prof. Rodrigo Teixeira,Intensivo Pré-TPS/2023,2023,False,False,CERTO,superávit fiscal reduz juros nos fundos emprestáveis,,nenhuma,,
ECO-E2-L01440-1,E2-L01440,1,E2,07 — ☑️ Intensivo - Rodrigo Teixeira - TPS 2023.3,55,🛒 Teorias do consumo,C/E,Prof. Rodrigo Teixeira,Intensivo Pré-TPS/2023,2023,False,False,CERTO,renda permanente: renda transitória vai à poupança,,nenhuma,,
ECO-E2-L01441-1,E2-L01441,1,E2,07 — ☑️ Intensivo - Rodrigo Teixeira - TPS 2023.3,56,⚙️ Estado estacionário,C/E,Prof. Rodrigo Teixeira,Intensivo Pré-TPS/2023,2023,False,False,ERRADO,"poupança afeta nível, não crescimento no estado estacionário",,nenhuma,,
ECO-E2-L01442-1,E2-L01442,1,E2,07 — ☑️ Intensivo - Rodrigo Teixeira - TPS 2023.3,57,💡 Teorias do crescimento,C/E,Prof. Rodrigo Teixeira,Intensivo Pré-TPS/2023,2023,False,True,CERTO,crescimento endógeno: capital humano e P&D,,nenhuma,,
ECO-E2-L01443-1,E2-L01443,1,E2,07 — ☑️ Intensivo - Rodrigo Teixeira - TPS 2023.3,27,🕳️ Casos extremos,C/E,Prof. Rodrigo Teixeira,Intensivo Pré-TPS/2023,2023,False,True,CERTO,LM horizontal: política fiscal mais eficaz,,nenhuma,,
ECO-E2-L01444-1,E2-L01444,1,E2,07 — ☑️ Intensivo - Rodrigo Teixeira - TPS 2023.3,27,🕳️ Casos extremos,C/E,Prof. Rodrigo Teixeira,Intensivo Pré-TPS/2023,2023,False,False,ERRADO,demanda por moeda inelástica a juros: crowding out total,,nenhuma,,
ECO-E2-L01445-1,E2-L01445,1,E2,07 — ☑️ Intensivo - Rodrigo Teixeira - TPS 2023.3,70,🌊 Câmbio flutuante,C/E,Prof. Rodrigo Teixeira,Intensivo Pré-TPS/2023,2023,False,True,CERTO,mobilidade perfeita e câmbio flutuante: monetária eficaz,,nenhuma,,
ECO-E2-L01446-1,E2-L01446,1,E2,07 — ☑️ Intensivo - Rodrigo Teixeira - TPS 2023.3,70,🌊 Câmbio flutuante,C/E,Prof. Rodrigo Teixeira,Intensivo Pré-TPS/2023,2023,False,False,ERRADO,sem mobilidade de capital e câmbio flutuante: eficácia das políticas,,nenhuma,,
ECO-E2-L01447-1,E2-L01447,1,E2,07 — ☑️ Intensivo - Rodrigo Teixeira - TPS 2023.3,28,🏭 Oferta agregada e choques,C/E,Prof. Rodrigo Teixeira,Intensivo Pré-TPS/2023,2023,False,True,ERRADO,choque de oferta adverso eleva inflação,,nenhuma,,
ECO-E2-L01448-1,E2-L01448,1,E2,07 — ☑️ Intensivo - Rodrigo Teixeira - TPS 2023.3,28,🏭 Oferta agregada e choques,C/E,Prof. Rodrigo Teixeira,Intensivo Pré-TPS/2023,2023,False,False,ERRADO,expansão de demanda não eleva produto no longo prazo,,nenhuma,,
ECO-E2-L01449-1,E2-L01449,1,E2,07 — ☑️ Intensivo - Rodrigo Teixeira - TPS 2023.3,28,🏭 Oferta agregada e choques,C/E,Prof. Rodrigo Teixeira,Intensivo Pré-TPS/2023,2023,False,True,CERTO,capacidade ociosa torna OA de curto prazo mais elástica,,nenhuma,,
ECO-E2-L01450-1,E2-L01450,1,E2,07 — ☑️ Intensivo - Rodrigo Teixeira - TPS 2023.3,29,🔮 Expectativas e NAIRU,C/E,Prof. Rodrigo Teixeira,Intensivo Pré-TPS/2023,2023,False,True,ERRADO,Phillips de longo prazo vertical,,nenhuma,,
ECO-E2-L01451-1,E2-L01451,1,E2,07 — ☑️ Intensivo - Rodrigo Teixeira - TPS 2023.3,TRIAGEM,HECON,C/E,Prof. Rodrigo Teixeira,Intensivo Pré-TPS/2023,2023,False,False,CERTO,"Plano Real: déficit em TC, juros altos e dívida interna",,nenhuma,história econômica do Brasil,
ECO-E2-L01452-1,E2-L01452,1,E2,07 — ☑️ Intensivo - Rodrigo Teixeira - TPS 2023.3,TRIAGEM,HECON,C/E,Prof. Rodrigo Teixeira,Intensivo Pré-TPS/2023,2023,False,False,ERRADO,IED elevado com privatizações nos anos 1990,,nenhuma,história econômica do Brasil,
ECO-E2-L01453-1,E2-L01453,1,E2,07 — ☑️ Intensivo - Rodrigo Teixeira - TPS 2023.3,TRIAGEM,HECON,C/E,Prof. Rodrigo Teixeira,Intensivo Pré-TPS/2023,2023,False,False,ERRADO,desemprego e distribuição de renda no Plano Real,,nenhuma,história econômica do Brasil,
ECO-E2-L01454-1,E2-L01454,1,E2,07 — ☑️ Intensivo - Rodrigo Teixeira - TPS 2023.3,TRIAGEM,HECON,C/E,Prof. Rodrigo Teixeira,Intensivo Pré-TPS/2023,2023,False,False,CERTO,juros altos e superávits primários pós-1999 deprimiram PIB,,nenhuma,história econômica do Brasil,
ECO-E2-L01460-1,E2-L01460,1,E2,07 — ☑️ Intensivo - Rodrigo Teixeira - TPS 2023.3,04,🎯 Utilidade e curvas de indiferença,C/E,Prof. Rodrigo Teixeira,Intensivo Pré-TPS/2023,2023,False,True,ERRADO,curvas de indiferença negativamente inclinadas,,nenhuma,,
ECO-E2-L01461-1,E2-L01461,1,E2,07 — ☑️ Intensivo - Rodrigo Teixeira - TPS 2023.3,04,🎯 Utilidade e curvas de indiferença,C/E,Prof. Rodrigo Teixeira,Intensivo Pré-TPS/2023,2023,False,True,CERTO,substitutos perfeitos: indiferença em retas paralelas,,nenhuma,,
ECO-E2-L01462-1,E2-L01462,1,E2,07 — ☑️ Intensivo - Rodrigo Teixeira - TPS 2023.3,04,💵 Restrição orçamentária,C/E,Prof. Rodrigo Teixeira,Intensivo Pré-TPS/2023,2023,False,True,ERRADO,alta de preço altera inclinação da restrição orçamentária,,nenhuma,,
ECO-E2-L01463-1,E2-L01463,1,E2,07 — ☑️ Intensivo - Rodrigo Teixeira - TPS 2023.3,04,⚖️ Escolha ótima do consumidor,C/E,Prof. Rodrigo Teixeira,Intensivo Pré-TPS/2023,2023,False,True,ERRADO,ótimo: UMg/P iguais entre bens,,nenhuma,,
ECO-E2-L01464-1,E2-L01464,1,E2,07 — ☑️ Intensivo - Rodrigo Teixeira - TPS 2023.3,06,⚖️ Isocusto e combinação ótima,C/E,Prof. Rodrigo Teixeira,Intensivo Pré-TPS/2023,2023,False,False,CERTO,maior isoquanta alcançada pela isocusto,,nenhuma,,
ECO-E2-L01465-1,E2-L01465,1,E2,07 — ☑️ Intensivo - Rodrigo Teixeira - TPS 2023.3,07-A,⏱️ Curto prazo: oferta da firma,C/E,Prof. Rodrigo Teixeira,Intensivo Pré-TPS/2023,2023,False,False,ERRADO,preço abaixo do CVMe: produção zero,,nenhuma,,
ECO-E2-L01466-1,E2-L01466,1,E2,07 — ☑️ Intensivo - Rodrigo Teixeira - TPS 2023.3,07-A,⏳ Longo prazo e entrada/saída,C/E,Prof. Rodrigo Teixeira,Intensivo Pré-TPS/2023,2023,False,True,CERTO,indústria de custos decrescentes: oferta de LP negativamente inclinada,,nenhuma,,
ECO-E2-L01467-1,E2-L01467,1,E2,07 — ☑️ Intensivo - Rodrigo Teixeira - TPS 2023.3,06,⚖️ Isocusto e combinação ótima,C/E,Prof. Rodrigo Teixeira,Intensivo Pré-TPS/2023,2023,False,False,ERRADO,minimização de custo: TMST = preço relativo dos fatores,,nenhuma,,
ECO-E2-L01468-1,E2-L01468,1,E2,07 — ☑️ Intensivo - Rodrigo Teixeira - TPS 2023.3,73,⛵ Vantagens absolutas e comparativas,C/E,Prof. Rodrigo Teixeira,Intensivo Pré-TPS/2023,2023,False,False,CERTO,clássicos: produtividade do trabalho; neoclássicos: dotação de fatores,,nenhuma,,
ECO-E2-L01469-1,E2-L01469,1,E2,07 — ☑️ Intensivo - Rodrigo Teixeira - TPS 2023.3,73,⛵ Vantagens absolutas e comparativas,C/E,Prof. Rodrigo Teixeira,Intensivo Pré-TPS/2023,2023,False,False,ERRADO,Ricardo: comércio vantajoso mesmo sem vantagem absoluta,,nenhuma,,
ECO-E2-L01470-1,E2-L01470,1,E2,07 — ☑️ Intensivo - Rodrigo Teixeira - TPS 2023.3,73,🧪 Heckscher-Ohlin e teoremas,C/E,Prof. Rodrigo Teixeira,Intensivo Pré-TPS/2023,2023,False,False,CERTO,comércio eleva preço relativo do fator abundante,,nenhuma,,
ECO-E2-L01471-1,E2-L01471,1,E2,07 — ☑️ Intensivo - Rodrigo Teixeira - TPS 2023.3,74,🌎 CEPAL e termos de troca,C/E,Prof. Rodrigo Teixeira,Intensivo Pré-TPS/2023,2023,False,False,CERTO,CEPAL: baixa elasticidade-renda e deterioração dos termos de troca,,nenhuma,,
ECO-E2-L01472-1,E2-L01472,1,E2,07 — ☑️ Intensivo - Rodrigo Teixeira - TPS 2023.3,TRIAGEM,HECON,C/E,Prof. Rodrigo Teixeira,Intensivo Pré-TPS/2023,2023,False,False,CERTO,desvalorizações cambiais na economia cafeeira,,nenhuma,história econômica do Brasil,
ECO-E2-L01473-1,E2-L01473,1,E2,07 — ☑️ Intensivo - Rodrigo Teixeira - TPS 2023.3,TRIAGEM,HECON,C/E,Prof. Rodrigo Teixeira,Intensivo Pré-TPS/2023,2023,False,False,ERRADO,Instrução 70 da Sumoc: taxas múltiplas e confisco cambial,,nenhuma,história econômica do Brasil,
ECO-E2-L01474-1,E2-L01474,1,E2,07 — ☑️ Intensivo - Rodrigo Teixeira - TPS 2023.3,TRIAGEM,HECON,C/E,Prof. Rodrigo Teixeira,Intensivo Pré-TPS/2023,2023,False,True,ERRADO,Instrução 113 da Sumoc: importação de bens de capital sem cobertura,,nenhuma,história econômica do Brasil,
ECO-E2-L01475-1,E2-L01475,1,E2,07 — ☑️ Intensivo - Rodrigo Teixeira - TPS 2023.3,TRIAGEM,HECON,C/E,Prof. Rodrigo Teixeira,Intensivo Pré-TPS/2023,2023,False,True,ERRADO,Instrução 204 da Sumoc: unificação e desvalorização cambial,,nenhuma,história econômica do Brasil,
ECO-E2-L01476-1,E2-L01476,1,E2,07 — ☑️ Intensivo - Rodrigo Teixeira - TPS 2023.3,29,📉 Phillips original e aceleracionista,C/E,Prof. Rodrigo Teixeira,Intensivo Pré-TPS/2023,2023,False,True,CERTO,expectativas adaptativas: desemprego sobe só no curto prazo,,nenhuma,,
ECO-E2-L01477-1,E2-L01477,1,E2,07 — ☑️ Intensivo - Rodrigo Teixeira - TPS 2023.3,29,🔮 Expectativas e NAIRU,C/E,Prof. Rodrigo Teixeira,Intensivo Pré-TPS/2023,2023,False,False,CERTO,credibilidade e expectativas racionais reduzem custo da desinflação,,nenhuma,,
ECO-E2-L01478-1,E2-L01478,1,E2,07 — ☑️ Intensivo - Rodrigo Teixeira - TPS 2023.3,59,👷 Desemprego e mercado de trabalho,C/E,Prof. Rodrigo Teixeira,Intensivo Pré-TPS/2023,2023,False,False,CERTO,desalentados fora da força de trabalho,,nenhuma,,
ECO-E2-L01479-1,E2-L01479,1,E2,07 — ☑️ Intensivo - Rodrigo Teixeira - TPS 2023.3,29,📉 Phillips original e aceleracionista,C/E,Prof. Rodrigo Teixeira,Intensivo Pré-TPS/2023,2023,False,False,ERRADO,OA inelástica implica Phillips vertical,,nenhuma,,
ECO-E2-L01480-1,E2-L01480,1,E2,07 — ☑️ Intensivo - Rodrigo Teixeira - TPS 2023.3,26,✖️ Multiplicadores,C/E,Prof. Rodrigo Teixeira,Intensivo Pré-TPS/2023,2023,False,False,ERRADO,multiplicador de transferências maior que 1,,nenhuma,,
ECO-E2-L01481-1,E2-L01481,1,E2,07 — ☑️ Intensivo - Rodrigo Teixeira - TPS 2023.3,26,✖️ Multiplicadores,C/E,Prof. Rodrigo Teixeira,Intensivo Pré-TPS/2023,2023,False,False,CERTO,importações reduzem o multiplicador fiscal,,nenhuma,,
ECO-E2-L01482-1,E2-L01482,1,E2,07 — ☑️ Intensivo - Rodrigo Teixeira - TPS 2023.3,47,📊 Política fiscal e multiplicadores,C/E,Prof. Rodrigo Teixeira,Intensivo Pré-TPS/2023,2023,False,False,CERTO,dívida e juros maiores: efeito deslocamento,,nenhuma,,
ECO-E2-L01483-1,E2-L01483,1,E2,07 — ☑️ Intensivo - Rodrigo Teixeira - TPS 2023.3,47,🔮 Equivalência ricardiana,C/E,Prof. Rodrigo Teixeira,Intensivo Pré-TPS/2023,2023,False,True,ERRADO,equivalência ricardiana: déficit não eleva consumo,,nenhuma,,
ECO-E2-L01484-1,E2-L01484,1,E2,07 — ☑️ Intensivo - Rodrigo Teixeira - TPS 2023.3,66,📈 Determinantes do câmbio,C/E,Prof. Rodrigo Teixeira,Intensivo Pré-TPS/2023,2023,False,False,CERTO,queda de juros e risco fiscal depreciam o real,,nenhuma,,
ECO-E2-L01485-1,E2-L01485,1,E2,07 — ☑️ Intensivo - Rodrigo Teixeira - TPS 2023.3,27,🏦 Política fiscal e monetária,C/E,Prof. Rodrigo Teixeira,Intensivo Pré-TPS/2023,2023,False,True,ERRADO,compra de títulos desloca LM para baixo/direita,,nenhuma,,
ECO-E2-L01486-1,E2-L01486,1,E2,07 — ☑️ Intensivo - Rodrigo Teixeira - TPS 2023.3,70,🔒 Câmbio fixo,C/E,Prof. Rodrigo Teixeira,Intensivo Pré-TPS/2023,2023,False,False,CERTO,câmbio fixo e mobilidade alta: política monetária ineficaz,,nenhuma,,
ECO-E2-L01487-1,E2-L01487,1,E2,07 — ☑️ Intensivo - Rodrigo Teixeira - TPS 2023.3,70,🔒 Câmbio fixo,C/E,Prof. Rodrigo Teixeira,Intensivo Pré-TPS/2023,2023,False,True,ERRADO,câmbio fixo sem mobilidade: política monetária ineficaz,,nenhuma,,
ECO-E2-L01488-1,E2-L01488,1,E2,07 — ☑️ Intensivo - Rodrigo Teixeira - TPS 2023.3,TRIAGEM,HECON,C/E,Prof. Rodrigo Teixeira,Intensivo Pré-TPS/2023,2023,False,True,ERRADO,maxidesvalorizações de 1979 e 1983,,nenhuma,história econômica do Brasil,
ECO-E2-L01489-1,E2-L01489,1,E2,07 — ☑️ Intensivo - Rodrigo Teixeira - TPS 2023.3,TRIAGEM,HECON,C/E,Prof. Rodrigo Teixeira,Intensivo Pré-TPS/2023,2023,False,True,CERTO,ajuste recessivo de 1981-83 após fracasso de 1979-80,,nenhuma,história econômica do Brasil,
ECO-E2-L01490-1,E2-L01490,1,E2,07 — ☑️ Intensivo - Rodrigo Teixeira - TPS 2023.3,TRIAGEM,HECON,C/E,Prof. Rodrigo Teixeira,Intensivo Pré-TPS/2023,2023,False,False,CERTO,estatização da dívida externa e troca por dívida interna,,nenhuma,história econômica do Brasil,
ECO-E2-L01491-1,E2-L01491,1,E2,07 — ☑️ Intensivo - Rodrigo Teixeira - TPS 2023.3,TRIAGEM,HECON,C/E,Prof. Rodrigo Teixeira,Intensivo Pré-TPS/2023,2023,False,True,CERTO,II PND e controles de importação geram superávits nos anos 80,,nenhuma,história econômica do Brasil,
ECO-E2-L01501-1,E2-L01501,1,E2,08 — ☑️ Intensivo - Rodrigo Teixeira - TPS 2023.2,07-A,⏱️ Curto prazo: oferta da firma,C/E,Prof. Rodrigo Teixeira,Intensivo Pré-TPS/2023,2023,False,True,ERRADO,P = CMg não garante lucro zero no curto prazo,,nenhuma,,
ECO-E2-L01502-1,E2-L01502,1,E2,08 — ☑️ Intensivo - Rodrigo Teixeira - TPS 2023.2,07-A,📐 Hipóteses e maximização de lucro,C/E,Prof. Rodrigo Teixeira,Intensivo Pré-TPS/2023,2023,False,False,ERRADO,retornos crescentes de escala incompatíveis com concorrência,,nenhuma,,
ECO-E2-L01503-1,E2-L01503,1,E2,08 — ☑️ Intensivo - Rodrigo Teixeira - TPS 2023.2,08,🎟️ Discriminação de preços,C/E,Prof. Rodrigo Teixeira,Intensivo Pré-TPS/2023,2023,False,False,CERTO,discriminação de primeiro grau elimina peso morto,,nenhuma,,
ECO-E2-L01504-1,E2-L01504,1,E2,08 — ☑️ Intensivo - Rodrigo Teixeira - TPS 2023.2,09,🧩 Modelo de Chamberlin,C/E,Prof. Rodrigo Teixeira,Intensivo Pré-TPS/2023,2023,False,False,CERTO,concorrência monopolística: lucro zero e capacidade ociosa no LP,,nenhuma,,
ECO-E2-L01505-1,E2-L01505,1,E2,08 — ☑️ Intensivo - Rodrigo Teixeira - TPS 2023.2,73,⛵ Vantagens absolutas e comparativas,C/E,Prof. Rodrigo Teixeira,Intensivo Pré-TPS/2023,2023,False,False,ERRADO,"clássicos: produtividade do trabalho, não dotação de fatores",,nenhuma,,
ECO-E2-L01506-1,E2-L01506,1,E2,08 — ☑️ Intensivo - Rodrigo Teixeira - TPS 2023.2,73,🧪 Heckscher-Ohlin e teoremas,C/E,Prof. Rodrigo Teixeira,Intensivo Pré-TPS/2023,2023,False,True,CERTO,equalização dos preços dos fatores sem mobilidade de fatores,,nenhuma,,
ECO-E2-L01507-1,E2-L01507,1,E2,08 — ☑️ Intensivo - Rodrigo Teixeira - TPS 2023.2,73,❓ Paradoxo de Leontief e termos de troca,C/E,Prof. Rodrigo Teixeira,Intensivo Pré-TPS/2023,2023,False,False,ERRADO,Leontief: exportações dos EUA intensivas em trabalho,,nenhuma,,
ECO-E2-L01508-1,E2-L01508,1,E2,08 — ☑️ Intensivo - Rodrigo Teixeira - TPS 2023.2,73,🧪 Heckscher-Ohlin e teoremas,C/E,Prof. Rodrigo Teixeira,Intensivo Pré-TPS/2023,2023,False,False,ERRADO,Rybczynski: mais dotação eleva produção do bem intensivo,,nenhuma,,
ECO-E2-L01509-1,E2-L01509,1,E2,08 — ☑️ Intensivo - Rodrigo Teixeira - TPS 2023.2,66,📏 Câmbio nominal × real e PPC,C/E,Prof. Rodrigo Teixeira,Intensivo Pré-TPS/2023,2023,False,True,CERTO,inflação maior com câmbio fixo aprecia câmbio real,,nenhuma,,
ECO-E2-L01510-1,E2-L01510,1,E2,08 — ☑️ Intensivo - Rodrigo Teixeira - TPS 2023.2,69,🔗 Paridades e repasse cambial,C/E,Prof. Rodrigo Teixeira,Intensivo Pré-TPS/2023,2023,False,False,CERTO,paridade de juros: maior risco exige juros maiores,,nenhuma,,
ECO-E2-L01511-1,E2-L01511,1,E2,08 — ☑️ Intensivo - Rodrigo Teixeira - TPS 2023.2,69,🔗 Paridades e repasse cambial,C/E,Prof. Rodrigo Teixeira,Intensivo Pré-TPS/2023,2023,False,True,ERRADO,depreciação cambial é inflacionária,,nenhuma,,
ECO-E2-L01512-1,E2-L01512,1,E2,08 — ☑️ Intensivo - Rodrigo Teixeira - TPS 2023.2,66,📈 Determinantes do câmbio,C/E,Prof. Rodrigo Teixeira,Intensivo Pré-TPS/2023,2023,False,False,CERTO,condição de Marshall-Lerner,,nenhuma,,
ECO-E2-L01513-1,E2-L01513,1,E2,08 — ☑️ Intensivo - Rodrigo Teixeira - TPS 2023.2,70,🌊 Câmbio flutuante,C/E,Prof. Rodrigo Teixeira,Intensivo Pré-TPS/2023,2023,False,True,CERTO,câmbio flexível e mobilidade perfeita: política fiscal ineficaz,,nenhuma,,
ECO-E2-L01514-1,E2-L01514,1,E2,08 — ☑️ Intensivo - Rodrigo Teixeira - TPS 2023.2,70,🔒 Câmbio fixo,C/E,Prof. Rodrigo Teixeira,Intensivo Pré-TPS/2023,2023,False,True,ERRADO,câmbio fixo sem mobilidade: política fiscal gera déficit comercial,,nenhuma,,
ECO-E2-L01515-1,E2-L01515,1,E2,08 — ☑️ Intensivo - Rodrigo Teixeira - TPS 2023.2,70,📍 Curva BP e mobilidade de capital,C/E,Prof. Rodrigo Teixeira,Intensivo Pré-TPS/2023,2023,False,False,ERRADO,política monetária sem mobilidade de capital × economia fechada,,nenhuma,,
ECO-E2-L01516-1,E2-L01516,1,E2,08 — ☑️ Intensivo - Rodrigo Teixeira - TPS 2023.2,70,🌊 Câmbio flutuante,C/E,Prof. Rodrigo Teixeira,Intensivo Pré-TPS/2023,2023,False,False,CERTO,câmbio flexível amortece fugas de capital,,nenhuma,,
ECO-E2-L01517-1,E2-L01517,1,E2,08 — ☑️ Intensivo - Rodrigo Teixeira - TPS 2023.2,19,💰 Resultados fiscais (NFSP),C/E,Prof. Rodrigo Teixeira,Intensivo Pré-TPS/2023,2023,False,False,CERTO,resultado primário × nominal e evolução da dívida,,nenhuma,,
ECO-E2-L01518-1,E2-L01518,1,E2,08 — ☑️ Intensivo - Rodrigo Teixeira - TPS 2023.2,48,📏 Conceitos de déficit e dívida,C/E,Prof. Rodrigo Teixeira,Intensivo Pré-TPS/2023,2023,False,False,ERRADO,"DBGG inclui compromissadas, exclui estatais",,nenhuma,,
ECO-E2-L01519-1,E2-L01519,1,E2,08 — ☑️ Intensivo - Rodrigo Teixeira - TPS 2023.2,19,💰 Resultados fiscais (NFSP),C/E,Prof. Rodrigo Teixeira,Intensivo Pré-TPS/2023,2023,False,True,CERTO,resultado acima × abaixo da linha,,nenhuma,,
ECO-E2-L01520-1,E2-L01520,1,E2,08 — ☑️ Intensivo - Rodrigo Teixeira - TPS 2023.2,47,🔮 Equivalência ricardiana,C/E,Prof. Rodrigo Teixeira,Intensivo Pré-TPS/2023,2023,False,True,CERTO,equivalência ricardiana: poupança presente aumenta,,nenhuma,,
ECO-E2-L01521-1,E2-L01521,1,E2,08 — ☑️ Intensivo - Rodrigo Teixeira - TPS 2023.2,04,⚖️ Escolha ótima do consumidor,C/E,Prof. Rodrigo Teixeira,Intensivo Pré-TPS/2023,2023,False,False,ERRADO,complementares perfeitos: alta de preço reduz ambos,,nenhuma,,
ECO-E2-L01522-1,E2-L01522,1,E2,08 — ☑️ Intensivo - Rodrigo Teixeira - TPS 2023.2,04-A,🥔 Bens inferiores e de Giffen,C/E,Prof. Rodrigo Teixeira,Intensivo Pré-TPS/2023,2023,False,True,ERRADO,curva de Engel de Giffen e lei da demanda,,nenhuma,,
ECO-E2-L01523-1,E2-L01523,1,E2,08 — ☑️ Intensivo - Rodrigo Teixeira - TPS 2023.2,04,⚖️ Escolha ótima do consumidor,C/E,Prof. Rodrigo Teixeira,Intensivo Pré-TPS/2023,2023,False,False,CERTO,substitutos perfeitos: solução de canto pela razão UMg/P,,nenhuma,,
ECO-E2-L01524-1,E2-L01524,1,E2,08 — ☑️ Intensivo - Rodrigo Teixeira - TPS 2023.2,04-A,🧮 Slutsky e Hicks,C/E,Prof. Rodrigo Teixeira,Intensivo Pré-TPS/2023,2023,False,False,CERTO,bem inferior: efeitos renda e substituição opostos,,nenhuma,,
ECO-E2-L01525-1,E2-L01525,1,E2,08 — ☑️ Intensivo - Rodrigo Teixeira - TPS 2023.2,TRIAGEM,HECON,C/E,Prof. Rodrigo Teixeira,Intensivo Pré-TPS/2023,2023,False,False,CERTO,Furtado: trabalho assalariado e monetização no fim do século XIX,,nenhuma,história econômica do Brasil,
ECO-E2-L01526-1,E2-L01526,1,E2,08 — ☑️ Intensivo - Rodrigo Teixeira - TPS 2023.2,TRIAGEM,HECON,C/E,Prof. Rodrigo Teixeira,Intensivo Pré-TPS/2023,2023,False,True,ERRADO,apreciação cambial e preço do café nos anos 1890,,nenhuma,história econômica do Brasil,
ECO-E2-L01527-1,E2-L01527,1,E2,08 — ☑️ Intensivo - Rodrigo Teixeira - TPS 2023.2,TRIAGEM,HECON,C/E,Prof. Rodrigo Teixeira,Intensivo Pré-TPS/2023,2023,False,False,CERTO,valorização do café: poder de mercado brasileiro,,nenhuma,história econômica do Brasil,
ECO-E2-L01528-1,E2-L01528,1,E2,08 — ☑️ Intensivo - Rodrigo Teixeira - TPS 2023.2,TRIAGEM,HECON,C/E,Prof. Rodrigo Teixeira,Intensivo Pré-TPS/2023,2023,False,False,CERTO,funding loan de 1898 e incineração de papel-moeda,,nenhuma,história econômica do Brasil,
ECO-E2-L01529-1,E2-L01529,1,E2,08 — ☑️ Intensivo - Rodrigo Teixeira - TPS 2023.2,TRIAGEM,HECON,C/E,Prof. Rodrigo Teixeira,Intensivo Pré-TPS/2023,2023,False,False,ERRADO,política econômica do governo Dutra,,nenhuma,história econômica do Brasil,
ECO-E2-L01530-1,E2-L01530,1,E2,08 — ☑️ Intensivo - Rodrigo Teixeira - TPS 2023.2,TRIAGEM,HECON,C/E,Prof. Rodrigo Teixeira,Intensivo Pré-TPS/2023,2023,False,False,ERRADO,primeiro ano de Vargas e empréstimo do Eximbank,,nenhuma,história econômica do Brasil,
ECO-E2-L01531-1,E2-L01531,1,E2,08 — ☑️ Intensivo - Rodrigo Teixeira - TPS 2023.2,TRIAGEM,HECON,C/E,Prof. Rodrigo Teixeira,Intensivo Pré-TPS/2023,2023,False,False,ERRADO,crise cambial de 1952-53 e balança comercial,,nenhuma,história econômica do Brasil,
ECO-E2-L01532-1,E2-L01532,1,E2,08 — ☑️ Intensivo - Rodrigo Teixeira - TPS 2023.2,TRIAGEM,HECON,C/E,Prof. Rodrigo Teixeira,Intensivo Pré-TPS/2023,2023,False,False,ERRADO,financiamento externo no governo Dutra e Comissão Mista,,nenhuma,história econômica do Brasil,
ECO-E2-L01538-1,E2-L01538,1,E2,08 — ☑️ Intensivo - Rodrigo Teixeira - TPS 2023.2,07-A,⏱️ Curto prazo: oferta da firma,C/E,Prof. Rodrigo Teixeira,Intensivo Pré-TPS/2023,2023,False,False,CERTO,prejuízo no curto prazo com P > CVMe: continuar operando,,nenhuma,,
ECO-E2-L01539-1,E2-L01539,1,E2,08 — ☑️ Intensivo - Rodrigo Teixeira - TPS 2023.2,07-A,⏳ Longo prazo e entrada/saída,C/E,Prof. Rodrigo Teixeira,Intensivo Pré-TPS/2023,2023,False,False,CERTO,no longo prazo firma sai se P < CMeT,,nenhuma,,
ECO-E2-L01540-1,E2-L01540,1,E2,08 — ☑️ Intensivo - Rodrigo Teixeira - TPS 2023.2,08,"📊 Markup, elasticidade e poder de mercado",C/E,Prof. Rodrigo Teixeira,Intensivo Pré-TPS/2023,2023,False,True,ERRADO,markup: diferença entre preço e custo marginal,,nenhuma,,
ECO-E2-L01541-1,E2-L01541,1,E2,08 — ☑️ Intensivo - Rodrigo Teixeira - TPS 2023.2,09,🧩 Modelo de Chamberlin,C/E,Prof. Rodrigo Teixeira,Intensivo Pré-TPS/2023,2023,False,False,CERTO,markup cai com mais firmas e menor diferenciação,,nenhuma,,
ECO-E2-L01542-1,E2-L01542,1,E2,08 — ☑️ Intensivo - Rodrigo Teixeira - TPS 2023.2,73,🧪 Heckscher-Ohlin e teoremas,C/E,Prof. Rodrigo Teixeira,Intensivo Pré-TPS/2023,2023,False,True,ERRADO,Stolper-Samuelson: alta do preço eleva remuneração do fator intensivo,,nenhuma,,
ECO-E2-L01543-1,E2-L01543,1,E2,08 — ☑️ Intensivo - Rodrigo Teixeira - TPS 2023.2,73,❓ Paradoxo de Leontief e termos de troca,C/E,Prof. Rodrigo Teixeira,Intensivo Pré-TPS/2023,2023,False,False,CERTO,paradoxo de Leontief e qualificação do trabalho,,nenhuma,,
ECO-E2-L01544-1,E2-L01544,1,E2,08 — ☑️ Intensivo - Rodrigo Teixeira - TPS 2023.2,73,🧪 Heckscher-Ohlin e teoremas,C/E,Prof. Rodrigo Teixeira,Intensivo Pré-TPS/2023,2023,False,True,ERRADO,fator escasso perde com abertura comercial,,nenhuma,,
ECO-E2-L01545-1,E2-L01545,1,E2,08 — ☑️ Intensivo - Rodrigo Teixeira - TPS 2023.2,73,🧪 Heckscher-Ohlin e teoremas,C/E,Prof. Rodrigo Teixeira,Intensivo Pré-TPS/2023,2023,False,False,CERTO,Rybczynski: descoberta de recurso natural,,nenhuma,,
ECO-E2-L01546-1,E2-L01546,1,E2,08 — ☑️ Intensivo - Rodrigo Teixeira - TPS 2023.2,TRIAGEM,HECON,C/E,Prof. Rodrigo Teixeira,Intensivo Pré-TPS/2023,2023,False,False,CERTO,desvalorização cambial e socialização das perdas (Furtado),,nenhuma,história econômica do Brasil,
ECO-E2-L01547-1,E2-L01547,1,E2,08 — ☑️ Intensivo - Rodrigo Teixeira - TPS 2023.2,TRIAGEM,HECON,C/E,Prof. Rodrigo Teixeira,Intensivo Pré-TPS/2023,2023,False,True,ERRADO,minidesvalorizações cambiais no Milagre,,nenhuma,história econômica do Brasil,
ECO-E2-L01548-1,E2-L01548,1,E2,08 — ☑️ Intensivo - Rodrigo Teixeira - TPS 2023.2,TRIAGEM,HECON,C/E,Prof. Rodrigo Teixeira,Intensivo Pré-TPS/2023,2023,False,True,ERRADO,Instrução 204/209 da Sumoc: desvalorização cambial,,nenhuma,história econômica do Brasil,
ECO-E2-L01549-1,E2-L01549,1,E2,08 — ☑️ Intensivo - Rodrigo Teixeira - TPS 2023.2,TRIAGEM,HECON,C/E,Prof. Rodrigo Teixeira,Intensivo Pré-TPS/2023,2023,False,True,ERRADO,regime cambial no início do Plano Real,,nenhuma,história econômica do Brasil,
ECO-E2-L01550-1,E2-L01550,1,E2,08 — ☑️ Intensivo - Rodrigo Teixeira - TPS 2023.2,70,🌊 Câmbio flutuante,C/E,Prof. Rodrigo Teixeira,Intensivo Pré-TPS/2023,2023,False,True,CERTO,política fiscal contracionista ineficaz com câmbio flexível,,nenhuma,,
ECO-E2-L01551-1,E2-L01551,1,E2,08 — ☑️ Intensivo - Rodrigo Teixeira - TPS 2023.2,70,📍 Curva BP e mobilidade de capital,C/E,Prof. Rodrigo Teixeira,Intensivo Pré-TPS/2023,2023,False,False,ERRADO,política fiscal e saldo do BP conforme mobilidade de capital,,nenhuma,,
ECO-E2-L01552-1,E2-L01552,1,E2,08 — ☑️ Intensivo - Rodrigo Teixeira - TPS 2023.2,70,🌊 Câmbio flutuante,C/E,Prof. Rodrigo Teixeira,Intensivo Pré-TPS/2023,2023,False,False,CERTO,"política monetária eficaz no curto, neutra no longo prazo",,nenhuma,,
ECO-E2-L01553-1,E2-L01553,1,E2,08 — ☑️ Intensivo - Rodrigo Teixeira - TPS 2023.2,29,🔮 Expectativas e NAIRU,C/E,Prof. Rodrigo Teixeira,Intensivo Pré-TPS/2023,2023,False,False,ERRADO,expectativas racionais anulam efeito de política antecipada,,nenhuma,,
ECO-E2-L01554-1,E2-L01554,1,E2,08 — ☑️ Intensivo - Rodrigo Teixeira - TPS 2023.2,69,🔗 Paridades e repasse cambial,C/E,Prof. Rodrigo Teixeira,Intensivo Pré-TPS/2023,2023,False,True,CERTO,cálculo da paridade de juros com risco-país,,nenhuma,,
ECO-E2-L01555-1,E2-L01555,1,E2,08 — ☑️ Intensivo - Rodrigo Teixeira - TPS 2023.2,66,💱 Regimes cambiais,C/E,Prof. Rodrigo Teixeira,Intensivo Pré-TPS/2023,2023,False,False,CERTO,ataque especulativo força desvalorização em câmbio fixo,,nenhuma,,
ECO-E2-L01556-1,E2-L01556,1,E2,08 — ☑️ Intensivo - Rodrigo Teixeira - TPS 2023.2,69,🔗 Paridades e repasse cambial,C/E,Prof. Rodrigo Teixeira,Intensivo Pré-TPS/2023,2023,False,False,ERRADO,diferencial de juros compensa risco e depreciação esperada,,nenhuma,,
ECO-E2-L01557-1,E2-L01557,1,E2,08 — ☑️ Intensivo - Rodrigo Teixeira - TPS 2023.2,69,🔗 Paridades e repasse cambial,C/E,Prof. Rodrigo Teixeira,Intensivo Pré-TPS/2023,2023,False,False,CERTO,expectativa de depreciação: i > i* + risco,,nenhuma,,
ECO-E2-L01558-1,E2-L01558,1,E2,08 — ☑️ Intensivo - Rodrigo Teixeira - TPS 2023.2,28,🏭 Oferta agregada e choques,C/E,Prof. Rodrigo Teixeira,Intensivo Pré-TPS/2023,2023,False,True,ERRADO,salários flexíveis reduzem eficácia da política monetária,,nenhuma,,
ECO-E2-L01559-1,E2-L01559,1,E2,08 — ☑️ Intensivo - Rodrigo Teixeira - TPS 2023.2,28,🏭 Oferta agregada e choques,C/E,Prof. Rodrigo Teixeira,Intensivo Pré-TPS/2023,2023,False,True,CERTO,"acomodar choque de oferta: menos recessão, mais inflação",,nenhuma,,
ECO-E2-L01560-1,E2-L01560,1,E2,08 — ☑️ Intensivo - Rodrigo Teixeira - TPS 2023.2,59,👷 Desemprego e mercado de trabalho,C/E,Prof. Rodrigo Teixeira,Intensivo Pré-TPS/2023,2023,False,False,ERRADO,taxa natural de desemprego não é nula,,nenhuma,,
ECO-E2-L01561-1,E2-L01561,1,E2,08 — ☑️ Intensivo - Rodrigo Teixeira - TPS 2023.2,25,💵 Teoria quantitativa da moeda,C/E,Prof. Rodrigo Teixeira,Intensivo Pré-TPS/2023,2023,False,True,CERTO,neutralidade da moeda no longo prazo,,nenhuma,,
ECO-E2-L01562-1,E2-L01562,1,E2,08 — ☑️ Intensivo - Rodrigo Teixeira - TPS 2023.2,TRIAGEM,HECON,C/E,Prof. Rodrigo Teixeira,Intensivo Pré-TPS/2023,2023,False,False,CERTO,Convênio de Taubaté: compra de excedentes de café,,nenhuma,história econômica do Brasil,
ECO-E2-L01563-1,E2-L01563,1,E2,08 — ☑️ Intensivo - Rodrigo Teixeira - TPS 2023.2,TRIAGEM,HECON,C/E,Prof. Rodrigo Teixeira,Intensivo Pré-TPS/2023,2023,False,False,ERRADO,Taubaté: financiamento por empréstimos externos,,nenhuma,história econômica do Brasil,
ECO-E2-L01564-1,E2-L01564,1,E2,08 — ☑️ Intensivo - Rodrigo Teixeira - TPS 2023.2,TRIAGEM,HECON,C/E,Prof. Rodrigo Teixeira,Intensivo Pré-TPS/2023,2023,False,False,ERRADO,Taubaté: desestímulo às plantações não previsto,,nenhuma,história econômica do Brasil,
ECO-E2-L01565-1,E2-L01565,1,E2,08 — ☑️ Intensivo - Rodrigo Teixeira - TPS 2023.2,TRIAGEM,HECON,C/E,Prof. Rodrigo Teixeira,Intensivo Pré-TPS/2023,2023,False,False,CERTO,Taubaté: imposto em ouro sobre saca exportada,,nenhuma,história econômica do Brasil,
ECO-E2-L01566-1,E2-L01566,1,E2,08 — ☑️ Intensivo - Rodrigo Teixeira - TPS 2023.2,TRIAGEM,HECON,C/E,Prof. Rodrigo Teixeira,Intensivo Pré-TPS/2023,2023,False,False,CERTO,ISI: controle cambial de 1947 como instrumento industrial,,nenhuma,história econômica do Brasil,
ECO-E2-L01567-1,E2-L01567,1,E2,08 — ☑️ Intensivo - Rodrigo Teixeira - TPS 2023.2,TRIAGEM,HECON,C/E,Prof. Rodrigo Teixeira,Intensivo Pré-TPS/2023,2023,False,False,ERRADO,ISI nos anos 1930-40: bens de consumo não duráveis,,nenhuma,história econômica do Brasil,
ECO-E2-L01568-1,E2-L01568,1,E2,08 — ☑️ Intensivo - Rodrigo Teixeira - TPS 2023.2,TRIAGEM,HECON,C/E,Prof. Rodrigo Teixeira,Intensivo Pré-TPS/2023,2023,False,False,CERTO,ISI: desequilíbrios setoriais e regionais,,nenhuma,história econômica do Brasil,
ECO-E2-L01569-1,E2-L01569,1,E2,08 — ☑️ Intensivo - Rodrigo Teixeira - TPS 2023.2,TRIAGEM,HECON,C/E,Prof. Rodrigo Teixeira,Intensivo Pré-TPS/2023,2023,False,False,CERTO,"ISI: reservas de mercado, subsídios e incentivos",,nenhuma,história econômica do Brasil,
ECO-E2-L01575-1,E2-L01575,1,E2,08 — ☑️ Intensivo - Rodrigo Teixeira - TPS 2023.2,75,🔬 Novas teorias do comércio,C/E,Prof. Rodrigo Teixeira,Intensivo Pré-TPS/2023,2023,False,False,CERTO,diferenciação e escala explicam comércio entre semelhantes,,nenhuma,,
ECO-E2-L01576-1,E2-L01576,1,E2,08 — ☑️ Intensivo - Rodrigo Teixeira - TPS 2023.2,74,🌎 CEPAL e termos de troca,C/E,Prof. Rodrigo Teixeira,Intensivo Pré-TPS/2023,2023,False,False,CERTO,Prebisch: estruturas de mercado e deterioração dos termos de troca,,nenhuma,,
ECO-E2-L01577-1,E2-L01577,1,E2,08 — ☑️ Intensivo - Rodrigo Teixeira - TPS 2023.2,73,❓ Paradoxo de Leontief e termos de troca,C/E,Prof. Rodrigo Teixeira,Intensivo Pré-TPS/2023,2023,False,False,CERTO,Leontief motivou divisão do trabalho por qualificação,,nenhuma,,
ECO-E2-L01578-1,E2-L01578,1,E2,08 — ☑️ Intensivo - Rodrigo Teixeira - TPS 2023.2,73,🧪 Heckscher-Ohlin e teoremas,C/E,Prof. Rodrigo Teixeira,Intensivo Pré-TPS/2023,2023,False,False,ERRADO,Rybczynski compatível com doença holandesa,,nenhuma,,
ECO-E2-L01579-1,E2-L01579,1,E2,08 — ☑️ Intensivo - Rodrigo Teixeira - TPS 2023.2,27,🏦 Política fiscal e monetária,C/E,Prof. Rodrigo Teixeira,Intensivo Pré-TPS/2023,2023,False,False,ERRADO,alta de juros desloca LM para cima/esquerda,,nenhuma,,
ECO-E2-L01580-1,E2-L01580,1,E2,08 — ☑️ Intensivo - Rodrigo Teixeira - TPS 2023.2,36,🛠️ Instrumentos de política monetária,C/E,Prof. Rodrigo Teixeira,Intensivo Pré-TPS/2023,2023,False,False,CERTO,venda de títulos em mercado aberto eleva juros,,nenhuma,,
ECO-E2-L01581-1,E2-L01581,1,E2,08 — ☑️ Intensivo - Rodrigo Teixeira - TPS 2023.2,69,🔗 Paridades e repasse cambial,C/E,Prof. Rodrigo Teixeira,Intensivo Pré-TPS/2023,2023,False,False,ERRADO,alta de juros aprecia câmbio e reduz inflação,,nenhuma,,
ECO-E2-L01582-1,E2-L01582,1,E2,08 — ☑️ Intensivo - Rodrigo Teixeira - TPS 2023.2,36,🛠️ Instrumentos de política monetária,C/E,Prof. Rodrigo Teixeira,Intensivo Pré-TPS/2023,2023,False,False,CERTO,compulsório maior reduz criação de moeda,,nenhuma,,
ECO-E2-L01583-1,E2-L01583,1,E2,08 — ☑️ Intensivo - Rodrigo Teixeira - TPS 2023.2,70,🌊 Câmbio flutuante,C/E,Prof. Rodrigo Teixeira,Intensivo Pré-TPS/2023,2023,False,False,CERTO,fiscal com alta mobilidade e câmbio flexível: eficácia reduzida,,nenhuma,,
ECO-E2-L01584-1,E2-L01584,1,E2,08 — ☑️ Intensivo - Rodrigo Teixeira - TPS 2023.2,70,🌊 Câmbio flutuante,C/E,Prof. Rodrigo Teixeira,Intensivo Pré-TPS/2023,2023,False,False,ERRADO,queda de juros com câmbio flexível causa depreciação,,nenhuma,,
ECO-E2-L01585-1,E2-L01585,1,E2,08 — ☑️ Intensivo - Rodrigo Teixeira - TPS 2023.2,70,🌊 Câmbio flutuante,C/E,Prof. Rodrigo Teixeira,Intensivo Pré-TPS/2023,2023,False,True,CERTO,baixa mobilidade e câmbio flexível: fiscal ampliada por depreciação,,nenhuma,,
ECO-E2-L01586-1,E2-L01586,1,E2,08 — ☑️ Intensivo - Rodrigo Teixeira - TPS 2023.2,70,🔒 Câmbio fixo,C/E,Prof. Rodrigo Teixeira,Intensivo Pré-TPS/2023,2023,False,True,ERRADO,câmbio fixo: política monetária ineficaz mesmo com baixa mobilidade,,nenhuma,,
ECO-E2-L01587-1,E2-L01587,1,E2,08 — ☑️ Intensivo - Rodrigo Teixeira - TPS 2023.2,55,🛒 Teorias do consumo,C/E,Prof. Rodrigo Teixeira,Intensivo Pré-TPS/2023,2023,False,False,CERTO,renda permanente: renda temporária eleva poupança,,nenhuma,,
ECO-E2-L01588-1,E2-L01588,1,E2,08 — ☑️ Intensivo - Rodrigo Teixeira - TPS 2023.2,25,⚙️ Modelo clássico,C/E,Prof. Rodrigo Teixeira,Intensivo Pré-TPS/2023,2023,False,False,ERRADO,gasto do governo reduz poupança nos fundos emprestáveis,,nenhuma,,
ECO-E2-L01589-1,E2-L01589,1,E2,08 — ☑️ Intensivo - Rodrigo Teixeira - TPS 2023.2,56,🥇 Regra de ouro,C/E,Prof. Rodrigo Teixeira,Intensivo Pré-TPS/2023,2023,False,False,CERTO,regra de ouro maximiza consumo per capita,,nenhuma,,
ECO-E2-L01590-1,E2-L01590,1,E2,08 — ☑️ Intensivo - Rodrigo Teixeira - TPS 2023.2,68,🧂 Poupança externa,C/E,Prof. Rodrigo Teixeira,Intensivo Pré-TPS/2023,2023,False,False,CERTO,déficit em TC = uso de poupança externa,,nenhuma,,
ECO-E2-L01591-1,E2-L01591,1,E2,08 — ☑️ Intensivo - Rodrigo Teixeira - TPS 2023.2,07-A,⏱️ Curto prazo: oferta da firma,C/E,Prof. Rodrigo Teixeira,Intensivo Pré-TPS/2023,2023,False,False,ERRADO,no curto prazo RT < CT não implica saída,,nenhuma,,
ECO-E2-L01592-1,E2-L01592,1,E2,08 — ☑️ Intensivo - Rodrigo Teixeira - TPS 2023.2,07-A,⏱️ Curto prazo: oferta da firma,C/E,Prof. Rodrigo Teixeira,Intensivo Pré-TPS/2023,2023,False,False,CERTO,CVMe < P < CMe: firma opera com prejuízo,,nenhuma,,
ECO-E2-L01593-1,E2-L01593,1,E2,08 — ☑️ Intensivo - Rodrigo Teixeira - TPS 2023.2,07-A,⏳ Longo prazo e entrada/saída,C/E,Prof. Rodrigo Teixeira,Intensivo Pré-TPS/2023,2023,False,True,ERRADO,no longo prazo não há custos fixos: P < CMe implica saída,,nenhuma,,
ECO-E2-L01594-1,E2-L01594,1,E2,08 — ☑️ Intensivo - Rodrigo Teixeira - TPS 2023.2,07-A,⏱️ Curto prazo: oferta da firma,C/E,Prof. Rodrigo Teixeira,Intensivo Pré-TPS/2023,2023,False,True,ERRADO,oferta de curto prazo: CMg acima do CVMe,,nenhuma,,
ECO-E2-L01595-1,E2-L01595,1,E2,08 — ☑️ Intensivo - Rodrigo Teixeira - TPS 2023.2,59,👷 Desemprego e mercado de trabalho,C/E,Prof. Rodrigo Teixeira,Intensivo Pré-TPS/2023,2023,False,False,ERRADO,quem não procura emprego não é desempregado,,nenhuma,,
ECO-E2-L01596-1,E2-L01596,1,E2,08 — ☑️ Intensivo - Rodrigo Teixeira - TPS 2023.2,59,📏 Lei de Okun,C/E,Prof. Rodrigo Teixeira,Intensivo Pré-TPS/2023,2023,False,True,ERRADO,"Okun relaciona hiato do produto e desemprego, não inflação",,nenhuma,,
ECO-E2-L01597-1,E2-L01597,1,E2,08 — ☑️ Intensivo - Rodrigo Teixeira - TPS 2023.2,29,🔮 Expectativas e NAIRU,C/E,Prof. Rodrigo Teixeira,Intensivo Pré-TPS/2023,2023,False,True,CERTO,desemprego abaixo da natural acelera inflação,,nenhuma,,
ECO-E2-L01598-1,E2-L01598,1,E2,08 — ☑️ Intensivo - Rodrigo Teixeira - TPS 2023.2,29,📉 Phillips original e aceleracionista,C/E,Prof. Rodrigo Teixeira,Intensivo Pré-TPS/2023,2023,False,True,ERRADO,aceleracionista: Phillips de longo prazo vertical,,nenhuma,,
ECO-E2-L01599-1,E2-L01599,1,E2,08 — ☑️ Intensivo - Rodrigo Teixeira - TPS 2023.2,28,🏭 Oferta agregada e choques,C/E,Prof. Rodrigo Teixeira,Intensivo Pré-TPS/2023,2023,False,True,CERTO,desarticulação das cadeias: choque de oferta adverso,,nenhuma,,
ECO-E2-L01600-1,E2-L01600,1,E2,08 — ☑️ Intensivo - Rodrigo Teixeira - TPS 2023.2,28,📈 Demanda agregada,C/E,Prof. Rodrigo Teixeira,Intensivo Pré-TPS/2023,2023,False,False,ERRADO,"alta de preços: movimento ao longo da DA, não deslocamento",,nenhuma,,
ECO-E2-L01601-1,E2-L01601,1,E2,08 — ☑️ Intensivo - Rodrigo Teixeira - TPS 2023.2,28,🏭 Oferta agregada e choques,C/E,Prof. Rodrigo Teixeira,Intensivo Pré-TPS/2023,2023,False,True,CERTO,"acomodar choque de oferta: produto preservado, inflação maior",,nenhuma,,
ECO-E2-L01602-1,E2-L01602,1,E2,08 — ☑️ Intensivo - Rodrigo Teixeira - TPS 2023.2,28,📈 Demanda agregada,C/E,Prof. Rodrigo Teixeira,Intensivo Pré-TPS/2023,2023,False,False,CERTO,transferências expandem demanda agregada e pressionam inflação,,nenhuma,,
ECO-E2-L01603-1,E2-L01603,1,E2,08 — ☑️ Intensivo - Rodrigo Teixeira - TPS 2023.2,TRIAGEM,HECON,C/E,Prof. Rodrigo Teixeira,Intensivo Pré-TPS/2023,2023,False,True,ERRADO,diagnóstico da inflação no Milagre × PAEG,,nenhuma,história econômica do Brasil,
ECO-E2-L01604-1,E2-L01604,1,E2,08 — ☑️ Intensivo - Rodrigo Teixeira - TPS 2023.2,TRIAGEM,HECON,C/E,Prof. Rodrigo Teixeira,Intensivo Pré-TPS/2023,2023,False,False,ERRADO,minidesvalorizações e desempenho exportador no Milagre,,nenhuma,história econômica do Brasil,
ECO-E2-L01605-1,E2-L01605,1,E2,08 — ☑️ Intensivo - Rodrigo Teixeira - TPS 2023.2,TRIAGEM,HECON,C/E,Prof. Rodrigo Teixeira,Intensivo Pré-TPS/2023,2023,False,False,CERTO,controle de preços via órgãos estatais no Milagre,,nenhuma,história econômica do Brasil,
ECO-E2-L01606-1,E2-L01606,1,E2,08 — ☑️ Intensivo - Rodrigo Teixeira - TPS 2023.2,TRIAGEM,HECON,C/E,Prof. Rodrigo Teixeira,Intensivo Pré-TPS/2023,2023,False,True,CERTO,Milagre: liderança de duráveis e dependência de bens de capital,,nenhuma,história econômica do Brasil,
ECO-E2-L01616-1,E2-L01616,1,E2,09 — ☑️ Intensivo - Rodrigo Teixeira - TPS 2023.1,04,🎯 Utilidade e curvas de indiferença,C/E,Prof. Rodrigo Teixeira,Intensivo Pré-TPS/2023,2023,False,False,CERTO,bens saciados: utilidade marginal negativa,,nenhuma,,
ECO-E2-L01617-1,E2-L01617,1,E2,09 — ☑️ Intensivo - Rodrigo Teixeira - TPS 2023.1,04,🧠 Preferências e axiomas,C/E,Prof. Rodrigo Teixeira,Intensivo Pré-TPS/2023,2023,False,True,ERRADO,transitividade ≠ completude das preferências,,nenhuma,,
ECO-E2-L01618-1,E2-L01618,1,E2,09 — ☑️ Intensivo - Rodrigo Teixeira - TPS 2023.1,04-A,📉 Curva renda-consumo e Engel,C/E,Prof. Rodrigo Teixeira,Intensivo Pré-TPS/2023,2023,False,False,CERTO,curva de Engel: inferior negativa e normal positiva,,nenhuma,,
ECO-E2-L01619-1,E2-L01619,1,E2,09 — ☑️ Intensivo - Rodrigo Teixeira - TPS 2023.1,04,⚖️ Escolha ótima do consumidor,C/E,Prof. Rodrigo Teixeira,Intensivo Pré-TPS/2023,2023,False,False,CERTO,UMg/P maior em A: aumentar consumo de A,,nenhuma,,
ECO-E2-L01620-1,E2-L01620,1,E2,09 — ☑️ Intensivo - Rodrigo Teixeira - TPS 2023.1,73,⛵ Vantagens absolutas e comparativas,C/E,Prof. Rodrigo Teixeira,Intensivo Pré-TPS/2023,2023,False,False,CERTO,Smith vantagem absoluta e Ricardo vantagem comparativa,,nenhuma,,
ECO-E2-L01621-1,E2-L01621,1,E2,09 — ☑️ Intensivo - Rodrigo Teixeira - TPS 2023.1,73,🧪 Heckscher-Ohlin e teoremas,C/E,Prof. Rodrigo Teixeira,Intensivo Pré-TPS/2023,2023,False,False,ERRADO,Stolper-Samuelson: preço do bem eleva remuneração do fator intensivo,,nenhuma,,
ECO-E2-L01622-1,E2-L01622,1,E2,09 — ☑️ Intensivo - Rodrigo Teixeira - TPS 2023.1,73,🧪 Heckscher-Ohlin e teoremas,C/E,Prof. Rodrigo Teixeira,Intensivo Pré-TPS/2023,2023,False,False,CERTO,H-O × Ricardo: dotações relativas de fatores,,nenhuma,,
ECO-E2-L01623-1,E2-L01623,1,E2,09 — ☑️ Intensivo - Rodrigo Teixeira - TPS 2023.1,73,❓ Paradoxo de Leontief e termos de troca,C/E,Prof. Rodrigo Teixeira,Intensivo Pré-TPS/2023,2023,False,False,ERRADO,paradoxo de Leontief não levou ao abandono de H-O,,nenhuma,,
ECO-E2-L01624-1,E2-L01624,1,E2,09 — ☑️ Intensivo - Rodrigo Teixeira - TPS 2023.1,66,📏 Câmbio nominal × real e PPC,C/E,Prof. Rodrigo Teixeira,Intensivo Pré-TPS/2023,2023,False,True,ERRADO,PPC não implica câmbio nominal constante,,nenhuma,,
ECO-E2-L01625-1,E2-L01625,1,E2,09 — ☑️ Intensivo - Rodrigo Teixeira - TPS 2023.1,69,🔗 Paridades e repasse cambial,C/E,Prof. Rodrigo Teixeira,Intensivo Pré-TPS/2023,2023,False,False,CERTO,paridade coberta: aumento de risco exige juros ou reservas,,nenhuma,,
ECO-E2-L01626-1,E2-L01626,1,E2,09 — ☑️ Intensivo - Rodrigo Teixeira - TPS 2023.1,66,📈 Determinantes do câmbio,C/E,Prof. Rodrigo Teixeira,Intensivo Pré-TPS/2023,2023,False,True,CERTO,curva J: depreciação reduz saldo comercial de início,,nenhuma,,
ECO-E2-L01627-1,E2-L01627,1,E2,09 — ☑️ Intensivo - Rodrigo Teixeira - TPS 2023.1,66,📏 Câmbio nominal × real e PPC,C/E,Prof. Rodrigo Teixeira,Intensivo Pré-TPS/2023,2023,False,True,ERRADO,PPC relativa: inflação alta leva à depreciação nominal,,nenhuma,,
ECO-E2-L01628-1,E2-L01628,1,E2,09 — ☑️ Intensivo - Rodrigo Teixeira - TPS 2023.1,70,🌊 Câmbio flutuante,C/E,Prof. Rodrigo Teixeira,Intensivo Pré-TPS/2023,2023,False,True,CERTO,câmbio flexível e mobilidade perfeita: fiscal contracionista ineficaz,,nenhuma,,
ECO-E2-L01629-1,E2-L01629,1,E2,09 — ☑️ Intensivo - Rodrigo Teixeira - TPS 2023.1,70,🔒 Câmbio fixo,C/E,Prof. Rodrigo Teixeira,Intensivo Pré-TPS/2023,2023,False,True,ERRADO,câmbio fixo sem mobilidade: fiscal expansionista gera déficit comercial,,nenhuma,,
ECO-E2-L01630-1,E2-L01630,1,E2,09 — ☑️ Intensivo - Rodrigo Teixeira - TPS 2023.1,70,🔒 Câmbio fixo,C/E,Prof. Rodrigo Teixeira,Intensivo Pré-TPS/2023,2023,False,False,ERRADO,câmbio fixo e mobilidade perfeita: política monetária ineficaz,,nenhuma,,
ECO-E2-L01631-1,E2-L01631,1,E2,09 — ☑️ Intensivo - Rodrigo Teixeira - TPS 2023.1,70,🌊 Câmbio flutuante,C/E,Prof. Rodrigo Teixeira,Intensivo Pré-TPS/2023,2023,False,False,CERTO,fuga de capitais: câmbio flexível amortece perda de produto,,nenhuma,,
ECO-E2-L01632-1,E2-L01632,1,E2,09 — ☑️ Intensivo - Rodrigo Teixeira - TPS 2023.1,48,📏 Conceitos de déficit e dívida,C/E,Prof. Rodrigo Teixeira,Intensivo Pré-TPS/2023,2023,False,False,CERTO,política fiscal expansionista aumenta NFSP e dívida,,nenhuma,,
ECO-E2-L01633-1,E2-L01633,1,E2,09 — ☑️ Intensivo - Rodrigo Teixeira - TPS 2023.1,48,📏 Conceitos de déficit e dívida,C/E,Prof. Rodrigo Teixeira,Intensivo Pré-TPS/2023,2023,False,True,ERRADO,DBGG × DLSP: abrangência e estatais,,nenhuma,,
ECO-E2-L01634-1,E2-L01634,1,E2,09 — ☑️ Intensivo - Rodrigo Teixeira - TPS 2023.1,19,💰 Resultados fiscais (NFSP),C/E,Prof. Rodrigo Teixeira,Intensivo Pré-TPS/2023,2023,False,False,ERRADO,resultado abaixo da linha reflete melhor a dívida,,nenhuma,,
ECO-E2-L01635-1,E2-L01635,1,E2,09 — ☑️ Intensivo - Rodrigo Teixeira - TPS 2023.1,47,🔮 Equivalência ricardiana,C/E,Prof. Rodrigo Teixeira,Intensivo Pré-TPS/2023,2023,False,False,CERTO,equivalência ricardiana: poupança presente anula estímulo fiscal,,nenhuma,,
ECO-E2-L01636-1,E2-L01636,1,E2,09 — ☑️ Intensivo - Rodrigo Teixeira - TPS 2023.1,36,🛠️ Instrumentos de política monetária,C/E,Prof. Rodrigo Teixeira,Intensivo Pré-TPS/2023,2023,False,False,ERRADO,expansionista: compra de títulos e redução de compulsório,,nenhuma,,
ECO-E2-L01637-1,E2-L01637,1,E2,09 — ☑️ Intensivo - Rodrigo Teixeira - TPS 2023.1,36,🏛️ Funções do Banco Central,C/E,Prof. Rodrigo Teixeira,Intensivo Pré-TPS/2023,2023,False,False,CERTO,BC preserva poder de compra segundo metas do CMN,,nenhuma,,
ECO-E2-L01638-1,E2-L01638,1,E2,09 — ☑️ Intensivo - Rodrigo Teixeira - TPS 2023.1,36,🏛️ Funções do Banco Central,C/E,Prof. Rodrigo Teixeira,Intensivo Pré-TPS/2023,2023,False,False,CERTO,autonomia do BC: credibilidade da política monetária,,nenhuma,,
ECO-E2-L01639-1,E2-L01639,1,E2,09 — ☑️ Intensivo - Rodrigo Teixeira - TPS 2023.1,35,🏦 Criação de moeda e multiplicador,C/E,Prof. Rodrigo Teixeira,Intensivo Pré-TPS/2023,2023,False,False,CERTO,mais papel-moeda em poder do público reduz multiplicador,,nenhuma,,
ECO-E2-L01640-1,E2-L01640,1,E2,09 — ☑️ Intensivo - Rodrigo Teixeira - TPS 2023.1,TRIAGEM,HECON,C/E,Prof. Rodrigo Teixeira,Intensivo Pré-TPS/2023,2023,False,False,CERTO,Instrução 70 da SUMOC: monopólio cambial e taxas múltiplas,,nenhuma,história econômica do Brasil,
ECO-E2-L01641-1,E2-L01641,1,E2,09 — ☑️ Intensivo - Rodrigo Teixeira - TPS 2023.1,TRIAGEM,HECON,C/E,Prof. Rodrigo Teixeira,Intensivo Pré-TPS/2023,2023,False,False,CERTO,Instrução 113 da SUMOC: importação sem cobertura cambial,,nenhuma,história econômica do Brasil,
ECO-E2-L01642-1,E2-L01642,1,E2,09 — ☑️ Intensivo - Rodrigo Teixeira - TPS 2023.1,TRIAGEM,HECON,C/E,Prof. Rodrigo Teixeira,Intensivo Pré-TPS/2023,2023,False,False,CERTO,Instrução 204 da SUMOC: realismo cambial,,nenhuma,história econômica do Brasil,
ECO-E2-L01643-1,E2-L01643,1,E2,09 — ☑️ Intensivo - Rodrigo Teixeira - TPS 2023.1,TRIAGEM,HECON,C/E,Prof. Rodrigo Teixeira,Intensivo Pré-TPS/2023,2023,False,False,ERRADO,Plano Real: âncora cambial barateia importações,,nenhuma,história econômica do Brasil,
ECO-E2-L01644-1,E2-L01644,1,E2,09 — ☑️ Intensivo - Rodrigo Teixeira - TPS 2023.1,TRIAGEM,HECON,C/E,Prof. Rodrigo Teixeira,Intensivo Pré-TPS/2023,2023,False,False,CERTO,política expansionista de 1979-80 com estabilização inconsistente,,nenhuma,história econômica do Brasil,
ECO-E2-L01645-1,E2-L01645,1,E2,09 — ☑️ Intensivo - Rodrigo Teixeira - TPS 2023.1,TRIAGEM,HECON,C/E,Prof. Rodrigo Teixeira,Intensivo Pré-TPS/2023,2023,False,False,CERTO,segundo choque do petróleo e juros do Fed em 1979,,nenhuma,história econômica do Brasil,
ECO-E2-L01646-1,E2-L01646,1,E2,09 — ☑️ Intensivo - Rodrigo Teixeira - TPS 2023.1,TRIAGEM,HECON,C/E,Prof. Rodrigo Teixeira,Intensivo Pré-TPS/2023,2023,False,False,CERTO,ajuste recessivo 1981-83: externo sim e inflação não,,nenhuma,história econômica do Brasil,
ECO-E2-L01647-1,E2-L01647,1,E2,09 — ☑️ Intensivo - Rodrigo Teixeira - TPS 2023.1,TRIAGEM,HECON,C/E,Prof. Rodrigo Teixeira,Intensivo Pré-TPS/2023,2023,False,False,ERRADO,II PND não foi em vão na crise da dívida,,nenhuma,história econômica do Brasil,
ECO-E2-L01653-1,E2-L01653,1,E2,09 — ☑️ Intensivo - Rodrigo Teixeira - TPS 2023.1,56,⚙️ Estado estacionário,C/E,Prof. Rodrigo Teixeira,Intensivo Pré-TPS/2023,2023,False,False,ERRADO,Solow: poupança e população afetam nível e não crescimento,,nenhuma,,
ECO-E2-L01654-1,E2-L01654,1,E2,09 — ☑️ Intensivo - Rodrigo Teixeira - TPS 2023.1,57,💡 Teorias do crescimento,C/E,Prof. Rodrigo Teixeira,Intensivo Pré-TPS/2023,2023,False,False,CERTO,Harrod-Domar: g = s/v cresce com poupança e produtividade do capital,,nenhuma,,
ECO-E2-L01655-1,E2-L01655,1,E2,09 — ☑️ Intensivo - Rodrigo Teixeira - TPS 2023.1,56,"👥 População, tecnologia e convergência",C/E,Prof. Rodrigo Teixeira,Intensivo Pré-TPS/2023,2023,False,False,CERTO,Solow: crescimento per capita só com progresso tecnológico,,nenhuma,,
ECO-E2-L01656-1,E2-L01656,1,E2,09 — ☑️ Intensivo - Rodrigo Teixeira - TPS 2023.1,57,💡 Teorias do crescimento,C/E,Prof. Rodrigo Teixeira,Intensivo Pré-TPS/2023,2023,False,True,ERRADO,crescimento endógeno também considera inovações,,nenhuma,,
ECO-E2-L01657-1,E2-L01657,1,E2,09 — ☑️ Intensivo - Rodrigo Teixeira - TPS 2023.1,79,🧾 Tarifas,C/E,Prof. Rodrigo Teixeira,Intensivo Pré-TPS/2023,2023,False,False,ERRADO,tarifa: ganho do excedente do produtor (áreas),,transcrita_insuficiente,,áreas do gráfico não transcritas
ECO-E2-L01657-2,E2-L01657,2,E2,09 — ☑️ Intensivo - Rodrigo Teixeira - TPS 2023.1,79,🧾 Tarifas,C/E,Prof. Rodrigo Teixeira,Intensivo Pré-TPS/2023,2023,False,False,ERRADO,tarifa: peso morto (áreas do gráfico),,transcrita_insuficiente,,áreas do gráfico não transcritas
ECO-E2-L01657-3,E2-L01657,3,E2,09 — ☑️ Intensivo - Rodrigo Teixeira - TPS 2023.1,79,🧾 Tarifas,C/E,Prof. Rodrigo Teixeira,Intensivo Pré-TPS/2023,2023,False,False,ERRADO,tarifa: receita do governo (áreas),,transcrita_insuficiente,,áreas do gráfico não transcritas
ECO-E2-L01657-4,E2-L01657,4,E2,09 — ☑️ Intensivo - Rodrigo Teixeira - TPS 2023.1,79,🚫 Cotas e barreiras não tarifárias,C/E,Prof. Rodrigo Teixeira,Intensivo Pré-TPS/2023,2023,False,False,ERRADO,cota equivalente à tarifa também eleva preço ao consumidor,,transcrita_insuficiente,,áreas do gráfico não transcritas
ECO-E2-L01658-1,E2-L01658,1,E2,09 — ☑️ Intensivo - Rodrigo Teixeira - TPS 2023.1,09,🧩 Modelo de Chamberlin,C/E,Prof. Rodrigo Teixeira,Intensivo Pré-TPS/2023,2023,False,False,ERRADO,concorrência monopolística no LP: P > CMg com capacidade ociosa,,nenhuma,,
ECO-E2-L01659-1,E2-L01659,1,E2,09 — ☑️ Intensivo - Rodrigo Teixeira - TPS 2023.1,09,🧩 Modelo de Chamberlin,DISC,Prof. Rodrigo Teixeira,Intensivo Pré-TPS/2023,2023,False,False,RESPOSTA,concorrência perfeita × monopolística: características e equilíbrio,,nenhuma,,banca inferida pela origem
ECO-E2-L01660-1,E2-L01660,1,E2,09 — ☑️ Intensivo - Rodrigo Teixeira - TPS 2023.1,11,🔁 Jogos sequenciais e repetidos,C/E,Prof. Rodrigo Teixeira,Intensivo Pré-TPS/2023,2023,False,True,CERTO,cartel: incentivo a trapacear e jogo repetido infinitamente,,nenhuma,,
ECO-E2-L01661-1,E2-L01661,1,E2,09 — ☑️ Intensivo - Rodrigo Teixeira - TPS 2023.1,07-A,📐 Hipóteses e maximização de lucro,C/E,Prof. Rodrigo Teixeira,Intensivo Pré-TPS/2023,2023,False,True,ERRADO,demanda da firma (não do mercado) é perfeitamente elástica,,nenhuma,,
ECO-E2-L01662-1,E2-L01662,1,E2,09 — ☑️ Intensivo - Rodrigo Teixeira - TPS 2023.1,08,"📊 Markup, elasticidade e poder de mercado",C/E,Prof. Rodrigo Teixeira,Intensivo Pré-TPS/2023,2023,False,False,CERTO,markup maior com demanda mais inelástica (Lerner),,nenhuma,,
ECO-E2-L01663-1,E2-L01663,1,E2,09 — ☑️ Intensivo - Rodrigo Teixeira - TPS 2023.1,18,🏗️ Estrutura do BP (BPM6),C/E,Prof. Rodrigo Teixeira,Intensivo Pré-TPS/2023,2023,False,True,CERTO,variação de reservas na conta financeira (ativos de reserva),,nenhuma,,
ECO-E2-L01664-1,E2-L01664,1,E2,09 — ☑️ Intensivo - Rodrigo Teixeira - TPS 2023.1,18,✍️ Lançamentos,C/E,Prof. Rodrigo Teixeira,Intensivo Pré-TPS/2023,2023,False,False,ERRADO,remessas de imigrantes: renda secundária e não conta capital,,nenhuma,,
ECO-E2-L01665-1,E2-L01665,1,E2,09 — ☑️ Intensivo - Rodrigo Teixeira - TPS 2023.1,18,✍️ Lançamentos,C/E,Prof. Rodrigo Teixeira,Intensivo Pré-TPS/2023,2023,False,False,ERRADO,amortização de passivo externo vai à conta financeira,,nenhuma,,
ECO-E2-L01666-1,E2-L01666,1,E2,09 — ☑️ Intensivo - Rodrigo Teixeira - TPS 2023.1,18,🏗️ Estrutura do BP (BPM6),C/E,Prof. Rodrigo Teixeira,Intensivo Pré-TPS/2023,2023,False,True,CERTO,saldo da conta financeira: ativos menos passivos,,nenhuma,,
ECO-E2-L01667-1,E2-L01667,1,E2,09 — ☑️ Intensivo - Rodrigo Teixeira - TPS 2023.1,73,🧪 Heckscher-Ohlin e teoremas,C/E,Prof. Rodrigo Teixeira,Intensivo Pré-TPS/2023,2023,False,False,ERRADO,H-O: FPP côncava e especialização incompleta,,nenhuma,,
ECO-E2-L01668-1,E2-L01668,1,E2,09 — ☑️ Intensivo - Rodrigo Teixeira - TPS 2023.1,73,⛵ Vantagens absolutas e comparativas,C/E,Prof. Rodrigo Teixeira,Intensivo Pré-TPS/2023,2023,False,False,ERRADO,Ricardo: custos comparativos e não absolutos,,nenhuma,,
ECO-E2-L01669-1,E2-L01669,1,E2,09 — ☑️ Intensivo - Rodrigo Teixeira - TPS 2023.1,75,🔬 Novas teorias do comércio,C/E,Prof. Rodrigo Teixeira,Intensivo Pré-TPS/2023,2023,False,False,ERRADO,nova teoria: comércio entre industrializados não por dotações,,nenhuma,,
ECO-E2-L01670-1,E2-L01670,1,E2,09 — ☑️ Intensivo - Rodrigo Teixeira - TPS 2023.1,75,🔬 Novas teorias do comércio,C/E,Prof. Rodrigo Teixeira,Intensivo Pré-TPS/2023,2023,False,False,CERTO,nova teoria: escala e concorrência imperfeita entre países semelhantes,,nenhuma,,
ECO-E2-L01671-1,E2-L01671,1,E2,09 — ☑️ Intensivo - Rodrigo Teixeira - TPS 2023.1,29,📉 Phillips original e aceleracionista,C/E,Prof. Rodrigo Teixeira,Intensivo Pré-TPS/2023,2023,False,True,ERRADO,aceleracionista: desloca a CP de curto prazo e não a de longo,,nenhuma,,
ECO-E2-L01672-1,E2-L01672,1,E2,09 — ☑️ Intensivo - Rodrigo Teixeira - TPS 2023.1,29,📉 Phillips original e aceleracionista,C/E,Prof. Rodrigo Teixeira,Intensivo Pré-TPS/2023,2023,False,False,ERRADO,Phillips original: trade-off permanente e curva não vertical,,nenhuma,,
ECO-E2-L01673-1,E2-L01673,1,E2,09 — ☑️ Intensivo - Rodrigo Teixeira - TPS 2023.1,29,🔮 Expectativas e NAIRU,C/E,Prof. Rodrigo Teixeira,Intensivo Pré-TPS/2023,2023,False,False,CERTO,expectativas racionais: autonomia do BC reduz custo da desinflação,,nenhuma,,
ECO-E2-L01674-1,E2-L01674,1,E2,09 — ☑️ Intensivo - Rodrigo Teixeira - TPS 2023.1,29,📉 Phillips original e aceleracionista,C/E,Prof. Rodrigo Teixeira,Intensivo Pré-TPS/2023,2023,False,True,CERTO,Friedman: desemprego abaixo da natural só no curto prazo,,nenhuma,,
ECO-E2-L01675-1,E2-L01675,1,E2,09 — ☑️ Intensivo - Rodrigo Teixeira - TPS 2023.1,28,🏭 Oferta agregada e choques,C/E,Prof. Rodrigo Teixeira,Intensivo Pré-TPS/2023,2023,False,False,CERTO,OA de longo prazo vertical e curto prazo positivamente inclinada,,nenhuma,,
ECO-E2-L01676-1,E2-L01676,1,E2,09 — ☑️ Intensivo - Rodrigo Teixeira - TPS 2023.1,28,🏭 Oferta agregada e choques,C/E,Prof. Rodrigo Teixeira,Intensivo Pré-TPS/2023,2023,False,False,ERRADO,OA inclinada: moeda não neutra e Say não vale,,nenhuma,,
ECO-E2-L01677-1,E2-L01677,1,E2,09 — ☑️ Intensivo - Rodrigo Teixeira - TPS 2023.1,28,🏭 Oferta agregada e choques,C/E,Prof. Rodrigo Teixeira,Intensivo Pré-TPS/2023,2023,False,False,CERTO,contração da demanda: ajuste da OA de curto prazo à taxa natural,,nenhuma,,
ECO-E2-L01678-1,E2-L01678,1,E2,09 — ☑️ Intensivo - Rodrigo Teixeira - TPS 2023.1,28,🏭 Oferta agregada e choques,C/E,Prof. Rodrigo Teixeira,Intensivo Pré-TPS/2023,2023,False,False,CERTO,choque adverso de oferta acomodado por expansão da demanda,,nenhuma,,
ECO-E2-L01679-1,E2-L01679,1,E2,09 — ☑️ Intensivo - Rodrigo Teixeira - TPS 2023.1,TRIAGEM,HECON,C/E,Prof. Rodrigo Teixeira,Intensivo Pré-TPS/2023,2023,False,True,CERTO,Cruzadinho: medidas restritivas à demanda em setores,,nenhuma,história econômica do Brasil,
ECO-E2-L01680-1,E2-L01680,1,E2,09 — ☑️ Intensivo - Rodrigo Teixeira - TPS 2023.1,TRIAGEM,HECON,C/E,Prof. Rodrigo Teixeira,Intensivo Pré-TPS/2023,2023,False,False,CERTO,Plano Bresser: inflação inercial e de demanda e caráter híbrido,,nenhuma,história econômica do Brasil,
ECO-E2-L01681-1,E2-L01681,1,E2,09 — ☑️ Intensivo - Rodrigo Teixeira - TPS 2023.1,TRIAGEM,HECON,C/E,Prof. Rodrigo Teixeira,Intensivo Pré-TPS/2023,2023,False,False,ERRADO,Plano Verão também adotou congelamento,,nenhuma,história econômica do Brasil,
ECO-E2-L01682-1,E2-L01682,1,E2,09 — ☑️ Intensivo - Rodrigo Teixeira - TPS 2023.1,TRIAGEM,HECON,C/E,Prof. Rodrigo Teixeira,Intensivo Pré-TPS/2023,2023,False,False,ERRADO,Plano Collor: bloqueio não conteve meios de pagamento,,nenhuma,história econômica do Brasil,
ECO-E2-L01688-1,E2-L01688,1,E2,09 — ☑️ Intensivo - Rodrigo Teixeira - TPS 2023.1,02,🔗 Elasticidade-renda e cruzada,C/E,Prof. Rodrigo Teixeira,Intensivo Pré-TPS/2023,2023,False,True,ERRADO,elasticidade cruzada negativa indica complementares,,nenhuma,,
ECO-E2-L01689-1,E2-L01689,1,E2,09 — ☑️ Intensivo - Rodrigo Teixeira - TPS 2023.1,04-A,🥔 Bens inferiores e de Giffen,C/E,Prof. Rodrigo Teixeira,Intensivo Pré-TPS/2023,2023,False,True,ERRADO,bem inferior: queda de preço e efeito renda reduz demanda,,nenhuma,,
ECO-E2-L01690-1,E2-L01690,1,E2,09 — ☑️ Intensivo - Rodrigo Teixeira - TPS 2023.1,04,⚖️ Escolha ótima do consumidor,C/E,Prof. Rodrigo Teixeira,Intensivo Pré-TPS/2023,2023,False,False,CERTO,UMgA/PA < UMgB/PB: reduzir A e aumentar B,,nenhuma,,
ECO-E2-L01691-1,E2-L01691,1,E2,09 — ☑️ Intensivo - Rodrigo Teixeira - TPS 2023.1,04,🎯 Utilidade e curvas de indiferença,C/E,Prof. Rodrigo Teixeira,Intensivo Pré-TPS/2023,2023,False,False,ERRADO,complementares perfeitos: consumo cai na mesma proporção,,nenhuma,,
ECO-E2-L01692-1,E2-L01692,1,E2,09 — ☑️ Intensivo - Rodrigo Teixeira - TPS 2023.1,75,🔬 Novas teorias do comércio,C/E,Prof. Rodrigo Teixeira,Intensivo Pré-TPS/2023,2023,False,False,ERRADO,diferenciação e escala não reforçam H-O,,nenhuma,,
ECO-E2-L01693-1,E2-L01693,1,E2,09 — ☑️ Intensivo - Rodrigo Teixeira - TPS 2023.1,73,🧪 Heckscher-Ohlin e teoremas,C/E,Prof. Rodrigo Teixeira,Intensivo Pré-TPS/2023,2023,False,False,CERTO,Rybczynski compatível com doença holandesa,,nenhuma,,
ECO-E2-L01694-1,E2-L01694,1,E2,09 — ☑️ Intensivo - Rodrigo Teixeira - TPS 2023.1,74,🌎 CEPAL e termos de troca,C/E,Prof. Rodrigo Teixeira,Intensivo Pré-TPS/2023,2023,False,False,CERTO,Prebisch: elasticidades-renda e deterioração dos termos de troca,,nenhuma,,
ECO-E2-L01695-1,E2-L01695,1,E2,09 — ☑️ Intensivo - Rodrigo Teixeira - TPS 2023.1,73,❓ Paradoxo de Leontief e termos de troca,C/E,Prof. Rodrigo Teixeira,Intensivo Pré-TPS/2023,2023,False,True,ERRADO,paradoxo de Leontief: EUA exportavam bens trabalho-intensivos,,nenhuma,,
ECO-E2-L01696-1,E2-L01696,1,E2,09 — ☑️ Intensivo - Rodrigo Teixeira - TPS 2023.1,66,📏 Câmbio nominal × real e PPC,C/E,Prof. Rodrigo Teixeira,Intensivo Pré-TPS/2023,2023,False,False,CERTO,PPC: expansão monetária maior gera depreciação nominal,,nenhuma,,
ECO-E2-L01697-1,E2-L01697,1,E2,09 — ☑️ Intensivo - Rodrigo Teixeira - TPS 2023.1,66,📏 Câmbio nominal × real e PPC,C/E,Prof. Rodrigo Teixeira,Intensivo Pré-TPS/2023,2023,False,False,ERRADO,câmbio fixo e inflação menor: efeito sobre câmbio real,,nenhuma,,verso marca E mas comentário sugere C
ECO-E2-L01698-1,E2-L01698,1,E2,09 — ☑️ Intensivo - Rodrigo Teixeira - TPS 2023.1,70,🌊 Câmbio flutuante,C/E,Prof. Rodrigo Teixeira,Intensivo Pré-TPS/2023,2023,False,False,CERTO,juros externos caem: apreciação e menor saldo comercial,,nenhuma,,
ECO-E2-L01699-1,E2-L01699,1,E2,09 — ☑️ Intensivo - Rodrigo Teixeira - TPS 2023.1,18,🏗️ Estrutura do BP (BPM6),C/E,Prof. Rodrigo Teixeira,Intensivo Pré-TPS/2023,2023,False,False,ERRADO,déficit em TC: conta financeira negativa (BPM6),,nenhuma,,
ECO-E2-L01700-1,E2-L01700,1,E2,09 — ☑️ Intensivo - Rodrigo Teixeira - TPS 2023.1,35,🏦 Criação de moeda e multiplicador,C/E,Prof. Rodrigo Teixeira,Intensivo Pré-TPS/2023,2023,False,False,ERRADO,empréstimo do BC aos bancos não eleva M1 em igual montante,,nenhuma,,
ECO-E2-L01701-1,E2-L01701,1,E2,09 — ☑️ Intensivo - Rodrigo Teixeira - TPS 2023.1,35,🏦 Criação de moeda e multiplicador,C/E,Prof. Rodrigo Teixeira,Intensivo Pré-TPS/2023,2023,False,False,ERRADO,reservas via empréstimo externo não criam moeda,,nenhuma,,
ECO-E2-L01702-1,E2-L01702,1,E2,09 — ☑️ Intensivo - Rodrigo Teixeira - TPS 2023.1,70,🔒 Câmbio fixo,C/E,Prof. Rodrigo Teixeira,Intensivo Pré-TPS/2023,2023,False,False,CERTO,câmbio fixo e mobilidade perfeita: open market tem efeito nulo na base,,nenhuma,,
ECO-E2-L01703-1,E2-L01703,1,E2,09 — ☑️ Intensivo - Rodrigo Teixeira - TPS 2023.1,35,🏦 Criação de moeda e multiplicador,C/E,Prof. Rodrigo Teixeira,Intensivo Pré-TPS/2023,2023,False,False,ERRADO,multiplicador menor com mais reservas bancárias,,nenhuma,,
ECO-E2-L01704-1,E2-L01704,1,E2,09 — ☑️ Intensivo - Rodrigo Teixeira - TPS 2023.1,25,⚙️ Modelo clássico,C/E,Prof. Rodrigo Teixeira,Intensivo Pré-TPS/2023,2023,False,False,ERRADO,modelo clássico: pleno emprego admite desemprego friccional,,nenhuma,,
ECO-E2-L01705-1,E2-L01705,1,E2,09 — ☑️ Intensivo - Rodrigo Teixeira - TPS 2023.1,25,⚙️ Modelo clássico,C/E,Prof. Rodrigo Teixeira,Intensivo Pré-TPS/2023,2023,False,False,ERRADO,produto clássico: função de produção e mercado de trabalho,,nenhuma,,
ECO-E2-L01706-1,E2-L01706,1,E2,09 — ☑️ Intensivo - Rodrigo Teixeira - TPS 2023.1,25,⚙️ Modelo clássico,C/E,Prof. Rodrigo Teixeira,Intensivo Pré-TPS/2023,2023,False,False,ERRADO,imposto sobre aplicações: poupança à esquerda e juros sobem,,nenhuma,,
ECO-E2-L01707-1,E2-L01707,1,E2,09 — ☑️ Intensivo - Rodrigo Teixeira - TPS 2023.1,27,🕳️ Casos extremos,C/E,Prof. Rodrigo Teixeira,Intensivo Pré-TPS/2023,2023,False,False,ERRADO,LM vertical não implica oferta agregada vertical,,nenhuma,,
ECO-E2-L01708-1,E2-L01708,1,E2,09 — ☑️ Intensivo - Rodrigo Teixeira - TPS 2023.1,TRIAGEM,HECON,C/E,Prof. Rodrigo Teixeira,Intensivo Pré-TPS/2023,2023,False,False,CERTO,ISI cepalina: choques externos adversos,,nenhuma,história econômica do Brasil (ISI),
ECO-E2-L01709-1,E2-L01709,1,E2,09 — ☑️ Intensivo - Rodrigo Teixeira - TPS 2023.1,TRIAGEM,HECON,C/E,Prof. Rodrigo Teixeira,Intensivo Pré-TPS/2023,2023,False,False,ERRADO,ISI inicial não foi política deliberada pró-indústria,,nenhuma,história econômica do Brasil (ISI),
ECO-E2-L01710-1,E2-L01710,1,E2,09 — ☑️ Intensivo - Rodrigo Teixeira - TPS 2023.1,TRIAGEM,HECON,C/E,Prof. Rodrigo Teixeira,Intensivo Pré-TPS/2023,2023,False,False,CERTO,ISI: mercado interno e indústria incipiente diversificada,,nenhuma,história econômica do Brasil (ISI),
ECO-E2-L01711-1,E2-L01711,1,E2,09 — ☑️ Intensivo - Rodrigo Teixeira - TPS 2023.1,TRIAGEM,HECON,C/E,Prof. Rodrigo Teixeira,Intensivo Pré-TPS/2023,2023,False,False,ERRADO,2ª Guerra não é marco inicial da ISI,,nenhuma,história econômica do Brasil (ISI),
ECO-E2-L01712-1,E2-L01712,1,E2,09 — ☑️ Intensivo - Rodrigo Teixeira - TPS 2023.1,TRIAGEM,HECON,C/E,Prof. Rodrigo Teixeira,Intensivo Pré-TPS/2023,2023,False,False,CERTO,milagre: expansão do euromercado,,nenhuma,história econômica do Brasil,
ECO-E2-L01712-2,E2-L01712,2,E2,09 — ☑️ Intensivo - Rodrigo Teixeira - TPS 2023.1,TRIAGEM,HECON,C/E,Prof. Rodrigo Teixeira,Intensivo Pré-TPS/2023,2023,False,False,CERTO,milagre: liquidez internacional e crédito externo,,nenhuma,história econômica do Brasil,
ECO-E2-L01712-3,E2-L01712,3,E2,09 — ☑️ Intensivo - Rodrigo Teixeira - TPS 2023.1,TRIAGEM,HECON,C/E,Prof. Rodrigo Teixeira,Intensivo Pré-TPS/2023,2023,False,False,ERRADO,milagre: havia dúvidas sobre paridade dólar-ouro,,nenhuma,história econômica do Brasil,
ECO-E2-L01712-4,E2-L01712,4,E2,09 — ☑️ Intensivo - Rodrigo Teixeira - TPS 2023.1,TRIAGEM,HECON,C/E,Prof. Rodrigo Teixeira,Intensivo Pré-TPS/2023,2023,False,False,CERTO,milagre: crescimento do comércio mundial,,nenhuma,história econômica do Brasil,
ECO-E2-L01713-1,E2-L01713,1,E2,09 — ☑️ Intensivo - Rodrigo Teixeira - TPS 2023.1,07-A,⏱️ Curto prazo: oferta da firma,C/E,Prof. Rodrigo Teixeira,Intensivo Pré-TPS/2023,2023,False,False,CERTO,firma com prejuízo produz se P > CVMe no curto prazo,,nenhuma,,
ECO-E2-L01714-1,E2-L01714,1,E2,09 — ☑️ Intensivo - Rodrigo Teixeira - TPS 2023.1,08,"📊 Markup, elasticidade e poder de mercado",C/E,Prof. Rodrigo Teixeira,Intensivo Pré-TPS/2023,2023,False,True,ERRADO,Lerner: preço sobre custo marginal e não médio,,nenhuma,,
ECO-E2-L01715-1,E2-L01715,1,E2,09 — ☑️ Intensivo - Rodrigo Teixeira - TPS 2023.1,07-A,⏳ Longo prazo e entrada/saída,C/E,Prof. Rodrigo Teixeira,Intensivo Pré-TPS/2023,2023,False,False,CERTO,firma competitiva sai no LP se P < CMe,,nenhuma,,
ECO-E2-L01716-1,E2-L01716,1,E2,09 — ☑️ Intensivo - Rodrigo Teixeira - TPS 2023.1,09,🧩 Modelo de Chamberlin,C/E,Prof. Rodrigo Teixeira,Intensivo Pré-TPS/2023,2023,False,False,CERTO,markup menor com mais firmas e menos diferenciação,,nenhuma,,
ECO-E2-L01722-1,E2-L01722,1,E2,09 — ☑️ Intensivo - Rodrigo Teixeira - TPS 2023.1,05,📏 Rendimentos de escala,C/E,Prof. Rodrigo Teixeira,Intensivo Pré-TPS/2023,2023,False,False,ERRADO,retornos crescentes: isoquantas mais próximas,,nenhuma,,
ECO-E2-L01723-1,E2-L01723,1,E2,09 — ☑️ Intensivo - Rodrigo Teixeira - TPS 2023.1,06,⚖️ Isocusto e combinação ótima,C/E,Prof. Rodrigo Teixeira,Intensivo Pré-TPS/2023,2023,False,True,CERTO,caminho de expansão: pontos de custo mínimo,,nenhuma,,
ECO-E2-L01724-1,E2-L01724,1,E2,09 — ☑️ Intensivo - Rodrigo Teixeira - TPS 2023.1,06,📈 Custos de longo prazo e escala,C/E,Prof. Rodrigo Teixeira,Intensivo Pré-TPS/2023,2023,False,False,CERTO,longo prazo: isoquanta mais alta com mesmo isocusto,,nenhuma,,
ECO-E2-L01725-1,E2-L01725,1,E2,09 — ☑️ Intensivo - Rodrigo Teixeira - TPS 2023.1,05,📏 Rendimentos de escala,C/E,Prof. Rodrigo Teixeira,Intensivo Pré-TPS/2023,2023,False,True,ERRADO,rendimentos decrescentes dos fatores e retornos crescentes de escala,,nenhuma,,
ECO-E2-L01726-1,E2-L01726,1,E2,09 — ☑️ Intensivo - Rodrigo Teixeira - TPS 2023.1,09,🧩 Modelo de Chamberlin,C/E,Prof. Rodrigo Teixeira,Intensivo Pré-TPS/2023,2023,False,False,CERTO,concorrência monopolística LP: lucro zero e escala ineficiente,,nenhuma,,
ECO-E2-L01727-1,E2-L01727,1,E2,09 — ☑️ Intensivo - Rodrigo Teixeira - TPS 2023.1,10,🥇 Stackelberg e liderança,C/E,Prof. Rodrigo Teixeira,Intensivo Pré-TPS/2023,2023,False,True,CERTO,Cournot simultâneo × Stackelberg com líder,,nenhuma,,
ECO-E2-L01728-1,E2-L01728,1,E2,09 — ☑️ Intensivo - Rodrigo Teixeira - TPS 2023.1,11,♟️ Equilíbrio de Nash e dominância,C/E,Prof. Rodrigo Teixeira,Intensivo Pré-TPS/2023,2023,False,False,ERRADO,Nash não é necessariamente em estratégias dominantes,,nenhuma,,
ECO-E2-L01729-1,E2-L01729,1,E2,09 — ☑️ Intensivo - Rodrigo Teixeira - TPS 2023.1,10,🧮 Cournot e Bertrand,C/E,Prof. Rodrigo Teixeira,Intensivo Pré-TPS/2023,2023,False,False,ERRADO,Bertrand homogêneo: preço igual ao custo marginal,,nenhuma,,
ECO-E2-L01730-1,E2-L01730,1,E2,09 — ☑️ Intensivo - Rodrigo Teixeira - TPS 2023.1,56,"👥 População, tecnologia e convergência",C/E,Prof. Rodrigo Teixeira,Intensivo Pré-TPS/2023,2023,False,True,ERRADO,Solow com progresso: per capita cresce a g,,nenhuma,,
ECO-E2-L01731-1,E2-L01731,1,E2,09 — ☑️ Intensivo - Rodrigo Teixeira - TPS 2023.1,56,⚙️ Estado estacionário,C/E,Prof. Rodrigo Teixeira,Intensivo Pré-TPS/2023,2023,False,True,ERRADO,Solow sem progresso: crescimento per capita nulo no EE,,nenhuma,,
ECO-E2-L01732-1,E2-L01732,1,E2,09 — ☑️ Intensivo - Rodrigo Teixeira - TPS 2023.1,56,⚙️ Estado estacionário,C/E,Prof. Rodrigo Teixeira,Intensivo Pré-TPS/2023,2023,False,False,CERTO,mais poupança eleva renda per capita no EE,,nenhuma,,
ECO-E2-L01733-1,E2-L01733,1,E2,09 — ☑️ Intensivo - Rodrigo Teixeira - TPS 2023.1,56,"👥 População, tecnologia e convergência",C/E,Prof. Rodrigo Teixeira,Intensivo Pré-TPS/2023,2023,False,True,CERTO,convergência condicional: país pobre cresce mais rápido,,nenhuma,,
ECO-E2-L01734-1,E2-L01734,1,E2,09 — ☑️ Intensivo - Rodrigo Teixeira - TPS 2023.1,18,🏗️ Estrutura do BP (BPM6),C/E,Prof. Rodrigo Teixeira,Intensivo Pré-TPS/2023,2023,False,True,CERTO,variação de reservas na conta financeira (ativos de reserva),E2-L01663#1,nenhuma,,assertiva idêntica a E2-L01663
ECO-E2-L01735-1,E2-L01735,1,E2,09 — ☑️ Intensivo - Rodrigo Teixeira - TPS 2023.1,18,✍️ Lançamentos,C/E,Prof. Rodrigo Teixeira,Intensivo Pré-TPS/2023,2023,False,False,ERRADO,remessas de imigrantes: renda secundária e não conta capital,E2-L01664#1,nenhuma,,assertiva idêntica a E2-L01664
ECO-E2-L01736-1,E2-L01736,1,E2,09 — ☑️ Intensivo - Rodrigo Teixeira - TPS 2023.1,18,✍️ Lançamentos,C/E,Prof. Rodrigo Teixeira,Intensivo Pré-TPS/2023,2023,False,True,ERRADO,amortização de passivo externo vai à conta financeira,E2-L01665#1,nenhuma,,assertiva idêntica a E2-L01665
ECO-E2-L01737-1,E2-L01737,1,E2,09 — ☑️ Intensivo - Rodrigo Teixeira - TPS 2023.1,18,🏗️ Estrutura do BP (BPM6),C/E,Prof. Rodrigo Teixeira,Intensivo Pré-TPS/2023,2023,False,True,CERTO,saldo da conta financeira: ativos menos passivos,E2-L01666#1,nenhuma,,
ECO-E2-L01738-1,E2-L01738,1,E2,09 — ☑️ Intensivo - Rodrigo Teixeira - TPS 2023.1,29,📉 Phillips original e aceleracionista,C/E,Prof. Rodrigo Teixeira,Intensivo Pré-TPS/2023,2023,False,False,ERRADO,aceleracionista: desloca a CP de curto prazo e não a de longo,E2-L01671#1,nenhuma,,
ECO-E2-L01739-1,E2-L01739,1,E2,09 — ☑️ Intensivo - Rodrigo Teixeira - TPS 2023.1,29,📉 Phillips original e aceleracionista,C/E,Prof. Rodrigo Teixeira,Intensivo Pré-TPS/2023,2023,False,False,ERRADO,Phillips original: trade-off permanente e curva não vertical,E2-L01672#1,nenhuma,,assertiva idêntica a E2-L01672
ECO-E2-L01740-1,E2-L01740,1,E2,09 — ☑️ Intensivo - Rodrigo Teixeira - TPS 2023.1,29,🔮 Expectativas e NAIRU,C/E,Prof. Rodrigo Teixeira,Intensivo Pré-TPS/2023,2023,False,False,CERTO,expectativas racionais: autonomia do BC reduz custo da desinflação,E2-L01673#1,nenhuma,,assertiva idêntica a E2-L01673
ECO-E2-L01741-1,E2-L01741,1,E2,09 — ☑️ Intensivo - Rodrigo Teixeira - TPS 2023.1,29,📉 Phillips original e aceleracionista,C/E,Prof. Rodrigo Teixeira,Intensivo Pré-TPS/2023,2023,False,True,CERTO,Friedman: desemprego abaixo da natural só no curto prazo,E2-L01674#1,nenhuma,,assertiva idêntica a E2-L01674
ECO-E2-L01742-1,E2-L01742,1,E2,09 — ☑️ Intensivo - Rodrigo Teixeira - TPS 2023.1,TRIAGEM,HECON,C/E,Prof. Rodrigo Teixeira,Intensivo Pré-TPS/2023,2023,False,False,CERTO,funding loan 1898: hipoteca das receitas da Alfândega,,nenhuma,história econômica do Brasil,
ECO-E2-L01743-1,E2-L01743,1,E2,09 — ☑️ Intensivo - Rodrigo Teixeira - TPS 2023.1,TRIAGEM,HECON,C/E,Prof. Rodrigo Teixeira,Intensivo Pré-TPS/2023,2023,False,False,CERTO,defesa do café e Caixa de Conversão contra vulnerabilidade externa,,nenhuma,história econômica do Brasil,mesmo texto de E2-L01146 (Nabuco): fontes diferentes
ECO-E2-L01744-1,E2-L01744,1,E2,09 — ☑️ Intensivo - Rodrigo Teixeira - TPS 2023.1,TRIAGEM,HECON,C/E,Prof. Rodrigo Teixeira,Intensivo Pré-TPS/2023,2023,False,False,ERRADO,não há consenso sobre a hipótese de Furtado,,nenhuma,história econômica do Brasil,
ECO-E2-L01745-1,E2-L01745,1,E2,09 — ☑️ Intensivo - Rodrigo Teixeira - TPS 2023.1,TRIAGEM,HECON,C/E,Prof. Rodrigo Teixeira,Intensivo Pré-TPS/2023,2023,False,False,ERRADO,lei bancária de 1890: lastro de 1/3 em ouro,,nenhuma,história econômica do Brasil,
ECO-E2-L01746-1,E2-L01746,1,E2,09 — ☑️ Intensivo - Rodrigo Teixeira - TPS 2023.1,67,📘 Reservas e intervenção,C/E,Prof. Rodrigo Teixeira,Intensivo Pré-TPS/2023,2023,False,False,CERTO,compra de dólares e esterilização elevam dívida pública,,nenhuma,,
ECO-E2-L01747-1,E2-L01747,1,E2,09 — ☑️ Intensivo - Rodrigo Teixeira - TPS 2023.1,35,🏦 Criação de moeda e multiplicador,C/E,Prof. Rodrigo Teixeira,Intensivo Pré-TPS/2023,2023,False,False,ERRADO,maior preferência por papel-moeda reduz multiplicador,,nenhuma,,
ECO-E2-L01748-1,E2-L01748,1,E2,09 — ☑️ Intensivo - Rodrigo Teixeira - TPS 2023.1,40,"🖨️ QE, tapering e QT",C/E,Prof. Rodrigo Teixeira,Intensivo Pré-TPS/2023,2023,False,False,CERTO,Operation Twist como política monetária não convencional,,nenhuma,,
ECO-E2-L01749-1,E2-L01749,1,E2,09 — ☑️ Intensivo - Rodrigo Teixeira - TPS 2023.1,40,"🖨️ QE, tapering e QT",C/E,Prof. Rodrigo Teixeira,Intensivo Pré-TPS/2023,2023,False,False,CERTO,EC 106: BCB comprar títulos privados (não convencional),,nenhuma,,
ECO-E2-L01750-1,E2-L01750,1,E2,09 — ☑️ Intensivo - Rodrigo Teixeira - TPS 2023.1,TRIAGEM,HECON,C/E,Prof. Rodrigo Teixeira,Intensivo Pré-TPS/2023,2023,False,False,CERTO,Geisel: déficits em TC e melhora da balança comercial,,nenhuma,história econômica do Brasil,
ECO-E2-L01751-1,E2-L01751,1,E2,09 — ☑️ Intensivo - Rodrigo Teixeira - TPS 2023.1,TRIAGEM,HECON,C/E,Prof. Rodrigo Teixeira,Intensivo Pré-TPS/2023,2023,False,True,CERTO,Castro: economia em marcha forçada e II PND,,nenhuma,história econômica do Brasil,
ECO-E2-L01752-1,E2-L01752,1,E2,09 — ☑️ Intensivo - Rodrigo Teixeira - TPS 2023.1,TRIAGEM,HECON,C/E,Prof. Rodrigo Teixeira,Intensivo Pré-TPS/2023,2023,False,False,CERTO,segundo choque do petróleo somado à alta de juros,,nenhuma,história econômica do Brasil,
ECO-E2-L01753-1,E2-L01753,1,E2,09 — ☑️ Intensivo - Rodrigo Teixeira - TPS 2023.1,TRIAGEM,HECON,C/E,Prof. Rodrigo Teixeira,Intensivo Pré-TPS/2023,2023,False,False,ERRADO,financiamento dos anos 1970: BNDES e endividamento externo,,nenhuma,história econômica do Brasil,
ECO-E2-L01759-1,E2-L01759,1,E2,09 — ☑️ Intensivo - Rodrigo Teixeira - TPS 2023.1,08,🏛️ Monopólio natural e regulação,C/E,Prof. Rodrigo Teixeira,Intensivo Pré-TPS/2023,2023,False,False,CERTO,vacinas: custos fixos altos e poder de monopólio via patentes,,nenhuma,,
ECO-E2-L01760-1,E2-L01760,1,E2,09 — ☑️ Intensivo - Rodrigo Teixeira - TPS 2023.1,08,👑 Equilíbrio do monopólio,C/E,Prof. Rodrigo Teixeira,Intensivo Pré-TPS/2023,2023,False,False,ERRADO,patente nem sempre gera perda líquida para a sociedade,,nenhuma,,
ECO-E2-L01761-1,E2-L01761,1,E2,09 — ☑️ Intensivo - Rodrigo Teixeira - TPS 2023.1,12,🌫️ Externalidades e Coase,C/E,Prof. Rodrigo Teixeira,Intensivo Pré-TPS/2023,2023,False,True,ERRADO,externalidade positiva no consumo: benefício social > privado,,nenhuma,,
ECO-E2-L01762-1,E2-L01762,1,E2,09 — ☑️ Intensivo - Rodrigo Teixeira - TPS 2023.1,02,⏳ Determinantes e prazos,C/E,Prof. Rodrigo Teixeira,Intensivo Pré-TPS/2023,2023,False,False,ERRADO,genéricos: mais substitutos elevam elasticidade-preço,,nenhuma,,
ECO-E2-L01763-1,E2-L01763,1,E2,09 — ☑️ Intensivo - Rodrigo Teixeira - TPS 2023.1,79,🧾 Tarifas,C/E,Prof. Rodrigo Teixeira,Intensivo Pré-TPS/2023,2023,False,False,ERRADO,redução de tarifa reduz excedente do produtor doméstico,,nenhuma,,
ECO-E2-L01764-1,E2-L01764,1,E2,09 — ☑️ Intensivo - Rodrigo Teixeira - TPS 2023.1,79,💰 Subsídios e defesa comercial,C/E,Prof. Rodrigo Teixeira,Intensivo Pré-TPS/2023,2023,False,False,ERRADO,subsídio à produção também aumenta exportações,,nenhuma,,
ECO-E2-L01765-1,E2-L01765,1,E2,09 — ☑️ Intensivo - Rodrigo Teixeira - TPS 2023.1,75,🔬 Novas teorias do comércio,C/E,Prof. Rodrigo Teixeira,Intensivo Pré-TPS/2023,2023,False,False,ERRADO,nova teoria: países semelhantes e H-O: dotações diferentes,,nenhuma,,
ECO-E2-L01766-1,E2-L01766,1,E2,09 — ☑️ Intensivo - Rodrigo Teixeira - TPS 2023.1,66,📈 Determinantes do câmbio,C/E,Prof. Rodrigo Teixeira,Intensivo Pré-TPS/2023,2023,False,False,CERTO,curva J e condição de Marshall-Lerner,,nenhuma,,
ECO-E2-L01767-1,E2-L01767,1,E2,09 — ☑️ Intensivo - Rodrigo Teixeira - TPS 2023.1,66,📏 Câmbio nominal × real e PPC,C/E,Prof. Rodrigo Teixeira,Intensivo Pré-TPS/2023,2023,False,False,ERRADO,PPC: inflação maior gera depreciação nominal,,nenhuma,,
ECO-E2-L01768-1,E2-L01768,1,E2,09 — ☑️ Intensivo - Rodrigo Teixeira - TPS 2023.1,69,🔗 Paridades e repasse cambial,C/E,Prof. Rodrigo Teixeira,Intensivo Pré-TPS/2023,2023,False,False,CERTO,aumento do risco: fuga de capital e depreciação,,nenhuma,,
ECO-E2-L01769-1,E2-L01769,1,E2,09 — ☑️ Intensivo - Rodrigo Teixeira - TPS 2023.1,69,🔗 Paridades e repasse cambial,C/E,Prof. Rodrigo Teixeira,Intensivo Pré-TPS/2023,2023,False,False,CERTO,apreciação cambial como instrumento de controle inflacionário,,nenhuma,,
ECO-E2-L01770-1,E2-L01770,1,E2,09 — ☑️ Intensivo - Rodrigo Teixeira - TPS 2023.1,70,🌊 Câmbio flutuante,C/E,Prof. Rodrigo Teixeira,Intensivo Pré-TPS/2023,2023,False,False,ERRADO,câmbio flexível amortece perdas com fuga de capital,,nenhuma,,
ECO-E2-L01771-1,E2-L01771,1,E2,09 — ☑️ Intensivo - Rodrigo Teixeira - TPS 2023.1,70,🔒 Câmbio fixo,C/E,Prof. Rodrigo Teixeira,Intensivo Pré-TPS/2023,2023,False,True,ERRADO,câmbio fixo e mobilidade perfeita: política fiscal plenamente eficaz,,nenhuma,,
ECO-E2-L01772-1,E2-L01772,1,E2,09 — ☑️ Intensivo - Rodrigo Teixeira - TPS 2023.1,70,🌊 Câmbio flutuante,C/E,Prof. Rodrigo Teixeira,Intensivo Pré-TPS/2023,2023,False,True,CERTO,câmbio flexível: política monetária mais eficaz que em economia fechada,,nenhuma,,
ECO-E2-L01773-1,E2-L01773,1,E2,09 — ☑️ Intensivo - Rodrigo Teixeira - TPS 2023.1,70,🔒 Câmbio fixo,C/E,Prof. Rodrigo Teixeira,Intensivo Pré-TPS/2023,2023,False,True,ERRADO,câmbio fixo: fiscal mais eficaz com alta mobilidade,,nenhuma,,
ECO-E2-L01774-1,E2-L01774,1,E2,09 — ☑️ Intensivo - Rodrigo Teixeira - TPS 2023.1,70,🔒 Câmbio fixo,C/E,Prof. Rodrigo Teixeira,Intensivo Pré-TPS/2023,2023,False,True,CERTO,câmbio fixo: política monetária sempre ineficaz,,nenhuma,,
ECO-E2-L01775-1,E2-L01775,1,E2,09 — ☑️ Intensivo - Rodrigo Teixeira - TPS 2023.1,48,📏 Conceitos de déficit e dívida,C/E,Prof. Rodrigo Teixeira,Intensivo Pré-TPS/2023,2023,False,True,ERRADO,resultado nominal inclui juros e reflete a dívida,,nenhuma,,
ECO-E2-L01776-1,E2-L01776,1,E2,09 — ☑️ Intensivo - Rodrigo Teixeira - TPS 2023.1,48,📏 Conceitos de déficit e dívida,C/E,Prof. Rodrigo Teixeira,Intensivo Pré-TPS/2023,2023,False,False,CERTO,operações compromissadas entram na DBGG,,nenhuma,,
ECO-E2-L01777-1,E2-L01777,1,E2,09 — ☑️ Intensivo - Rodrigo Teixeira - TPS 2023.1,19,💰 Resultados fiscais (NFSP),C/E,Prof. Rodrigo Teixeira,Intensivo Pré-TPS/2023,2023,False,False,CERTO,abaixo da linha capta melhor o endividamento,,nenhuma,,
ECO-E2-L01778-1,E2-L01778,1,E2,09 — ☑️ Intensivo - Rodrigo Teixeira - TPS 2023.1,47,🔮 Equivalência ricardiana,C/E,Prof. Rodrigo Teixeira,Intensivo Pré-TPS/2023,2023,False,False,ERRADO,equivalência ricardiana anula e não intensifica o multiplicador,,nenhuma,,
ECO-E2-L01779-1,E2-L01779,1,E2,09 — ☑️ Intensivo - Rodrigo Teixeira - TPS 2023.1,04,⚖️ Escolha ótima do consumidor,C/E,Prof. Rodrigo Teixeira,Intensivo Pré-TPS/2023,2023,False,True,ERRADO,substitutos perfeitos: depende da TMS e não só do preço,,nenhuma,,
ECO-E2-L01780-1,E2-L01780,1,E2,09 — ☑️ Intensivo - Rodrigo Teixeira - TPS 2023.1,04-A,🥔 Bens inferiores e de Giffen,C/E,Prof. Rodrigo Teixeira,Intensivo Pré-TPS/2023,2023,False,True,ERRADO,Giffen também tem curva de Engel negativa,,nenhuma,,
ECO-E2-L01781-1,E2-L01781,1,E2,09 — ☑️ Intensivo - Rodrigo Teixeira - TPS 2023.1,04-A,🧮 Slutsky e Hicks,C/E,Prof. Rodrigo Teixeira,Intensivo Pré-TPS/2023,2023,False,True,CERTO,Slutsky: bens inferiores com predomínio do efeito substituição,,nenhuma,,
ECO-E2-L01782-1,E2-L01782,1,E2,09 — ☑️ Intensivo - Rodrigo Teixeira - TPS 2023.1,04,⚖️ Escolha ótima do consumidor,C/E,Prof. Rodrigo Teixeira,Intensivo Pré-TPS/2023,2023,False,False,CERTO,complementares perfeitos: proporção fixa independentemente dos preços,,nenhuma,,
ECO-E2-L01783-1,E2-L01783,1,E2,09 — ☑️ Intensivo - Rodrigo Teixeira - TPS 2023.1,TRIAGEM,HECON,C/E,Prof. Rodrigo Teixeira,Intensivo Pré-TPS/2023,2023,False,True,CERTO,Instrução 204: fim da conta de ágios acelerou inflação,,nenhuma,história econômica do Brasil,
ECO-E2-L01784-1,E2-L01784,1,E2,09 — ☑️ Intensivo - Rodrigo Teixeira - TPS 2023.1,TRIAGEM,HECON,C/E,Prof. Rodrigo Teixeira,Intensivo Pré-TPS/2023,2023,False,False,CERTO,lei de remessa de lucros e afastamento Brasil-EUA,,nenhuma,história econômica/política externa do Brasil,
ECO-E2-L01785-1,E2-L01785,1,E2,09 — ☑️ Intensivo - Rodrigo Teixeira - TPS 2023.1,TRIAGEM,HECON,C/E,Prof. Rodrigo Teixeira,Intensivo Pré-TPS/2023,2023,False,False,ERRADO,crise dos anos 60: elevação e não queda da relação K/Y,,nenhuma,história econômica do Brasil,
ECO-E2-L01786-1,E2-L01786,1,E2,09 — ☑️ Intensivo - Rodrigo Teixeira - TPS 2023.1,TRIAGEM,HECON,C/E,Prof. Rodrigo Teixeira,Intensivo Pré-TPS/2023,2023,False,False,ERRADO,Plano Trienal: diagnóstico e medidas convencionais,,nenhuma,história econômica do Brasil,
ECO-E2-L01787-1,E2-L01787,1,E2,09 — ☑️ Intensivo - Rodrigo Teixeira - TPS 2023.1,TRIAGEM,HECON,C/E,Prof. Rodrigo Teixeira,Intensivo Pré-TPS/2023,2023,False,True,CERTO,década de 1980: termos de troca e transferência de recursos,,nenhuma,história econômica do Brasil,
ECO-E2-L01788-1,E2-L01788,1,E2,09 — ☑️ Intensivo - Rodrigo Teixeira - TPS 2023.1,TRIAGEM,HECON,C/E,Prof. Rodrigo Teixeira,Intensivo Pré-TPS/2023,2023,False,False,CERTO,1979-82: aumento da dívida externa de curto prazo,,nenhuma,história econômica do Brasil,
ECO-E2-L01789-1,E2-L01789,1,E2,09 — ☑️ Intensivo - Rodrigo Teixeira - TPS 2023.1,TRIAGEM,HECON,C/E,Prof. Rodrigo Teixeira,Intensivo Pré-TPS/2023,2023,False,True,CERTO,limitação dos investimentos das estatais contra déficit,,nenhuma,história econômica do Brasil,
ECO-E2-L01790-1,E2-L01790,1,E2,09 — ☑️ Intensivo - Rodrigo Teixeira - TPS 2023.1,TRIAGEM,HECON,C/E,Prof. Rodrigo Teixeira,Intensivo Pré-TPS/2023,2023,False,False,CERTO,estatização da dívida externa nos anos 1980,,nenhuma,história econômica do Brasil,
ECO-E3-L00007-1,E3-L00007,1,E3,01 — 📋 ECO - TJ/PA - CEBRASPE 2025,10,🤝 Cartel e conluio,C/E,CEBRASPE,TJ/PA/2025,2025,False,False,ERRADO,cartel não promove eficiência econômica,,nenhuma,,
ECO-E3-L00008-1,E3-L00008,1,E3,01 — 📋 ECO - TJ/PA - CEBRASPE 2025,03,🚧 Preços máximos e mínimos,C/E,CEBRASPE,TJ/PA/2025,2025,False,False,ERRADO,controle de preços gera distorções e perda de bem-estar,,nenhuma,,
ECO-E3-L00009-1,E3-L00009,1,E3,01 — 📋 ECO - TJ/PA - CEBRASPE 2025,01,📐 Curva de possibilidades de produção,C/E,CEBRASPE,TJ/PA/2025,2025,False,False,CERTO,concavidade da FPP e rendimentos decrescentes,,nenhuma,,
ECO-E3-L00010-1,E3-L00010,1,E3,01 — 📋 ECO - TJ/PA - CEBRASPE 2025,73,⛵ Vantagens absolutas e comparativas,C/E,CEBRASPE,TJ/PA/2025,2025,False,False,CERTO,livre-comércio: consumo além da FPP,,nenhuma,,
ECO-E3-L00011-1,E3-L00011,1,E3,01 — 📋 ECO - TJ/PA - CEBRASPE 2025,04,⚖️ Escolha ótima do consumidor,C/E,CEBRASPE,TJ/PA/2025,2025,False,False,CERTO,ótimo do consumidor: tangência à curva de indiferença,,nenhuma,,
ECO-E3-L00012-1,E3-L00012,1,E3,01 — 📋 ECO - TJ/PA - CEBRASPE 2025,02,🔗 Elasticidade-renda e cruzada,C/E,CEBRASPE,TJ/PA/2025,2025,False,False,ERRADO,elasticidade cruzada: positiva substitutos e negativa complementares,,nenhuma,,
ECO-E3-L00013-1,E3-L00013,1,E3,01 — 📋 ECO - TJ/PA - CEBRASPE 2025,06,📈 Custos de longo prazo e escala,C/E,CEBRASPE,TJ/PA/2025,2025,False,True,CERTO,economias de escala com rendimentos constantes,,nenhuma,,
ECO-E3-L00014-1,E3-L00014,1,E3,01 — 📋 ECO - TJ/PA - CEBRASPE 2025,06,📈 Custos de longo prazo e escala,C/E,CEBRASPE,TJ/PA/2025,2025,False,False,ERRADO,CMe de longo prazo em U: economias e deseconomias de escala,,nenhuma,,
ECO-E3-L00015-1,E3-L00015,1,E3,01 — 📋 ECO - TJ/PA - CEBRASPE 2025,05,📏 Rendimentos de escala,C/E,CEBRASPE,TJ/PA/2025,2025,False,True,CERTO,Cobb-Douglas: rendimentos decrescentes se α+β < 1,,nenhuma,,sinal de desigualdade perdido na transcrição (α+β<1)
ECO-E3-L00016-1,E3-L00016,1,E3,01 — 📋 ECO - TJ/PA - CEBRASPE 2025,07-A,⏳ Longo prazo e entrada/saída,C/E,CEBRASPE,TJ/PA/2025,2025,False,False,CERTO,equilíbrio competitivo de LP: lucro econômico zero,,nenhuma,,
ECO-E3-L00017-1,E3-L00017,1,E3,01 — 📋 ECO - TJ/PA - CEBRASPE 2025,03,😊 Excedentes e eficiência,C/E,CEBRASPE,TJ/PA/2025,2025,False,False,ERRADO,eficiência de Pareto não implica equidade,,nenhuma,,
ECO-E3-L00018-1,E3-L00018,1,E3,01 — 📋 ECO - TJ/PA - CEBRASPE 2025,08,🎟️ Discriminação de preços,C/E,CEBRASPE,TJ/PA/2025,2025,False,False,CERTO,discriminação de preços captura excedente do consumidor,,nenhuma,,
ECO-E3-L00019-1,E3-L00019,1,E3,01 — 📋 ECO - TJ/PA - CEBRASPE 2025,09,🧩 Modelo de Chamberlin,C/E,CEBRASPE,TJ/PA/2025,2025,False,False,ERRADO,concorrência monopolística: livre entrada,,nenhuma,,
ECO-E3-L00020-1,E3-L00020,1,E3,01 — 📋 ECO - TJ/PA - CEBRASPE 2025,10,📏 Concentração e outras teorias,C/E,CEBRASPE,TJ/PA/2025,2025,False,True,CERTO,integração vertical elimina dupla marginalização,,nenhuma,,
ECO-E3-L00021-1,E3-L00021,1,E3,01 — 📋 ECO - TJ/PA - CEBRASPE 2025,11,🔁 Jogos sequenciais e repetidos,C/E,CEBRASPE,TJ/PA/2025,2025,False,False,ERRADO,jogos sequenciais: vantagem do primeiro a mover,,nenhuma,,
ECO-E3-L00022-1,E3-L00022,1,E3,01 — 📋 ECO - TJ/PA - CEBRASPE 2025,35,🏦 Criação de moeda e multiplicador,C/E,CEBRASPE,TJ/PA/2025,2025,False,False,CERTO,PIB maior e crédito bancário expandem M1 com juros constantes,,nenhuma,,
ECO-E3-L00023-1,E3-L00023,1,E3,01 — 📋 ECO - TJ/PA - CEBRASPE 2025,35,🏦 Criação de moeda e multiplicador,C/E,CEBRASPE,TJ/PA/2025,2025,False,False,CERTO,menor retenção bancária amplia efeito sobre M1,,nenhuma,,
ECO-E3-L00024-1,E3-L00024,1,E3,01 — 📋 ECO - TJ/PA - CEBRASPE 2025,35,🏦 Criação de moeda e multiplicador,C/E,CEBRASPE,TJ/PA/2025,2025,False,False,ERRADO,política fiscal não aumenta M1 automaticamente,,nenhuma,,
ECO-E3-L00025-1,E3-L00025,1,E3,01 — 📋 ECO - TJ/PA - CEBRASPE 2025,35,🏦 Criação de moeda e multiplicador,C/E,CEBRASPE,TJ/PA/2025,2025,False,True,CERTO,mais papel-moeda em relação a depósitos reduz multiplicador,,nenhuma,,
ECO-E3-L00026-1,E3-L00026,1,E3,01 — 📋 ECO - TJ/PA - CEBRASPE 2025,35,🏦 Criação de moeda e multiplicador,C/E,CEBRASPE,TJ/PA/2025,2025,False,False,CERTO,aumento do compulsório contrai M1,,nenhuma,,
ECO-E3-L00027-1,E3-L00027,1,E3,01 — 📋 ECO - TJ/PA - CEBRASPE 2025,35,🪙 Funções e agregados monetários,C/E,CEBRASPE,TJ/PA/2025,2025,False,False,ERRADO,base monetária menor que M1 e sem depósitos a prazo,,nenhuma,,
ECO-E3-L00028-1,E3-L00028,1,E3,01 — 📋 ECO - TJ/PA - CEBRASPE 2025,28,🏭 Oferta agregada e choques,C/E,CEBRASPE,TJ/PA/2025,2025,False,True,CERTO,aumento do salário nominal: choque adverso de oferta,,nenhuma,,
ECO-E3-L00029-1,E3-L00029,1,E3,01 — 📋 ECO - TJ/PA - CEBRASPE 2025,66,📏 Câmbio nominal × real e PPC,C/E,CEBRASPE,TJ/PA/2025,2025,False,False,ERRADO,alta de preços domésticos aprecia o câmbio real,,nenhuma,,
ECO-E3-L00030-1,E3-L00030,1,E3,01 — 📋 ECO - TJ/PA - CEBRASPE 2025,59,👷 Desemprego e mercado de trabalho,C/E,CEBRASPE,TJ/PA/2025,2025,False,False,ERRADO,salário nominal maior com preços constantes eleva salário real,,nenhuma,,
ECO-E3-L00031-1,E3-L00031,1,E3,01 — 📋 ECO - TJ/PA - CEBRASPE 2025,28,📈 Demanda agregada,C/E,CEBRASPE,TJ/PA/2025,2025,False,True,CERTO,gasto público com juros constantes: atividade e preços sobem e câmbio real aprecia,,nenhuma,,
ECO-E3-L00032-1,E3-L00032,1,E3,01 — 📋 ECO - TJ/PA - CEBRASPE 2025,48,📏 Conceitos de déficit e dívida,C/E,CEBRASPE,TJ/PA/2025,2025,False,False,CERTO,dívida bruta: total de passivos sem deduzir ativos,,nenhuma,,
ECO-E3-L00033-1,E3-L00033,1,E3,01 — 📋 ECO - TJ/PA - CEBRASPE 2025,48,📏 Conceitos de déficit e dívida,C/E,CEBRASPE,TJ/PA/2025,2025,False,True,ERRADO,emissão de dívida não eleva automaticamente a dívida líquida,,nenhuma,,
ECO-E3-L00034-1,E3-L00034,1,E3,01 — 📋 ECO - TJ/PA - CEBRASPE 2025,79,🏛️ Política comercial e OMC,C/E,CEBRASPE,TJ/PA/2025,2025,False,False,CERTO,união aduaneira: TEC e sanções internas,,nenhuma,,
ECO-E3-L00035-1,E3-L00035,1,E3,01 — 📋 ECO - TJ/PA - CEBRASPE 2025,79,🧾 Tarifas,C/E,CEBRASPE,TJ/PA/2025,2025,False,False,ERRADO,tarifa não assegura melhora da balança comercial,,nenhuma,,
ECO-E3-L00036-1,E3-L00036,1,E3,01 — 📋 ECO - TJ/PA - CEBRASPE 2025,65,🏦 Bretton Woods,C/E,CEBRASPE,TJ/PA/2025,2025,False,False,ERRADO,FMI não financia infraestrutura (papel do Banco Mundial),,nenhuma,,
ECO-E3-L00037-1,E3-L00037,1,E3,01 — 📋 ECO - TJ/PA - CEBRASPE 2025,47,🏛️ Funções do Estado,C/E,CEBRASPE,TJ/PA/2025,2025,False,True,CERTO,provisão de bens públicos: função alocativa,,nenhuma,,
ECO-E3-L00038-1,E3-L00038,1,E3,01 — 📋 ECO - TJ/PA - CEBRASPE 2025,47,🏛️ Funções do Estado,C/E,CEBRASPE,TJ/PA/2025,2025,False,False,CERTO,função estabilizadora: inflação e pleno emprego,,nenhuma,,
ECO-E3-L00039-1,E3-L00039,1,E3,01 — 📋 ECO - TJ/PA - CEBRASPE 2025,48,📏 Conceitos de déficit e dívida,C/E,CEBRASPE,TJ/PA/2025,2025,False,True,CERTO,NFSP como variação da dívida líquida,,nenhuma,,
ECO-E3-L00040-1,E3-L00040,1,E3,01 — 📋 ECO - TJ/PA - CEBRASPE 2025,48,📏 Conceitos de déficit e dívida,C/E,CEBRASPE,TJ/PA/2025,2025,False,False,ERRADO,déficit nominal não implica déficit operacional,,nenhuma,,
ECO-E3-L00041-1,E3-L00041,1,E3,01 — 📋 ECO - TJ/PA - CEBRASPE 2025,48,🧮 Financiamento e sustentabilidade,C/E,CEBRASPE,TJ/PA/2025,2025,False,False,ERRADO,PAF: alongar prazo e trocar flutuantes por prefixados,,nenhuma,,
ECO-E3-L00042-1,E3-L00042,1,E3,01 — 📋 ECO - TJ/PA - CEBRASPE 2025,47,📊 Política fiscal e multiplicadores,C/E,CEBRASPE,TJ/PA/2025,2025,False,False,ERRADO,política fiscal não controla oferta de moeda,,nenhuma,,
ECO-E3-L00043-1,E3-L00043,1,E3,01 — 📋 ECO - TJ/PA - CEBRASPE 2025,36,🛠️ Instrumentos de política monetária,C/E,CEBRASPE,TJ/PA/2025,2025,False,False,CERTO,BCB: controle da inflação via taxa Selic,,nenhuma,,
ECO-E3-L00044-1,E3-L00044,1,E3,01 — 📋 ECO - TJ/PA - CEBRASPE 2025,49,⚖️ Responsabilidade fiscal,C/E,CEBRASPE,TJ/PA/2025,2025,False,False,ERRADO,LRF busca equilíbrio fiscal e limita endividamento,,nenhuma,,
ECO-E3-L00045-1,E3-L00045,1,E3,01 — 📋 ECO - TJ/PA - CEBRASPE 2025,12,🏛️ Falhas de governo e regulação,C/E,CEBRASPE,TJ/PA/2025,2025,False,False,ERRADO,agências reguladoras: regulação setorial e não privatização,,nenhuma,,
ECO-E3-L00046-1,E3-L00046,1,E3,01 — 📋 ECO - TJ/PA - CEBRASPE 2025,TRIAGEM,83,C/E,CEBRASPE,TJ/PA/2025,2025,False,False,ERRADO,BPC é assistencial e não exige contribuição,,nenhuma,previdência/assistência social (Direito),
ECO-E3-L00047-1,E3-L00047,1,E3,01 — 📋 ECO - TJ/PA - CEBRASPE 2025,83,🌋 Conjuntura brasileira,C/E,CEBRASPE,TJ/PA/2025,2025,False,True,CERTO,redução do déficit do RGPS em 2024,,nenhuma,,
ECO-E3-L00048-1,E3-L00048,1,E3,01 — 📋 ECO - TJ/PA - CEBRASPE 2025,TRIAGEM,HECON,C/E,CEBRASPE,TJ/PA/2025,2025,False,False,CERTO,Plano de Metas e substituição de importações,,nenhuma,história econômica do Brasil,
ECO-E3-L00049-1,E3-L00049,1,E3,01 — 📋 ECO - TJ/PA - CEBRASPE 2025,TRIAGEM,HECON,C/E,CEBRASPE,TJ/PA/2025,2025,False,False,CERTO,milagre econômico financiado por capital externo,,nenhuma,história econômica do Brasil,
ECO-E3-L00050-1,E3-L00050,1,E3,01 — 📋 ECO - TJ/PA - CEBRASPE 2025,47,💸 Tributação: princípios e incidência,C/E,CEBRASPE,TJ/PA/2025,2025,False,False,ERRADO,sistema tributário brasileiro é regressivo,,nenhuma,,
ECO-E3-L00051-1,E3-L00051,1,E3,01 — 📋 ECO - TJ/PA - CEBRASPE 2025,TRIAGEM,47,C/E,CEBRASPE,TJ/PA/2025,2025,False,True,ERRADO,IPTU é municipal e IPVA estadual,,nenhuma,competência tributária (Direito),
ECO-E3-L00052-1,E3-L00052,1,E3,01 — 📋 ECO - TJ/PA - CEBRASPE 2025,49,📒 Ciclo orçamentário,C/E,CEBRASPE,TJ/PA/2025,2025,False,False,CERTO,LOA: planejamento de curto prazo de receitas e despesas,,nenhuma,,
ECO-E3-L00053-1,E3-L00053,1,E3,01 — 📋 ECO - TJ/PA - CEBRASPE 2025,49,📒 Ciclo orçamentário,C/E,CEBRASPE,TJ/PA/2025,2025,False,False,ERRADO,PPA vige do segundo ano do mandato ao primeiro do seguinte,,nenhuma,,
ECO-E3-L00054-1,E3-L00054,1,E3,01 — 📋 ECO - TJ/PA - CEBRASPE 2025,83,🌋 Conjuntura brasileira,C/E,CEBRASPE,TJ/PA/2025,2025,False,False,ERRADO,superávit comercial brasileiro puxado por commodities,,nenhuma,,
ECO-E3-L00055-1,E3-L00055,1,E3,01 — 📋 ECO - TJ/PA - CEBRASPE 2025,TRIAGEM,HECON,C/E,CEBRASPE,TJ/PA/2025,2025,False,False,CERTO,Plano Cruzado: congelamento de preços e salários,,nenhuma,história econômica do Brasil,
ECO-E3-L00056-1,E3-L00056,1,E3,01 — 📋 ECO - TJ/PA - CEBRASPE 2025,TRIAGEM,HECON,C/E,CEBRASPE,TJ/PA/2025,2025,False,True,ERRADO,Plano Real também envolveu reforma monetária,,nenhuma,história econômica do Brasil,
ECO-E3-L00064-1,E3-L00064,1,E3,02 — 🤪 TPS Economia 01 - Nidi/Jacqueline Bueno,36,🏛️ Funções do Banco Central,C/E,Nidi/Jacqueline Bueno,Simulado Julho/2025,2025,False,False,CERTO,funções típicas do BC e estabilidade de preços,,nenhuma,,
ECO-E3-L00065-1,E3-L00065,1,E3,02 — 🤪 TPS Economia 01 - Nidi/Jacqueline Bueno,35,🏦 Criação de moeda e multiplicador,C/E,Nidi/Jacqueline Bueno,Simulado Julho/2025,2025,False,True,ERRADO,depósito à vista não destrói meios de pagamento,,nenhuma,,
ECO-E3-L00066-1,E3-L00066,1,E3,02 — 🤪 TPS Economia 01 - Nidi/Jacqueline Bueno,35,🏦 Criação de moeda e multiplicador,C/E,Nidi/Jacqueline Bueno,Simulado Julho/2025,2025,False,True,CERTO,compulsório maior reduz multiplicador sem afetar a base,,nenhuma,,
ECO-E3-L00067-1,E3-L00067,1,E3,02 — 🤪 TPS Economia 01 - Nidi/Jacqueline Bueno,36,🛠️ Instrumentos de política monetária,C/E,Nidi/Jacqueline Bueno,Simulado Julho/2025,2025,False,False,CERTO,open market: compra de títulos amplia ativo e passivo do BC,,nenhuma,,
ECO-E3-L00068-1,E3-L00068,1,E3,02 — 🤪 TPS Economia 01 - Nidi/Jacqueline Bueno,12,🌫️ Externalidades e Coase,C/E,Nidi/Jacqueline Bueno,Simulado Julho/2025,2025,False,False,ERRADO,efeito via preços não é externalidade,,nenhuma,,
ECO-E3-L00069-1,E3-L00069,1,E3,02 — 🤪 TPS Economia 01 - Nidi/Jacqueline Bueno,12,🏞️ Bens públicos e comuns,C/E,Nidi/Jacqueline Bueno,Simulado Julho/2025,2025,False,False,ERRADO,recursos de uso comum: livre acesso gera sobreuso,,nenhuma,,
ECO-E3-L00070-1,E3-L00070,1,E3,02 — 🤪 TPS Economia 01 - Nidi/Jacqueline Bueno,12,🌫️ Externalidades e Coase,C/E,Nidi/Jacqueline Bueno,Simulado Julho/2025,2025,False,False,CERTO,taxa sobre poluição preferível a limite com custos distintos,,nenhuma,,
ECO-E3-L00071-1,E3-L00071,1,E3,02 — 🤪 TPS Economia 01 - Nidi/Jacqueline Bueno,12,🏞️ Bens públicos e comuns,C/E,Nidi/Jacqueline Bueno,Simulado Julho/2025,2025,False,True,CERTO,bem público: soma vertical dos benefícios marginais,,nenhuma,,
ECO-E3-L00072-1,E3-L00072,1,E3,02 — 🤪 TPS Economia 01 - Nidi/Jacqueline Bueno,48,🧮 Financiamento e sustentabilidade,C/E,Nidi/Jacqueline Bueno,Simulado Julho/2025,2025,False,True,ERRADO,dívida/PIB: estoque alto exige superávit primário maior,,nenhuma,,
ECO-E3-L00073-1,E3-L00073,1,E3,02 — 🤪 TPS Economia 01 - Nidi/Jacqueline Bueno,48,📏 Conceitos de déficit e dívida,C/E,Nidi/Jacqueline Bueno,Simulado Julho/2025,2025,False,False,ERRADO,resultado nominal inclui correção monetária e cambial,,nenhuma,,
ECO-E3-L00074-1,E3-L00074,1,E3,02 — 🤪 TPS Economia 01 - Nidi/Jacqueline Bueno,47,🔮 Equivalência ricardiana,C/E,Nidi/Jacqueline Bueno,Simulado Julho/2025,2025,False,True,CERTO,equivalência ricardiana: impostos ou dívida são equivalentes,,nenhuma,,
ECO-E3-L00075-1,E3-L00075,1,E3,02 — 🤪 TPS Economia 01 - Nidi/Jacqueline Bueno,47,🔮 Equivalência ricardiana,C/E,Nidi/Jacqueline Bueno,Simulado Julho/2025,2025,False,False,CERTO,restrição de crédito viola a equivalência ricardiana,,nenhuma,,
ECO-E3-L00076-1,E3-L00076,1,E3,02 — 🤪 TPS Economia 01 - Nidi/Jacqueline Bueno,04,🧠 Preferências e axiomas,C/E,Nidi/Jacqueline Bueno,Simulado Julho/2025,2025,False,False,ERRADO,ordenação de cestas viola transitividade,,nenhuma,,
ECO-E3-L00077-1,E3-L00077,1,E3,02 — 🤪 TPS Economia 01 - Nidi/Jacqueline Bueno,04-A,📉 Curva renda-consumo e Engel,C/E,Nidi/Jacqueline Bueno,Simulado Julho/2025,2025,False,False,CERTO,aumento de renda pode reduzir consumo (bem inferior),,nenhuma,,
ECO-E3-L00078-1,E3-L00078,1,E3,02 — 🤪 TPS Economia 01 - Nidi/Jacqueline Bueno,04,🎯 Utilidade e curvas de indiferença,C/E,Nidi/Jacqueline Bueno,Simulado Julho/2025,2025,False,False,ERRADO,TMS constante só para substitutos perfeitos,,nenhuma,,
ECO-E3-L00079-1,E3-L00079,1,E3,02 — 🤪 TPS Economia 01 - Nidi/Jacqueline Bueno,TRIAGEM,HECON,C/E,Nidi/Jacqueline Bueno,Simulado Julho/2025,2025,False,False,CERTO,tratados da Independência: tarifas baixas e déficit comercial,,nenhuma,história econômica do Brasil,
ECO-E3-L00080-1,E3-L00080,1,E3,02 — 🤪 TPS Economia 01 - Nidi/Jacqueline Bueno,TRIAGEM,HECON,C/E,Nidi/Jacqueline Bueno,Simulado Julho/2025,2025,False,True,CERTO,Tarifa Alves Branco (1844) e pensamento industrialista,,nenhuma,história econômica do Brasil,
ECO-E3-L00081-1,E3-L00081,1,E3,02 — 🤪 TPS Economia 01 - Nidi/Jacqueline Bueno,TRIAGEM,HECON,C/E,Nidi/Jacqueline Bueno,Simulado Julho/2025,2025,False,False,ERRADO,EUA não tarifavam o café brasileiro,,nenhuma,história econômica do Brasil,
ECO-E3-L00082-1,E3-L00082,1,E3,02 — 🤪 TPS Economia 01 - Nidi/Jacqueline Bueno,TRIAGEM,HECON,C/E,Nidi/Jacqueline Bueno,Simulado Julho/2025,2025,False,False,ERRADO,fim da Monarquia: saldos comerciais e não déficit,,nenhuma,história econômica do Brasil,
ECO-E3-L00083-1,E3-L00083,1,E3,02 — 🤪 TPS Economia 01 - Nidi/Jacqueline Bueno,73,⛵ Vantagens absolutas e comparativas,C/E,Nidi/Jacqueline Bueno,Simulado Julho/2025,2025,False,False,ERRADO,Ricardo: economias de escala não explicam o comércio,,nenhuma,,
ECO-E3-L00084-1,E3-L00084,1,E3,02 — 🤪 TPS Economia 01 - Nidi/Jacqueline Bueno,75,🔬 Novas teorias do comércio,C/E,Nidi/Jacqueline Bueno,Simulado Julho/2025,2025,False,False,ERRADO,economias de escala: FPP não linear (convexa),,nenhuma,,
ECO-E3-L00085-1,E3-L00085,1,E3,02 — 🤪 TPS Economia 01 - Nidi/Jacqueline Bueno,73,⛵ Vantagens absolutas e comparativas,C/E,Nidi/Jacqueline Bueno,Simulado Julho/2025,2025,False,False,CERTO,Ricardo: comércio permite consumo além da FPP,,nenhuma,,
ECO-E3-L00086-1,E3-L00086,1,E3,02 — 🤪 TPS Economia 01 - Nidi/Jacqueline Bueno,TRIAGEM,HECON,C/E,Nidi/Jacqueline Bueno,Simulado Julho/2025,2025,False,False,ERRADO,Milagre: minidesvalorizações e não valorização do cruzeiro,,nenhuma,história econômica do Brasil,
ECO-E3-L00087-1,E3-L00087,1,E3,02 — 🤪 TPS Economia 01 - Nidi/Jacqueline Bueno,TRIAGEM,HECON,C/E,Nidi/Jacqueline Bueno,Simulado Julho/2025,2025,False,False,ERRADO,1968: minidesvalorizações substituíram câmbio fixo e não flutuante,,nenhuma,história econômica do Brasil,
ECO-E3-L00088-1,E3-L00088,1,E3,02 — 🤪 TPS Economia 01 - Nidi/Jacqueline Bueno,TRIAGEM,HECON,C/E,Nidi/Jacqueline Bueno,Simulado Julho/2025,2025,False,False,CERTO,PAEG: reforma tributária e criação do ICM,,nenhuma,história econômica do Brasil,
ECO-E3-L00089-1,E3-L00089,1,E3,02 — 🤪 TPS Economia 01 - Nidi/Jacqueline Bueno,TRIAGEM,HECON,C/E,Nidi/Jacqueline Bueno,Simulado Julho/2025,2025,False,True,CERTO,Milagre: concentração de renda e crédito ao consumo,,nenhuma,história econômica do Brasil,
ECO-E3-L00097-1,E3-L00097,1,E3,03 — 🤪 TPS Economia 02 - Nidi/Jacqueline Bueno,TRIAGEM,HECON,C/E,Nidi/Jacqueline Bueno,Simulado Junho/2025,2025,False,False,ERRADO,Segunda Guerra e exportações brasileiras de manufaturados,,nenhuma,história econômica do Brasil,
ECO-E3-L00098-1,E3-L00098,1,E3,03 — 🤪 TPS Economia 02 - Nidi/Jacqueline Bueno,TRIAGEM,HECON,C/E,Nidi/Jacqueline Bueno,Simulado Junho/2025,2025,False,False,CERTO,BNDE: financiamento com Banco Mundial e Eximbank,,nenhuma,história econômica do Brasil,
ECO-E3-L00099-1,E3-L00099,1,E3,03 — 🤪 TPS Economia 02 - Nidi/Jacqueline Bueno,TRIAGEM,HECON,C/E,Nidi/Jacqueline Bueno,Simulado Junho/2025,2025,False,False,CERTO,anos 1990: captação externa via emissão de títulos,,nenhuma,história econômica do Brasil,
ECO-E3-L00100-1,E3-L00100,1,E3,03 — 🤪 TPS Economia 02 - Nidi/Jacqueline Bueno,TRIAGEM,HECON,C/E,Nidi/Jacqueline Bueno,Simulado Junho/2025,2025,False,False,CERTO,funding loan negociado com Rothschild × anos 1980 com FMI,,nenhuma,história econômica do Brasil,
ECO-E3-L00101-1,E3-L00101,1,E3,03 — 🤪 TPS Economia 02 - Nidi/Jacqueline Bueno,TRIAGEM,HECON,C/E,Nidi/Jacqueline Bueno,Simulado Junho/2025,2025,False,True,ERRADO,ADRs de empresas brasileiras nos anos 1990,,nenhuma,história econômica do Brasil,
ECO-E3-L00102-1,E3-L00102,1,E3,03 — 🤪 TPS Economia 02 - Nidi/Jacqueline Bueno,07,🗺️ Comparação entre estruturas,C/E,Nidi/Jacqueline Bueno,Simulado Junho/2025,2025,False,True,ERRADO,demanda da empresa é mais elástica que a do mercado,,nenhuma,,
ECO-E3-L00103-1,E3-L00103,1,E3,03 — 🤪 TPS Economia 02 - Nidi/Jacqueline Bueno,09,🧩 Modelo de Chamberlin,C/E,Nidi/Jacqueline Bueno,Simulado Junho/2025,2025,False,True,CERTO,entrada desloca demanda das firmas estabelecidas para dentro,,nenhuma,,
ECO-E3-L00104-1,E3-L00104,1,E3,03 — 🤪 TPS Economia 02 - Nidi/Jacqueline Bueno,10,🥇 Stackelberg e liderança,C/E,Nidi/Jacqueline Bueno,Simulado Junho/2025,2025,False,False,CERTO,empresa dominante: demanda residual e franja competitiva,,nenhuma,,
ECO-E3-L00105-1,E3-L00105,1,E3,03 — 🤪 TPS Economia 02 - Nidi/Jacqueline Bueno,10,🤝 Cartel e conluio,C/E,Nidi/Jacqueline Bueno,Simulado Junho/2025,2025,False,False,ERRADO,cartel: demanda inelástica e controle da oferta,,nenhuma,,
ECO-E3-L00106-1,E3-L00106,1,E3,03 — 🤪 TPS Economia 02 - Nidi/Jacqueline Bueno,73,⛵ Vantagens absolutas e comparativas,C/E,Nidi/Jacqueline Bueno,Simulado Junho/2025,2025,False,True,CERTO,vantagens comparativas: menores custos de oportunidade maximizam produção,,nenhuma,,
ECO-E3-L00107-1,E3-L00107,1,E3,03 — 🤪 TPS Economia 02 - Nidi/Jacqueline Bueno,74,🌎 CEPAL e termos de troca,C/E,Nidi/Jacqueline Bueno,Simulado Junho/2025,2025,False,True,ERRADO,Prebisch: elasticidades-renda invertidas (importações altas e exportações baixas),,nenhuma,,
ECO-E3-L00108-1,E3-L00108,1,E3,03 — 🤪 TPS Economia 02 - Nidi/Jacqueline Bueno,66,📏 Câmbio nominal × real e PPC,C/E,Nidi/Jacqueline Bueno,Simulado Junho/2025,2025,False,True,CERTO,PPC relativa: inflação maior pressiona depreciação,,nenhuma,,
ECO-E3-L00109-1,E3-L00109,1,E3,03 — 🤪 TPS Economia 02 - Nidi/Jacqueline Bueno,73,⛵ Vantagens absolutas e comparativas,C/E,Nidi/Jacqueline Bueno,Simulado Junho/2025,2025,False,True,ERRADO,modelo clássico também se aplica ao comércio de serviços,,nenhuma,,
ECO-E3-L00110-1,E3-L00110,1,E3,03 — 🤪 TPS Economia 02 - Nidi/Jacqueline Bueno,66,📈 Determinantes do câmbio,C/E,Nidi/Jacqueline Bueno,Simulado Junho/2025,2025,False,True,ERRADO,barreiras comerciais apreciam câmbio real sem melhorar saldo no LP,,nenhuma,,
ECO-E3-L00111-1,E3-L00111,1,E3,03 — 🤪 TPS Economia 02 - Nidi/Jacqueline Bueno,36,🛠️ Instrumentos de política monetária,C/E,Nidi/Jacqueline Bueno,Simulado Junho/2025,2025,False,False,CERTO,compra de títulos no open market aumenta a base,,nenhuma,,
ECO-E3-L00112-1,E3-L00112,1,E3,03 — 🤪 TPS Economia 02 - Nidi/Jacqueline Bueno,35,🏦 Criação de moeda e multiplicador,C/E,Nidi/Jacqueline Bueno,Simulado Junho/2025,2025,False,False,ERRADO,compulsório maior reduz criação de moeda pelos bancos,,nenhuma,,
ECO-E3-L00113-1,E3-L00113,1,E3,03 — 🤪 TPS Economia 02 - Nidi/Jacqueline Bueno,36,🛠️ Instrumentos de política monetária,C/E,Nidi/Jacqueline Bueno,Simulado Junho/2025,2025,False,False,CERTO,open market aproxima Selic efetiva da meta,,nenhuma,,
ECO-E3-L00114-1,E3-L00114,1,E3,03 — 🤪 TPS Economia 02 - Nidi/Jacqueline Bueno,35,📊 Demanda por moeda,C/E,Nidi/Jacqueline Bueno,Simulado Junho/2025,2025,False,True,ERRADO,inovações financeiras reduzem demanda por moeda,,nenhuma,,
ECO-E3-L00115-1,E3-L00115,1,E3,03 — 🤪 TPS Economia 02 - Nidi/Jacqueline Bueno,TRIAGEM,HECON,C/E,Nidi/Jacqueline Bueno,Simulado Junho/2025,2025,False,True,CERTO,II PND em conjuntura internacional recessiva,,nenhuma,história econômica do Brasil,
ECO-E3-L00116-1,E3-L00116,1,E3,03 — 🤪 TPS Economia 02 - Nidi/Jacqueline Bueno,TRIAGEM,HECON,C/E,Nidi/Jacqueline Bueno,Simulado Junho/2025,2025,False,False,CERTO,II PND: encomendas estatais a bens de capital nacionais,,nenhuma,história econômica do Brasil,
ECO-E3-L00117-1,E3-L00117,1,E3,03 — 🤪 TPS Economia 02 - Nidi/Jacqueline Bueno,TRIAGEM,HECON,C/E,Nidi/Jacqueline Bueno,Simulado Junho/2025,2025,False,False,ERRADO,II PND financiado sobretudo por endividamento externo,,nenhuma,história econômica do Brasil,
ECO-E3-L00118-1,E3-L00118,1,E3,03 — 🤪 TPS Economia 02 - Nidi/Jacqueline Bueno,TRIAGEM,HECON,C/E,Nidi/Jacqueline Bueno,Simulado Junho/2025,2025,False,False,ERRADO,II PND: agricultura de exportação e energia,,nenhuma,história econômica do Brasil,
ECO-E3-L00119-1,E3-L00119,1,E3,03 — 🤪 TPS Economia 02 - Nidi/Jacqueline Bueno,79,🧾 Tarifas,C/E,Nidi/Jacqueline Bueno,Simulado Junho/2025,2025,False,False,CERTO,livre comércio: cálculo das importações (16 milhões),,nenhuma,,
ECO-E3-L00120-1,E3-L00120,1,E3,03 — 🤪 TPS Economia 02 - Nidi/Jacqueline Bueno,79,🧾 Tarifas,C/E,Nidi/Jacqueline Bueno,Simulado Junho/2025,2025,False,False,CERTO,tarifa proibitiva: equilíbrio autárquico P=15 e Q=10,,nenhuma,,
ECO-E3-L00121-1,E3-L00121,1,E3,03 — 🤪 TPS Economia 02 - Nidi/Jacqueline Bueno,79,🚫 Cotas e barreiras não tarifárias,C/E,Nidi/Jacqueline Bueno,Simulado Junho/2025,2025,False,True,CERTO,quota de 8 milhões: preço interno 12,,nenhuma,,
ECO-E3-L00122-1,E3-L00122,1,E3,03 — 🤪 TPS Economia 02 - Nidi/Jacqueline Bueno,79,🚫 Cotas e barreiras não tarifárias,C/E,Nidi/Jacqueline Bueno,Simulado Junho/2025,2025,False,False,CERTO,quota: ganho de excedente do produtor de 21 milhões,,nenhuma,,
ECO-E3-L00130-1,E3-L00130,1,E3,04 — 🤪 TPS Economia 03 - Nidi/Jacqueline Bueno - Mosqueteiros,27,📈 Curva LM,C/E,CEBRASPE,ANTT/2023,2023,False,True,ERRADO,keynesianos: juros como fenômeno monetário,,nenhuma,,
ECO-E3-L00131-1,E3-L00131,1,E3,04 — 🤪 TPS Economia 03 - Nidi/Jacqueline Bueno - Mosqueteiros,27,🏦 Política fiscal e monetária,C/E,CEBRASPE,ANTT/2023,2023,False,True,ERRADO,aumento de salários não é política expansionista no IS-LM,,nenhuma,,
ECO-E3-L00132-1,E3-L00132,1,E3,04 — 🤪 TPS Economia 03 - Nidi/Jacqueline Bueno - Mosqueteiros,28,📈 Demanda agregada,C/E,CEBRASPE,ANTT/2023,2023,False,False,CERTO,expansão monetária reduz juros e salário real,,nenhuma,,
ECO-E3-L00133-1,E3-L00133,1,E3,04 — 🤪 TPS Economia 03 - Nidi/Jacqueline Bueno - Mosqueteiros,27,🏦 Política fiscal e monetária,C/E,CEBRASPE,ANTT/2023,2023,False,False,CERTO,menos gasto público: renda e juros caem,,nenhuma,,
ECO-E3-L00134-1,E3-L00134,1,E3,04 — 🤪 TPS Economia 03 - Nidi/Jacqueline Bueno - Mosqueteiros,28,📈 Demanda agregada,C/E,CEBRASPE,ANTT/2023,2023,False,False,ERRADO,redução do salário nominal não desloca a DA,,nenhuma,,
ECO-E3-L00135-1,E3-L00135,1,E3,04 — 🤪 TPS Economia 03 - Nidi/Jacqueline Bueno - Mosqueteiros,27,📈 Curva LM,C/E,CEBRASPE,ANTT/2023,2023,False,False,CERTO,incerteza eleva preferência pela liquidez e juros,,nenhuma,,
ECO-E3-L00136-1,E3-L00136,1,E3,04 — 🤪 TPS Economia 03 - Nidi/Jacqueline Bueno - Mosqueteiros,28,📈 Demanda agregada,C/E,CEBRASPE,ANTT/2023,2023,False,False,ERRADO,efeito Pigou: efeito riqueza de preços menores,,nenhuma,,
ECO-E3-L00137-1,E3-L00137,1,E3,04 — 🤪 TPS Economia 03 - Nidi/Jacqueline Bueno - Mosqueteiros,70,🔒 Câmbio fixo,C/E,CEBRASPE,ANTT/2023,2023,False,False,CERTO,câmbio fixo: gasto público aprecia câmbio real,,nenhuma,,
ECO-E3-L00138-1,E3-L00138,1,E3,04 — 🤪 TPS Economia 03 - Nidi/Jacqueline Bueno - Mosqueteiros,28,🏭 Oferta agregada e choques,C/E,CEBRASPE,ANTT/2023,2023,False,False,ERRADO,oferta agregada não é negativamente inclinada,,nenhuma,,
ECO-E3-L00139-1,E3-L00139,1,E3,04 — 🤪 TPS Economia 03 - Nidi/Jacqueline Bueno - Mosqueteiros,59,📏 Lei de Okun,C/E,CEBRASPE,ANTT/2023,2023,False,False,CERTO,Okun: produto maior reduz desemprego,,nenhuma,,
ECO-E3-L00140-1,E3-L00140,1,E3,04 — 🤪 TPS Economia 03 - Nidi/Jacqueline Bueno - Mosqueteiros,70,📍 Curva BP e mobilidade de capital,C/E,CEBRASPE,ANTT/2023,2023,False,False,ERRADO,expansão fiscal com mobilidade perfeita não reduz reservas,,nenhuma,,
ECO-E3-L00141-1,E3-L00141,1,E3,04 — 🤪 TPS Economia 03 - Nidi/Jacqueline Bueno - Mosqueteiros,27,📉 Curva IS,C/E,CEBRASPE,ANTT/2023,2023,False,True,ERRADO,IS aberta é mais inclinada (multiplicador menor),,nenhuma,,
ECO-E3-L00142-1,E3-L00142,1,E3,04 — 🤪 TPS Economia 03 - Nidi/Jacqueline Bueno - Mosqueteiros,35,📊 Demanda por moeda,C/E,CEBRASPE,ANTT/2023,2023,False,False,ERRADO,PIB maior eleva demanda por moeda pelo motivo transação,,nenhuma,,
ECO-E3-L00143-1,E3-L00143,1,E3,04 — 🤪 TPS Economia 03 - Nidi/Jacqueline Bueno - Mosqueteiros,35,🪙 Funções e agregados monetários,C/E,CEBRASPE,ANTT/2023,2023,False,False,CERTO,base monetária maior que papel-moeda em poder do público,,nenhuma,,
ECO-E3-L00144-1,E3-L00144,1,E3,04 — 🤪 TPS Economia 03 - Nidi/Jacqueline Bueno - Mosqueteiros,41,🏛️ Regulação e Basileia,C/E,CEBRASPE,ANTT/2023,2023,False,True,ERRADO,Basileia I (não II) instituiu capital contra risco de crédito,,nenhuma,,
ECO-E3-L00145-1,E3-L00145,1,E3,04 — 🤪 TPS Economia 03 - Nidi/Jacqueline Bueno - Mosqueteiros,79,💰 Subsídios e defesa comercial,C/E,CEBRASPE,ANTT/2023,2023,False,True,ERRADO,conceito de dumping: preço de exportação abaixo do valor normal,,nenhuma,,
ECO-E3-L00146-1,E3-L00146,1,E3,04 — 🤪 TPS Economia 03 - Nidi/Jacqueline Bueno - Mosqueteiros,04,🎯 Utilidade e curvas de indiferença,C/E,CEBRASPE,ANTT/2023,2023,False,True,CERTO,substitutos perfeitos e monotonicidade: comparação de cestas,,transcrita_ok,,
ECO-E3-L00147-1,E3-L00147,1,E3,04 — 🤪 TPS Economia 03 - Nidi/Jacqueline Bueno - Mosqueteiros,04,⚖️ Escolha ótima do consumidor,C/E,CEBRASPE,ANTT/2023,2023,False,True,ERRADO,substitutos perfeitos: solução de canto depende dos preços,,transcrita_ok,,
ECO-E3-L00148-1,E3-L00148,1,E3,04 — 🤪 TPS Economia 03 - Nidi/Jacqueline Bueno - Mosqueteiros,04,🧠 Preferências e axiomas,C/E,CEBRASPE,ANTT/2023,2023,False,False,CERTO,monotonicidade estrita: mais de um bem aumenta utilidade,,transcrita_ok,,
ECO-E3-L00156-1,E3-L00156,1,E3,05 — 🤪 TPS Economia 03.1 - Nidi/Jacqueline Bueno - Mosqueteiros,09,🧩 Modelo de Chamberlin,C/E,CEBRASPE,ANTT/2023,2023,False,False,CERTO,"mercado de calçados: concorrência monopolística, diferenciação",,nenhuma,,
ECO-E3-L00157-1,E3-L00157,1,E3,05 — 🤪 TPS Economia 03.1 - Nidi/Jacqueline Bueno - Mosqueteiros,08,🏛️ Monopólio natural e regulação,C/E,CEBRASPE,ANTT/2023,2023,False,True,ERRADO,rodovia concedida: monopólio sem livre entrada,,nenhuma,,
ECO-E3-L00158-1,E3-L00158,1,E3,05 — 🤪 TPS Economia 03.1 - Nidi/Jacqueline Bueno - Mosqueteiros,12,🌫️ Externalidades e Coase,C/E,CEBRASPE,ANTT/2023,2023,False,False,ERRADO,ruído do baterista é externalidade negativa,,nenhuma,,
ECO-E3-L00159-1,E3-L00159,1,E3,05 — 🤪 TPS Economia 03.1 - Nidi/Jacqueline Bueno - Mosqueteiros,12,🏞️ Bens públicos e comuns,C/E,CEBRASPE,ANTT/2023,2023,False,False,CERTO,"avenida congestionada: rivalidade, deixa de ser bem público",,nenhuma,,
ECO-E3-L00160-1,E3-L00160,1,E3,05 — 🤪 TPS Economia 03.1 - Nidi/Jacqueline Bueno - Mosqueteiros,12,🏞️ Bens públicos e comuns,C/E,CEBRASPE,ANTT/2023,2023,False,False,CERTO,"rua de condomínio fechado: exclusiva, não é bem público",,nenhuma,,
ECO-E3-L00161-1,E3-L00161,1,E3,05 — 🤪 TPS Economia 03.1 - Nidi/Jacqueline Bueno - Mosqueteiros,17,📊 Nominal × real e deflator,C/E,CEBRASPE,ANTT/2023,2023,False,True,ERRADO,deflator implícito do PIB calculado com tabela,,transcrita_ok,,
ECO-E3-L00162-1,E3-L00162,1,E3,05 — 🤪 TPS Economia 03.1 - Nidi/Jacqueline Bueno - Mosqueteiros,17,📊 Nominal × real e deflator,C/E,CEBRASPE,ANTT/2023,2023,False,False,CERTO,variação do PIB real e nominal com tabela de bens,,transcrita_ok,,
ECO-E3-L00163-1,E3-L00163,1,E3,05 — 🤪 TPS Economia 03.1 - Nidi/Jacqueline Bueno - Mosqueteiros,17,"📏 PIB, PNB, RNB e conceitos derivados",C/E,CEBRASPE,ANTT/2023,2023,False,True,CERTO,PNB menor que PIB por renda líquida enviada,,transcrita_ok,,
ECO-E3-L00164-1,E3-L00164,1,E3,05 — 🤪 TPS Economia 03.1 - Nidi/Jacqueline Bueno - Mosqueteiros,18,✍️ Lançamentos,C/E,CEBRASPE,ANTT/2023,2023,False,False,ERRADO,variação de reservas a partir de transações externas,,transcrita_ok,,
ECO-E3-L00165-1,E3-L00165,1,E3,05 — 🤪 TPS Economia 03.1 - Nidi/Jacqueline Bueno - Mosqueteiros,35,🏦 Criação de moeda e multiplicador,C/E,CEBRASPE,ANTT/2023,2023,False,False,CERTO,cálculo do multiplicador monetário com razões c e r,,nenhuma,,
ECO-E3-L00169-1,E3-L00169,1,E3,05 — 🤪 TPS Economia 03.1 - Nidi/Jacqueline Bueno - Mosqueteiros,36,🛠️ Instrumentos de política monetária,C/E,CEBRASPE,ANTT/2023,2023,False,False,ERRADO,venda de títulos em open market contrai a base monetária,,nenhuma,,
ECO-E3-L00170-1,E3-L00170,1,E3,05 — 🤪 TPS Economia 03.1 - Nidi/Jacqueline Bueno - Mosqueteiros,70,📍 Curva BP e mobilidade de capital,C/E,CEBRASPE,ANTT/2023,2023,False,False,ANULADO,Mundell-Fleming mobilidade perfeita: juros não livremente fixados,,nenhuma,,anulada: não especificou o regime cambial
ECO-E3-L00171-1,E3-L00171,1,E3,05 — 🤪 TPS Economia 03.1 - Nidi/Jacqueline Bueno - Mosqueteiros,36,💸 Senhoriagem e imposto inflacionário,C/E,CEBRASPE,ANTT/2023,2023,False,True,ERRADO,senhoriagem: inflação maior exige maior crescimento da base,,nenhuma,,
ECO-E3-L00172-1,E3-L00172,1,E3,05 — 🤪 TPS Economia 03.1 - Nidi/Jacqueline Bueno - Mosqueteiros,26,✖️ Multiplicadores,C/E,CEBRASPE,ANTT/2023,2023,False,False,CERTO,multiplicador keynesiano cresce com a PMgC,,nenhuma,,
ECO-E3-L00173-1,E3-L00173,1,E3,05 — 🤪 TPS Economia 03.1 - Nidi/Jacqueline Bueno - Mosqueteiros,27,🏦 Política fiscal e monetária,C/E,CEBRASPE,ANTT/2023,2023,False,True,ERRADO,IS-LM: investimento elástico ao juro reduz eficácia fiscal,,nenhuma,,
ECO-E3-L00174-1,E3-L00174,1,E3,05 — 🤪 TPS Economia 03.1 - Nidi/Jacqueline Bueno - Mosqueteiros,27,🕳️ Casos extremos,C/E,CEBRASPE,ANTT/2023,2023,False,False,CERTO,armadilha de liquidez: política fiscal mais eficaz,,nenhuma,,
ECO-E3-L00175-1,E3-L00175,1,E3,05 — 🤪 TPS Economia 03.1 - Nidi/Jacqueline Bueno - Mosqueteiros,12,🌫️ Externalidades e Coase,C/E,CEBRASPE,ANTT/2023,2023,False,False,ERRADO,Coase: eficiência independe de a quem cabe o direito,,nenhuma,,
ECO-E3-L00176-1,E3-L00176,1,E3,05 — 🤪 TPS Economia 03.1 - Nidi/Jacqueline Bueno - Mosqueteiros,08,🏛️ Monopólio natural e regulação,C/E,CEBRASPE,ANTT/2023,2023,False,True,ERRADO,monopólio natural: preço = CMg gera prejuízo; regulação pelo CMe,,nenhuma,,
ECO-E3-L00177-1,E3-L00177,1,E3,05 — 🤪 TPS Economia 03.1 - Nidi/Jacqueline Bueno - Mosqueteiros,12,🏛️ Falhas de governo e regulação,C/E,CEBRASPE,ANTT/2023,2023,False,False,CERTO,teoria dos grupos de interesse na regulação,,nenhuma,,
ECO-E3-L00178-1,E3-L00178,1,E3,05 — 🤪 TPS Economia 03.1 - Nidi/Jacqueline Bueno - Mosqueteiros,TRIAGEM,HECON,C/E,CEBRASPE,ANTT/2023,2023,False,True,ERRADO,"milagre econômico, agricultura e criação da EMBRAPA",,nenhuma,história econômica do Brasil (HECON),
ECO-E3-L00179-1,E3-L00179,1,E3,05 — 🤪 TPS Economia 03.1 - Nidi/Jacqueline Bueno - Mosqueteiros,TRIAGEM,HECON,C/E,CEBRASPE,ANTT/2023,2023,False,False,CERTO,"PSI, valorização cambial e prejuízo à agropecuária",,nenhuma,história econômica do Brasil (HECON),
ECO-E3-L00180-1,E3-L00180,1,E3,05 — 🤪 TPS Economia 03.1 - Nidi/Jacqueline Bueno - Mosqueteiros,TRIAGEM,HECON,C/E,CEBRASPE,ANTT/2023,2023,False,False,CERTO,cepalinos: oferta agrícola inelástica a preços,,nenhuma,história econômica do Brasil (HECON),
ECO-E3-L00181-1,E3-L00181,1,E3,05 — 🤪 TPS Economia 03.1 - Nidi/Jacqueline Bueno - Mosqueteiros,TRIAGEM,HECON,C/E,CEBRASPE,ANTT/2023,2023,False,False,ERRADO,comércio exterior brasileiro 1928-1938,,nenhuma,história econômica do Brasil (HECON),
ECO-E3-L00182-1,E3-L00182,1,E3,05 — 🤪 TPS Economia 03.1 - Nidi/Jacqueline Bueno - Mosqueteiros,TRIAGEM,HECON,C/E,CEBRASPE,ANTT/2023,2023,False,False,CERTO,recuperação nos anos 1930: política cafeeira sustentou demanda,,nenhuma,história econômica do Brasil (HECON),
ECO-E3-L00183-1,E3-L00183,1,E3,05 — 🤪 TPS Economia 03.1 - Nidi/Jacqueline Bueno - Mosqueteiros,TRIAGEM,HECON,C/E,CEBRASPE,ANTT/2023,2023,False,False,ERRADO,impacto da crise de 1929 na economia brasileira,,nenhuma,história econômica do Brasil (HECON),
ECO-E3-L00184-1,E3-L00184,1,E3,05 — 🤪 TPS Economia 03.1 - Nidi/Jacqueline Bueno - Mosqueteiros,TRIAGEM,HECON,C/E,CEBRASPE,ANTT/2023,2023,False,True,ERRADO,Plano Real: êxito sem equilíbrio externo e fiscal,,nenhuma,história econômica do Brasil (HECON),
ECO-E3-L00185-1,E3-L00185,1,E3,05 — 🤪 TPS Economia 03.1 - Nidi/Jacqueline Bueno - Mosqueteiros,TRIAGEM,HECON,C/E,CEBRASPE,ANTT/2023,2023,False,False,ERRADO,congelamento de preços como instrumento heterodoxo,,nenhuma,história econômica do Brasil (HECON),
ECO-E3-L00186-1,E3-L00186,1,E3,05 — 🤪 TPS Economia 03.1 - Nidi/Jacqueline Bueno - Mosqueteiros,TRIAGEM,HECON,C/E,CEBRASPE,ANTT/2023,2023,False,False,CERTO,efeito Tanzi invertido e inflação reduzindo gasto real,,nenhuma,história econômica do Brasil (HECON),
ECO-E3-L00187-1,E3-L00187,1,E3,05 — 🤪 TPS Economia 03.1 - Nidi/Jacqueline Bueno - Mosqueteiros,TRIAGEM,HECON,C/E,CEBRASPE,ANTT/2023,2023,False,False,CERTO,Plano de Metas: cinco setores de investimento,,nenhuma,história econômica do Brasil (HECON),
ECO-E3-L00195-1,E3-L00195,1,E3,06 — 🤪 TPS Economia 03.2 - Nidi/Jacqueline Bueno - Mosqueteiros,03,💸 Tributos: incidência e peso morto,C/E,Nidi/Jacqueline Bueno,Simulado Abril/2025,2025,False,False,CERTO,demanda perfeitamente elástica: imposto recai sobre produtores,,nenhuma,,
ECO-E3-L00196-1,E3-L00196,1,E3,06 — 🤪 TPS Economia 03.2 - Nidi/Jacqueline Bueno - Mosqueteiros,03,💸 Tributos: incidência e peso morto,C/E,Nidi/Jacqueline Bueno,Simulado Abril/2025,2025,False,False,ERRADO,elasticidades unitárias: imposto dividido entre as partes,,nenhuma,,
ECO-E3-L00197-1,E3-L00197,1,E3,06 — 🤪 TPS Economia 03.2 - Nidi/Jacqueline Bueno - Mosqueteiros,03,💸 Tributos: incidência e peso morto,C/E,Nidi/Jacqueline Bueno,Simulado Abril/2025,2025,False,False,ERRADO,"produtos viciantes: demanda inelástica, consumidor arca mais",,nenhuma,,
ECO-E3-L00198-1,E3-L00198,1,E3,06 — 🤪 TPS Economia 03.2 - Nidi/Jacqueline Bueno - Mosqueteiros,03,💸 Tributos: incidência e peso morto,C/E,Nidi/Jacqueline Bueno,Simulado Abril/2025,2025,False,False,CERTO,lado mais inelástico apropria benefício de redução de imposto,,nenhuma,,
ECO-E3-L00199-1,E3-L00199,1,E3,06 — 🤪 TPS Economia 03.2 - Nidi/Jacqueline Bueno - Mosqueteiros,03,🚧 Preços máximos e mínimos,C/E,Nidi/Jacqueline Bueno,Simulado Abril/2025,2025,False,False,ERRADO,preço máximo não necessariamente gera perda (ex.: monopólio),,nenhuma,,
ECO-E3-L00200-1,E3-L00200,1,E3,06 — 🤪 TPS Economia 03.2 - Nidi/Jacqueline Bueno - Mosqueteiros,08,👑 Equilíbrio do monopólio,C/E,Nidi/Jacqueline Bueno,Simulado Abril/2025,2025,False,True,ERRADO,imposto sobre lucro do monopolista não altera P e Q,,nenhuma,,
ECO-E3-L00201-1,E3-L00201,1,E3,06 — 🤪 TPS Economia 03.2 - Nidi/Jacqueline Bueno - Mosqueteiros,79,🧾 Tarifas,C/E,Nidi/Jacqueline Bueno,Simulado Abril/2025,2025,False,False,CERTO,eliminar tarifa reduz excedente do produtor e eleva bem-estar,,nenhuma,,
ECO-E3-L00202-1,E3-L00202,1,E3,06 — 🤪 TPS Economia 03.2 - Nidi/Jacqueline Bueno - Mosqueteiros,03,💸 Tributos: incidência e peso morto,C/E,Nidi/Jacqueline Bueno,Simulado Abril/2025,2025,False,False,CERTO,imposto sobre lucro não altera condição RMg = CMg,,nenhuma,,
ECO-E3-L00203-1,E3-L00203,1,E3,06 — 🤪 TPS Economia 03.2 - Nidi/Jacqueline Bueno - Mosqueteiros,18,✍️ Lançamentos,C/E,Nidi/Jacqueline Bueno,Simulado Abril/2025,2025,False,False,ERRADO,cálculo do saldo da balança de serviços,,transcrita_insuficiente,,tabela da frente com valores faltando
ECO-E3-L00204-1,E3-L00204,1,E3,06 — 🤪 TPS Economia 03.2 - Nidi/Jacqueline Bueno - Mosqueteiros,18,✍️ Lançamentos,C/E,Nidi/Jacqueline Bueno,Simulado Abril/2025,2025,False,False,CERTO,déficit do BP financiado com redução de reservas,,transcrita_ok,,
ECO-E3-L00205-1,E3-L00205,1,E3,06 — 🤪 TPS Economia 03.2 - Nidi/Jacqueline Bueno - Mosqueteiros,18,✍️ Lançamentos,C/E,Nidi/Jacqueline Bueno,Simulado Abril/2025,2025,False,False,CERTO,ações no secundário e reinvestimento não ampliam capital,,transcrita_ok,,
ECO-E3-L00206-1,E3-L00206,1,E3,06 — 🤪 TPS Economia 03.2 - Nidi/Jacqueline Bueno - Mosqueteiros,18,✍️ Lançamentos,C/E,Nidi/Jacqueline Bueno,Simulado Abril/2025,2025,False,False,ERRADO,cálculo do saldo de capitais autônomos,,transcrita_insuficiente,,tabela da frente com valores faltando
ECO-E3-L00207-1,E3-L00207,1,E3,06 — 🤪 TPS Economia 03.2 - Nidi/Jacqueline Bueno - Mosqueteiros,19,💰 Resultados fiscais (NFSP),C/E,Nidi/Jacqueline Bueno,Simulado Abril/2025,2025,False,False,CERTO,primário = nominal menos juros nominais,,nenhuma,,
ECO-E3-L00208-1,E3-L00208,1,E3,06 — 🤪 TPS Economia 03.2 - Nidi/Jacqueline Bueno - Mosqueteiros,48,🧮 Financiamento e sustentabilidade,C/E,Nidi/Jacqueline Bueno,Simulado Abril/2025,2025,False,False,CERTO,superávit primário igual aos juros reais estabiliza dívida,,nenhuma,,
ECO-E3-L00209-1,E3-L00209,1,E3,06 — 🤪 TPS Economia 03.2 - Nidi/Jacqueline Bueno - Mosqueteiros,47,🔮 Equivalência ricardiana,C/E,Nidi/Jacqueline Bueno,Simulado Abril/2025,2025,False,False,ERRADO,equivalência ricardiana: déficit não eleva atividade,,nenhuma,,
ECO-E3-L00210-1,E3-L00210,1,E3,06 — 🤪 TPS Economia 03.2 - Nidi/Jacqueline Bueno - Mosqueteiros,47,🔮 Equivalência ricardiana,C/E,Nidi/Jacqueline Bueno,Simulado Abril/2025,2025,False,False,CERTO,equivalência ricardiana: forma de financiamento é neutra,,nenhuma,,
ECO-E3-L00211-1,E3-L00211,1,E3,06 — 🤪 TPS Economia 03.2 - Nidi/Jacqueline Bueno - Mosqueteiros,TRIAGEM,HECON,C/E,Nidi/Jacqueline Bueno,Simulado Abril/2025,2025,False,False,ERRADO,PAEG: Fundo de Participação e centralização tributária,,nenhuma,história econômica do Brasil (HECON),
ECO-E3-L00212-1,E3-L00212,1,E3,06 — 🤪 TPS Economia 03.2 - Nidi/Jacqueline Bueno - Mosqueteiros,TRIAGEM,HECON,C/E,Nidi/Jacqueline Bueno,Simulado Abril/2025,2025,False,False,CERTO,"PAEG: reforma tributária regressiva, impostos indiretos",,nenhuma,história econômica do Brasil (HECON),
ECO-E3-L00213-1,E3-L00213,1,E3,06 — 🤪 TPS Economia 03.2 - Nidi/Jacqueline Bueno - Mosqueteiros,TRIAGEM,HECON,C/E,Nidi/Jacqueline Bueno,Simulado Abril/2025,2025,False,False,CERTO,PAEG: ORTN e maior pressão fiscal sobre o Tesouro,,nenhuma,história econômica do Brasil (HECON),
ECO-E3-L00214-1,E3-L00214,1,E3,06 — 🤪 TPS Economia 03.2 - Nidi/Jacqueline Bueno - Mosqueteiros,TRIAGEM,HECON,C/E,Nidi/Jacqueline Bueno,Simulado Abril/2025,2025,False,False,ERRADO,PAEG: criação do BCB não encerrou Orçamento Monetário,,nenhuma,história econômica do Brasil (HECON),
ECO-E3-L00215-1,E3-L00215,1,E3,06 — 🤪 TPS Economia 03.2 - Nidi/Jacqueline Bueno - Mosqueteiros,TRIAGEM,HECON,C/E,Nidi/Jacqueline Bueno,Simulado Abril/2025,2025,False,False,CERTO,flexibilização fiscal pós-2002: PPI e exclusão de estatais,,nenhuma,história econômica do Brasil (HECON),
ECO-E3-L00216-1,E3-L00216,1,E3,06 — 🤪 TPS Economia 03.2 - Nidi/Jacqueline Bueno - Mosqueteiros,TRIAGEM,HECON,C/E,Nidi/Jacqueline Bueno,Simulado Abril/2025,2025,False,False,ERRADO,Brasil e FMI após desvalorização de 1999,,nenhuma,história econômica do Brasil (HECON),
ECO-E3-L00217-1,E3-L00217,1,E3,06 — 🤪 TPS Economia 03.2 - Nidi/Jacqueline Bueno - Mosqueteiros,49,⚖️ Responsabilidade fiscal,C/E,Nidi/Jacqueline Bueno,Simulado Abril/2025,2025,False,False,ERRADO,LRF: data (2000) e limite de pessoal inclui a União,,nenhuma,,
ECO-E3-L00218-1,E3-L00218,1,E3,06 — 🤪 TPS Economia 03.2 - Nidi/Jacqueline Bueno - Mosqueteiros,49,⚖️ Responsabilidade fiscal,C/E,Nidi/Jacqueline Bueno,Simulado Abril/2025,2025,False,False,CERTO,LRF: limites de endividamento dos entes subnacionais,,nenhuma,,
ECO-E3-L00219-1,E3-L00219,1,E3,06 — 🤪 TPS Economia 03.2 - Nidi/Jacqueline Bueno - Mosqueteiros,75,🔬 Novas teorias do comércio,C/E,Nidi/Jacqueline Bueno,Simulado Abril/2025,2025,False,False,CERTO,economias de escala determinam padrão de comércio,E1-0858,nenhuma,,
ECO-E3-L00220-1,E3-L00220,1,E3,06 — 🤪 TPS Economia 03.2 - Nidi/Jacqueline Bueno - Mosqueteiros,73,🧪 Heckscher-Ohlin e teoremas,C/E,Nidi/Jacqueline Bueno,Simulado Abril/2025,2025,False,False,CERTO,Heckscher-Ohlin: dotação e intensidade de fatores,,nenhuma,,
ECO-E3-L00221-1,E3-L00221,1,E3,06 — 🤪 TPS Economia 03.2 - Nidi/Jacqueline Bueno - Mosqueteiros,75,🔬 Novas teorias do comércio,C/E,Nidi/Jacqueline Bueno,Simulado Abril/2025,2025,False,False,CERTO,concorrência monopolística e comércio intraindústria,,nenhuma,,
ECO-E3-L00222-1,E3-L00222,1,E3,06 — 🤪 TPS Economia 03.2 - Nidi/Jacqueline Bueno - Mosqueteiros,73,🧪 Heckscher-Ohlin e teoremas,C/E,Nidi/Jacqueline Bueno,Simulado Abril/2025,2025,False,False,ERRADO,Stolper-Samuelson: tarifa eleva renda do fator intensivo,,nenhuma,,
ECO-E3-L00230-1,E3-L00230,1,E3,07 — 🤪 TPS Economia 04 - Nidi/Jacqueline Bueno,08,🎟️ Discriminação de preços,C/E,Nidi/Jacqueline Bueno,Simulado Março/2025,2025,False,True,CERTO,2º grau: firma não identifica demandas individuais,,nenhuma,,
ECO-E3-L00231-1,E3-L00231,1,E3,07 — 🤪 TPS Economia 04 - Nidi/Jacqueline Bueno,08,🎟️ Discriminação de preços,C/E,Nidi/Jacqueline Bueno,Simulado Março/2025,2025,False,False,CERTO,2º grau: grandes compradores com demanda mais elástica,,nenhuma,,
ECO-E3-L00232-1,E3-L00232,1,E3,07 — 🤪 TPS Economia 04 - Nidi/Jacqueline Bueno,08,🎟️ Discriminação de preços,C/E,Nidi/Jacqueline Bueno,Simulado Março/2025,2025,False,False,ERRADO,discriminação de 1º grau é Pareto-eficiente,,nenhuma,,
ECO-E3-L00233-1,E3-L00233,1,E3,07 — 🤪 TPS Economia 04 - Nidi/Jacqueline Bueno,08,🎟️ Discriminação de preços,C/E,Nidi/Jacqueline Bueno,Simulado Março/2025,2025,False,False,ERRADO,3º grau: preço maior para demanda mais inelástica,,nenhuma,,
ECO-E3-L00234-1,E3-L00234,1,E3,07 — 🤪 TPS Economia 04 - Nidi/Jacqueline Bueno,02,🔗 Elasticidade-renda e cruzada,C/E,Nidi/Jacqueline Bueno,Simulado Março/2025,2025,False,False,CERTO,elasticidade-renda positiva para bem normal,,nenhuma,,
ECO-E3-L00235-1,E3-L00235,1,E3,07 — 🤪 TPS Economia 04 - Nidi/Jacqueline Bueno,02,🔗 Elasticidade-renda e cruzada,C/E,Nidi/Jacqueline Bueno,Simulado Março/2025,2025,False,False,CERTO,baixa elasticidade cruzada com substituto dá poder de preço,,nenhuma,,
ECO-E3-L00236-1,E3-L00236,1,E3,07 — 🤪 TPS Economia 04 - Nidi/Jacqueline Bueno,04,🎯 Utilidade e curvas de indiferença,C/E,Nidi/Jacqueline Bueno,Simulado Março/2025,2025,False,False,ERRADO,TMS constante só para substitutos perfeitos,,nenhuma,,
ECO-E3-L00237-1,E3-L00237,1,E3,07 — 🤪 TPS Economia 04 - Nidi/Jacqueline Bueno,04,🧠 Preferências e axiomas,C/E,Nidi/Jacqueline Bueno,Simulado Março/2025,2025,False,False,CERTO,curvas de indiferença não se cruzam (transitividade),,nenhuma,,
ECO-E3-L00238-1,E3-L00238,1,E3,07 — 🤪 TPS Economia 04 - Nidi/Jacqueline Bueno,17,🧾 SCN e tabelas,C/E,Nidi/Jacqueline Bueno,Simulado Março/2025,2025,False,False,CERTO,SCN: importações por produto avaliadas a preços CIF,,nenhuma,,
ECO-E3-L00239-1,E3-L00239,1,E3,07 — 🤪 TPS Economia 04 - Nidi/Jacqueline Bueno,17,🧾 SCN e tabelas,C/E,Nidi/Jacqueline Bueno,Simulado Março/2025,2025,False,True,CERTO,SCN: importação total de bens registrada a preços FOB,,nenhuma,,
ECO-E3-L00240-1,E3-L00240,1,E3,07 — 🤪 TPS Economia 04 - Nidi/Jacqueline Bueno,17,🧾 SCN e tabelas,C/E,Nidi/Jacqueline Bueno,Simulado Março/2025,2025,False,False,CERTO,usos e recursos dos setores institucionais,E1-0416,nenhuma,,
ECO-E3-L00241-1,E3-L00241,1,E3,07 — 🤪 TPS Economia 04 - Nidi/Jacqueline Bueno,17,🧾 SCN e tabelas,C/E,Nidi/Jacqueline Bueno,Simulado Março/2025,2025,False,False,CERTO,conceito de transferências sociais em espécie,,nenhuma,,
ECO-E3-L00242-1,E3-L00242,1,E3,07 — 🤪 TPS Economia 04 - Nidi/Jacqueline Bueno,17,🔄 Identidades e óticas do produto,C/E,Nidi/Jacqueline Bueno,Simulado Março/2025,2025,False,True,ERRADO,FBCF não inclui variação de estoques,E1-0378,nenhuma,,
ECO-E3-L00243-1,E3-L00243,1,E3,07 — 🤪 TPS Economia 04 - Nidi/Jacqueline Bueno,17,🔄 Identidades e óticas do produto,C/E,Nidi/Jacqueline Bueno,Simulado Março/2025,2025,False,False,ERRADO,acumulação líquida de capital pode ser negativa,E1-0379,nenhuma,,
ECO-E3-L00244-1,E3-L00244,1,E3,07 — 🤪 TPS Economia 04 - Nidi/Jacqueline Bueno,17,"📏 PIB, PNB, RNB e conceitos derivados",C/E,Nidi/Jacqueline Bueno,Simulado Março/2025,2025,False,False,ERRADO,PNB = PIB menos renda líquida enviada (sem importações),E1-0381,nenhuma,,
ECO-E3-L00245-1,E3-L00245,1,E3,07 — 🤪 TPS Economia 04 - Nidi/Jacqueline Bueno,17,🔄 Identidades e óticas do produto,C/E,Nidi/Jacqueline Bueno,Simulado Março/2025,2025,False,True,CERTO,poupança externa não inclui variação de reservas,,nenhuma,,
ECO-E3-L00246-1,E3-L00246,1,E3,07 — 🤪 TPS Economia 04 - Nidi/Jacqueline Bueno,TRIAGEM,HECON,C/E,Nidi/Jacqueline Bueno,Simulado Março/2025,2025,False,True,ERRADO,crise mexicana e regime automotivo no Mercosul,,nenhuma,história econômica do Brasil (HECON),
ECO-E3-L00247-1,E3-L00247,1,E3,07 — 🤪 TPS Economia 04 - Nidi/Jacqueline Bueno,TRIAGEM,HECON,C/E,Nidi/Jacqueline Bueno,Simulado Março/2025,2025,False,False,ERRADO,abertura dos anos 1990 e reestruturação produtiva,,nenhuma,história econômica do Brasil (HECON),
ECO-E3-L00248-1,E3-L00248,1,E3,07 — 🤪 TPS Economia 04 - Nidi/Jacqueline Bueno,TRIAGEM,HECON,C/E,Nidi/Jacqueline Bueno,Simulado Março/2025,2025,False,False,ERRADO,inserção externa da indústria nos anos 1990,,nenhuma,história econômica do Brasil (HECON),
ECO-E3-L00249-1,E3-L00249,1,E3,07 — 🤪 TPS Economia 04 - Nidi/Jacqueline Bueno,TRIAGEM,HECON,C/E,Nidi/Jacqueline Bueno,Simulado Março/2025,2025,False,True,ERRADO,queda do investimento em energia elétrica nos anos 1990,,nenhuma,história econômica do Brasil (HECON),
ECO-E3-L00250-1,E3-L00250,1,E3,07 — 🤪 TPS Economia 04 - Nidi/Jacqueline Bueno,TRIAGEM,HECON,C/E,Nidi/Jacqueline Bueno,Simulado Março/2025,2025,False,False,CERTO,suspensão de pagamentos da dívida externa nos anos 1930,,nenhuma,história econômica do Brasil (HECON),
ECO-E3-L00251-1,E3-L00251,1,E3,07 — 🤪 TPS Economia 04 - Nidi/Jacqueline Bueno,TRIAGEM,HECON,C/E,Nidi/Jacqueline Bueno,Simulado Março/2025,2025,False,False,CERTO,Milagre: endividamento externo e acúmulo de reservas,,nenhuma,história econômica do Brasil (HECON),
ECO-E3-L00252-1,E3-L00252,1,E3,07 — 🤪 TPS Economia 04 - Nidi/Jacqueline Bueno,TRIAGEM,HECON,C/E,Nidi/Jacqueline Bueno,Simulado Março/2025,2025,False,True,ERRADO,acordo com o FMI de 1983 e transações correntes,,nenhuma,história econômica do Brasil (HECON),
ECO-E3-L00253-1,E3-L00253,1,E3,07 — 🤪 TPS Economia 04 - Nidi/Jacqueline Bueno,TRIAGEM,HECON,C/E,Nidi/Jacqueline Bueno,Simulado Março/2025,2025,False,False,ERRADO,moratória de 1987 e Plano Cruzado,,nenhuma,história econômica do Brasil (HECON),
ECO-E3-L00254-1,E3-L00254,1,E3,07 — 🤪 TPS Economia 04 - Nidi/Jacqueline Bueno,76,⭐ Cadeias globais de valor,C/E,Nidi/Jacqueline Bueno,Simulado Março/2025,2025,False,True,CERTO,governança dispersa das CGVs dificulta normas da OMC,,nenhuma,,
ECO-E3-L00255-1,E3-L00255,1,E3,07 — 🤪 TPS Economia 04 - Nidi/Jacqueline Bueno,77,💼 IED e portfólio,C/E,Nidi/Jacqueline Bueno,Simulado Março/2025,2025,False,True,ERRADO,verticalizar ou subcontratar: processos contínuos × discretos,,nenhuma,,
ECO-E3-L00256-1,E3-L00256,1,E3,07 — 🤪 TPS Economia 04 - Nidi/Jacqueline Bueno,77,💼 IED e portfólio,DISC,Nidi/Jacqueline Bueno,Simulado Março/2025,2025,False,False,RESPOSTA,"estratégias de internacionalização: IED, terceirização, verticalização",,nenhuma,,
ECO-E3-L00257-1,E3-L00257,1,E3,07 — 🤪 TPS Economia 04 - Nidi/Jacqueline Bueno,75,🔬 Novas teorias do comércio,C/E,Nidi/Jacqueline Bueno,Simulado Março/2025,2025,False,False,CERTO,economias de escala determinam padrão de comércio,E1-0858,nenhuma,,
ECO-E3-L00258-1,E3-L00258,1,E3,07 — 🤪 TPS Economia 04 - Nidi/Jacqueline Bueno,73,🧪 Heckscher-Ohlin e teoremas,C/E,Nidi/Jacqueline Bueno,Simulado Março/2025,2025,False,False,CERTO,Heckscher-Ohlin: dotação e intensidade de fatores,,nenhuma,,
ECO-E3-L00266-1,E3-L00266,1,E3,08 — 🤪 TPS Economia 05 - Nidi/Jacqueline Bueno,12,🏞️ Bens públicos e comuns,C/E,Nidi/Jacqueline Bueno,Fevereiro/2025,2025,False,True,CERTO,condição de Samuelson: soma dos BMg = CMg,,nenhuma,,
ECO-E3-L00267-1,E3-L00267,1,E3,08 — 🤪 TPS Economia 05 - Nidi/Jacqueline Bueno,12,🏞️ Bens públicos e comuns,C/E,Nidi/Jacqueline Bueno,Fevereiro/2025,2025,False,False,CERTO,tributos reduzem o problema do carona,,nenhuma,,
ECO-E3-L00268-1,E3-L00268,1,E3,08 — 🤪 TPS Economia 05 - Nidi/Jacqueline Bueno,12,🌫️ Externalidades e Coase,C/E,Nidi/Jacqueline Bueno,Fevereiro/2025,2025,False,False,CERTO,taxa pigouviana preferível a limite com custos distintos,,nenhuma,,
ECO-E3-L00269-1,E3-L00269,1,E3,08 — 🤪 TPS Economia 05 - Nidi/Jacqueline Bueno,12,🌫️ Externalidades e Coase,C/E,Nidi/Jacqueline Bueno,Fevereiro/2025,2025,False,False,CERTO,reciclagem ocorre sem intervenção se insumo novo for caro,,nenhuma,,
ECO-E3-L00270-1,E3-L00270,1,E3,08 — 🤪 TPS Economia 05 - Nidi/Jacqueline Bueno,04,🎯 Utilidade e curvas de indiferença,C/E,Nidi/Jacqueline Bueno,Fevereiro/2025,2025,False,False,ERRADO,"TMS constante é de substitutos, não complementares perfeitos",,nenhuma,,
ECO-E3-L00271-1,E3-L00271,1,E3,08 — 🤪 TPS Economia 05 - Nidi/Jacqueline Bueno,03,😊 Excedentes e eficiência,C/E,Nidi/Jacqueline Bueno,Fevereiro/2025,2025,False,False,ERRADO,perda de excedente com alta de preço não é só gasto extra,,nenhuma,,
ECO-E3-L00272-1,E3-L00272,1,E3,08 — 🤪 TPS Economia 05 - Nidi/Jacqueline Bueno,02,"💰 Elasticidade, receita e gasto",C/E,Nidi/Jacqueline Bueno,Fevereiro/2025,2025,False,True,ERRADO,"queda de preço e gasto: demanda inelástica, não elástica",,nenhuma,,
ECO-E3-L00273-1,E3-L00273,1,E3,08 — 🤪 TPS Economia 05 - Nidi/Jacqueline Bueno,04-A,🥔 Bens inferiores e de Giffen,C/E,Nidi/Jacqueline Bueno,Fevereiro/2025,2025,False,False,ERRADO,bem inferior não implica demanda negativamente inclinada,,nenhuma,,
ECO-E3-L00274-1,E3-L00274,1,E3,08 — 🤪 TPS Economia 05 - Nidi/Jacqueline Bueno,65,🏦 Bretton Woods,C/E,Nidi/Jacqueline Bueno,Fevereiro/2025,2025,False,False,ERRADO,Keynes em Bretton Woods defendia câmbio fixo ajustável,E1-0464,nenhuma,,
ECO-E3-L00275-1,E3-L00275,1,E3,08 — 🤪 TPS Economia 05 - Nidi/Jacqueline Bueno,26,📈 Demanda efetiva e cruz keynesiana,C/E,Nidi/Jacqueline Bueno,Fevereiro/2025,2025,False,False,CERTO,Keynes: emprego definido pela demanda efetiva esperada,,nenhuma,,
ECO-E3-L00276-1,E3-L00276,1,E3,08 — 🤪 TPS Economia 05 - Nidi/Jacqueline Bueno,26,📈 Demanda efetiva e cruz keynesiana,C/E,Nidi/Jacqueline Bueno,Fevereiro/2025,2025,False,True,ERRADO,hipótese de salários nominais constantes não altera raciocínio,E1-0466,nenhuma,,
ECO-E3-L00277-1,E3-L00277,1,E3,08 — 🤪 TPS Economia 05 - Nidi/Jacqueline Bueno,47,📊 Política fiscal e multiplicadores,C/E,Nidi/Jacqueline Bueno,Fevereiro/2025,2025,False,True,CERTO,política fiscal keynesiana anticíclica,,nenhuma,,
ECO-E3-L00278-1,E3-L00278,1,E3,08 — 🤪 TPS Economia 05 - Nidi/Jacqueline Bueno,17,"📏 PIB, PNB, RNB e conceitos derivados",C/E,Nidi/Jacqueline Bueno,Fevereiro/2025,2025,False,False,CERTO,renda enviada maior que recebida: PI > PN,,nenhuma,,
ECO-E3-L00279-1,E3-L00279,1,E3,08 — 🤪 TPS Economia 05 - Nidi/Jacqueline Bueno,17,📊 Nominal × real e deflator,C/E,Nidi/Jacqueline Bueno,Fevereiro/2025,2025,False,False,ERRADO,PIB real pode crescer mais que nominal (deflação),,nenhuma,,
ECO-E3-L00280-1,E3-L00280,1,E3,08 — 🤪 TPS Economia 05 - Nidi/Jacqueline Bueno,17,🔄 Identidades e óticas do produto,C/E,Nidi/Jacqueline Bueno,Fevereiro/2025,2025,False,True,ERRADO,conceito de investimento (FBCF) nas contas nacionais,,nenhuma,,
ECO-E3-L00281-1,E3-L00281,1,E3,08 — 🤪 TPS Economia 05 - Nidi/Jacqueline Bueno,17,💲 Preços de mercado × custo de fatores,C/E,Nidi/Jacqueline Bueno,Fevereiro/2025,2025,False,True,CERTO,PIL a custo de fatores: menos depreciação e indiretos líquidos,,nenhuma,,
ECO-E3-L00282-1,E3-L00282,1,E3,08 — 🤪 TPS Economia 05 - Nidi/Jacqueline Bueno,TRIAGEM,HECON,C/E,Nidi/Jacqueline Bueno,Fevereiro/2025,2025,False,False,CERTO,industrialização induzida pelas exportações antes de 1930,,nenhuma,história econômica do Brasil (HECON),
ECO-E3-L00283-1,E3-L00283,1,E3,08 — 🤪 TPS Economia 05 - Nidi/Jacqueline Bueno,TRIAGEM,HECON,C/E,Nidi/Jacqueline Bueno,Fevereiro/2025,2025,False,False,CERTO,I Guerra Mundial e expansão da indústria têxtil,,nenhuma,história econômica do Brasil (HECON),
ECO-E3-L00284-1,E3-L00284,1,E3,08 — 🤪 TPS Economia 05 - Nidi/Jacqueline Bueno,TRIAGEM,HECON,C/E,Nidi/Jacqueline Bueno,Fevereiro/2025,2025,False,False,ERRADO,teoria dos choques adversos e financiamento nos anos 1930,,nenhuma,história econômica do Brasil (HECON),
ECO-E3-L00285-1,E3-L00285,1,E3,08 — 🤪 TPS Economia 05 - Nidi/Jacqueline Bueno,TRIAGEM,HECON,C/E,Nidi/Jacqueline Bueno,Fevereiro/2025,2025,False,False,ERRADO,Furtado: industrialização pós-1933 não deliberada,,nenhuma,história econômica do Brasil (HECON),
ECO-E3-L00286-1,E3-L00286,1,E3,08 — 🤪 TPS Economia 05 - Nidi/Jacqueline Bueno,TRIAGEM,HECON,C/E,Nidi/Jacqueline Bueno,Fevereiro/2025,2025,False,True,CERTO,ajuste fiscal de Figueiredo a partir de 1983,,nenhuma,história econômica do Brasil (HECON),
ECO-E3-L00287-1,E3-L00287,1,E3,08 — 🤪 TPS Economia 05 - Nidi/Jacqueline Bueno,TRIAGEM,HECON,C/E,Nidi/Jacqueline Bueno,Fevereiro/2025,2025,False,False,ERRADO,reajuste salarial semestral e inflação inercial,,nenhuma,história econômica do Brasil (HECON),
ECO-E3-L00288-1,E3-L00288,1,E3,08 — 🤪 TPS Economia 05 - Nidi/Jacqueline Bueno,TRIAGEM,HECON,C/E,Nidi/Jacqueline Bueno,Fevereiro/2025,2025,False,False,CERTO,anos 1980: indústria não acompanhou paradigma microeletrônico,,nenhuma,história econômica do Brasil (HECON),
ECO-E3-L00289-1,E3-L00289,1,E3,08 — 🤪 TPS Economia 05 - Nidi/Jacqueline Bueno,TRIAGEM,HECON,C/E,Nidi/Jacqueline Bueno,Fevereiro/2025,2025,False,False,ERRADO,recurso ao FMI em 1982 durante a ditadura,,nenhuma,história econômica do Brasil (HECON),
ECO-E3-L00290-1,E3-L00290,1,E3,08 — 🤪 TPS Economia 05 - Nidi/Jacqueline Bueno,18,🏗️ Estrutura do BP (BPM6),C/E,Nidi/Jacqueline Bueno,Fevereiro/2025,2025,False,False,ERRADO,"juros e lucros vão para renda primária, não serviços",E1-0370,nenhuma,,
ECO-E3-L00291-1,E3-L00291,1,E3,08 — 🤪 TPS Economia 05 - Nidi/Jacqueline Bueno,77,💼 IED e portfólio,C/E,Nidi/Jacqueline Bueno,Fevereiro/2025,2025,False,False,CERTO,IED: capital de longo prazo e mais resiliente,E1-0371,nenhuma,,
ECO-E3-L00292-1,E3-L00292,1,E3,08 — 🤪 TPS Economia 05 - Nidi/Jacqueline Bueno,78,🌐 Globalização e vulnerabilidade,C/E,Nidi/Jacqueline Bueno,Fevereiro/2025,2025,False,False,ERRADO,fluxos de capitais condicionam política econômica aberta,E1-0372,nenhuma,,
ECO-E3-L00293-1,E3-L00293,1,E3,08 — 🤪 TPS Economia 05 - Nidi/Jacqueline Bueno,78,🌐 Globalização e vulnerabilidade,C/E,Nidi/Jacqueline Bueno,Fevereiro/2025,2025,False,False,CERTO,sudden stops e regulação prudencial,E1-0373,nenhuma,,
ECO-E3-L00301-1,E3-L00301,1,E3,09 — 🤪 TPS Economia 06 - Nidi/Jacqueline Bueno,12,🏞️ Bens públicos e comuns,C/E,Nidi/Jacqueline Bueno,,,False,False,CERTO,caronistas impedem provisão eficiente de bens públicos,,nenhuma,,
ECO-E3-L00302-1,E3-L00302,1,E3,09 — 🤪 TPS Economia 06 - Nidi/Jacqueline Bueno,12,🏞️ Bens públicos e comuns,C/E,Nidi/Jacqueline Bueno,,,False,False,CERTO,recursos comuns: rivalidade gera uso excessivo,,nenhuma,,
ECO-E3-L00303-1,E3-L00303,1,E3,09 — 🤪 TPS Economia 06 - Nidi/Jacqueline Bueno,12,🏞️ Bens públicos e comuns,C/E,Nidi/Jacqueline Bueno,,,False,True,CERTO,saúde pública como recurso comum e uso excessivo,,nenhuma,,
ECO-E3-L00304-1,E3-L00304,1,E3,09 — 🤪 TPS Economia 06 - Nidi/Jacqueline Bueno,08,🏛️ Monopólio natural e regulação,C/E,Nidi/Jacqueline Bueno,,,False,False,CERTO,monopólio natural: P = CMg não cobre CMe; estatização,,nenhuma,,
ECO-E3-L00305-1,E3-L00305,1,E3,09 — 🤪 TPS Economia 06 - Nidi/Jacqueline Bueno,01,🏭 Oferta: determinantes e deslocamentos,C/E,Nidi/Jacqueline Bueno,,,False,True,CERTO,oferta de mercado como soma horizontal das ofertas individuais,,nenhuma,,
ECO-E3-L00306-1,E3-L00306,1,E3,09 — 🤪 TPS Economia 06 - Nidi/Jacqueline Bueno,10,🤝 Cartel e conluio,C/E,Nidi/Jacqueline Bueno,,,False,True,ERRADO,"sinalização de preços é conluio tácito, não explícito",,nenhuma,,
ECO-E3-L00307-1,E3-L00307,1,E3,09 — 🤪 TPS Economia 06 - Nidi/Jacqueline Bueno,10,🤝 Cartel e conluio,C/E,Nidi/Jacqueline Bueno,,,False,True,ERRADO,lucro de Cournot não supera o do cartel,,nenhuma,,
ECO-E3-L00308-1,E3-L00308,1,E3,09 — 🤪 TPS Economia 06 - Nidi/Jacqueline Bueno,09,🧩 Modelo de Chamberlin,C/E,Nidi/Jacqueline Bueno,,,False,True,ANULADO,concorrência monopolística: P = CMe no longo prazo,,nenhuma,,anotado como anulado: não especificou curto/longo prazo
ECO-E3-L00309-1,E3-L00309,1,E3,09 — 🤪 TPS Economia 06 - Nidi/Jacqueline Bueno,17,💲 Preços de mercado × custo de fatores,C/E,Nidi/Jacqueline Bueno,,,False,True,CERTO,EOB mais remuneração dos empregados = PIB a custo de fatores,,nenhuma,,
ECO-E3-L00310-1,E3-L00310,1,E3,09 — 🤪 TPS Economia 06 - Nidi/Jacqueline Bueno,17,🔄 Identidades e óticas do produto,C/E,Nidi/Jacqueline Bueno,,,False,False,ERRADO,identidade poupança-investimento é ex post,,nenhuma,,
ECO-E3-L00311-1,E3-L00311,1,E3,09 — 🤪 TPS Economia 06 - Nidi/Jacqueline Bueno,17,"📏 PIB, PNB, RNB e conceitos derivados",C/E,Nidi/Jacqueline Bueno,,,False,False,ERRADO,RNB × PIB: conceitos e óticas de mensuração,,nenhuma,,
ECO-E3-L00312-1,E3-L00312,1,E3,09 — 🤪 TPS Economia 06 - Nidi/Jacqueline Bueno,17,🔄 Identidades e óticas do produto,C/E,Nidi/Jacqueline Bueno,,,False,False,CERTO,I = poupança privada + pública + externa,,nenhuma,,
ECO-E3-L00313-1,E3-L00313,1,E3,09 — 🤪 TPS Economia 06 - Nidi/Jacqueline Bueno,36,🛠️ Instrumentos de política monetária,C/E,Nidi/Jacqueline Bueno,,,False,False,CERTO,juros: trade-off entre investimento e controle de preços,,nenhuma,,
ECO-E3-L00314-1,E3-L00314,1,E3,09 — 🤪 TPS Economia 06 - Nidi/Jacqueline Bueno,16,🧭 Agregados e conceitos básicos,C/E,Nidi/Jacqueline Bueno,,,False,False,CERTO,juros nominal × real: desconto da inflação,,nenhuma,,
ECO-E3-L00315-1,E3-L00315,1,E3,09 — 🤪 TPS Economia 06 - Nidi/Jacqueline Bueno,16,🧭 Agregados e conceitos básicos,C/E,Nidi/Jacqueline Bueno,,,False,False,ERRADO,"câmbio afeta principalmente exportações líquidas, não I e G",,nenhuma,,
ECO-E3-L00316-1,E3-L00316,1,E3,09 — 🤪 TPS Economia 06 - Nidi/Jacqueline Bueno,69,🔗 Paridades e repasse cambial,C/E,Nidi/Jacqueline Bueno,,,False,False,ERRADO,câmbio nominal repassa para a inflação,,nenhuma,,
ECO-E3-L00317-1,E3-L00317,1,E3,09 — 🤪 TPS Economia 06 - Nidi/Jacqueline Bueno,TRIAGEM,HECON,C/E,Nidi/Jacqueline Bueno,,,False,False,CERTO,criação do BNDE e Comissão Mista Brasil-EUA,,nenhuma,história econômica do Brasil (HECON),
ECO-E3-L00318-1,E3-L00318,1,E3,09 — 🤪 TPS Economia 06 - Nidi/Jacqueline Bueno,TRIAGEM,HECON,C/E,Nidi/Jacqueline Bueno,,,False,False,ERRADO,Plano de Metas: fontes de financiamento não vinculadas,,nenhuma,história econômica do Brasil (HECON),
ECO-E3-L00319-1,E3-L00319,1,E3,09 — 🤪 TPS Economia 06 - Nidi/Jacqueline Bueno,TRIAGEM,HECON,C/E,Nidi/Jacqueline Bueno,,,False,False,ERRADO,críticas ao II PND não consensuais,,nenhuma,história econômica do Brasil (HECON),
ECO-E3-L00320-1,E3-L00320,1,E3,09 — 🤪 TPS Economia 06 - Nidi/Jacqueline Bueno,TRIAGEM,HECON,C/E,Nidi/Jacqueline Bueno,,,False,False,ERRADO,acordo com o FMI e cortes nas estatais (III PND),,nenhuma,história econômica do Brasil (HECON),
ECO-E3-L00321-1,E3-L00321,1,E3,09 — 🤪 TPS Economia 06 - Nidi/Jacqueline Bueno,TRIAGEM,HECON,C/E,Nidi/Jacqueline Bueno,,,False,True,ERRADO,produção agrícola nos anos 1920-30: café e algodão,,nenhuma,história econômica do Brasil (HECON),
ECO-E3-L00322-1,E3-L00322,1,E3,09 — 🤪 TPS Economia 06 - Nidi/Jacqueline Bueno,TRIAGEM,HECON,C/E,Nidi/Jacqueline Bueno,,,False,False,ERRADO,agricultura na industrialização restringida,,nenhuma,história econômica do Brasil (HECON),
ECO-E3-L00323-1,E3-L00323,1,E3,09 — 🤪 TPS Economia 06 - Nidi/Jacqueline Bueno,TRIAGEM,HECON,C/E,Nidi/Jacqueline Bueno,,,False,False,ERRADO,renda do setor primário na recessão dos anos 1980,,nenhuma,história econômica do Brasil (HECON),
ECO-E3-L00324-1,E3-L00324,1,E3,09 — 🤪 TPS Economia 06 - Nidi/Jacqueline Bueno,79,🏛️ Política comercial e OMC,C/E,Nidi/Jacqueline Bueno,,,False,False,CERTO,Rodada Uruguai: redução de subsídios e tetos tarifários,,nenhuma,,
ECO-E3-L00325-1,E3-L00325,1,E3,09 — 🤪 TPS Economia 06 - Nidi/Jacqueline Bueno,79,🧾 Tarifas,C/E,Nidi/Jacqueline Bueno,,,False,False,ERRADO,tarifas alteram o excedente do consumidor,,nenhuma,,
ECO-E3-L00326-1,E3-L00326,1,E3,09 — 🤪 TPS Economia 06 - Nidi/Jacqueline Bueno,79,🧾 Tarifas,C/E,Nidi/Jacqueline Bueno,,,False,False,CERTO,tarifa específica: valor fixo por unidade,,nenhuma,,
ECO-E3-L00327-1,E3-L00327,1,E3,09 — 🤪 TPS Economia 06 - Nidi/Jacqueline Bueno,79,🚫 Cotas e barreiras não tarifárias,C/E,Nidi/Jacqueline Bueno,,,False,False,CERTO,cota: peso morto sem compensação de arrecadação,,nenhuma,,
ECO-E3-L00328-1,E3-L00328,1,E3,09 — 🤪 TPS Economia 06 - Nidi/Jacqueline Bueno,79,🚫 Cotas e barreiras não tarifárias,C/E,Nidi/Jacqueline Bueno,,,False,False,ERRADO,cotas elevam o preço doméstico do produto importado,,nenhuma,,
ECO-E3-L00336-1,E3-L00336,1,E3,10 — 🤪 TPS Economia 07 - Nidi/Jacqueline Bueno,03,😊 Excedentes e eficiência,C/E,Nidi/Jacqueline Bueno,Simulado Dezembro/2024,2024,False,True,CERTO,preço marginal de reserva: disposição a pagar marginal,,nenhuma,,
ECO-E3-L00337-1,E3-L00337,1,E3,10 — 🤪 TPS Economia 07 - Nidi/Jacqueline Bueno,03,😊 Excedentes e eficiência,C/E,Nidi/Jacqueline Bueno,Simulado Dezembro/2024,2024,False,False,CERTO,definição de excedente do consumidor,,nenhuma,,
ECO-E3-L00338-1,E3-L00338,1,E3,10 — 🤪 TPS Economia 07 - Nidi/Jacqueline Bueno,03,😊 Excedentes e eficiência,C/E,Nidi/Jacqueline Bueno,Simulado Dezembro/2024,2024,False,False,ERRADO,queda de preço reduz excedente do produtor,,nenhuma,,
ECO-E3-L00339-1,E3-L00339,1,E3,10 — 🤪 TPS Economia 07 - Nidi/Jacqueline Bueno,03,😊 Excedentes e eficiência,C/E,Nidi/Jacqueline Bueno,Simulado Dezembro/2024,2024,False,False,ERRADO,excedente do produtor ≠ lucro (RT − CV),,nenhuma,,
ECO-E3-L00340-1,E3-L00340,1,E3,10 — 🤪 TPS Economia 07 - Nidi/Jacqueline Bueno,05,🗺️ Isoquantas e TMST,C/E,Nidi/Jacqueline Bueno,Simulado Dezembro/2024,2024,False,False,CERTO,TMST decrescente ao longo da isoquanta,,nenhuma,,
ECO-E3-L00341-1,E3-L00341,1,E3,10 — 🤪 TPS Economia 07 - Nidi/Jacqueline Bueno,06,⚖️ Isocusto e combinação ótima,C/E,Nidi/Jacqueline Bueno,Simulado Dezembro/2024,2024,False,False,CERTO,isocusto reta com preços de insumos dados,,nenhuma,,
ECO-E3-L00342-1,E3-L00342,1,E3,10 — 🤪 TPS Economia 07 - Nidi/Jacqueline Bueno,06,💰 Custos de curto prazo,C/E,Nidi/Jacqueline Bueno,Simulado Dezembro/2024,2024,False,False,CERTO,CMg abaixo do CMe reduz o custo médio,,nenhuma,,
ECO-E3-L00343-1,E3-L00343,1,E3,10 — 🤪 TPS Economia 07 - Nidi/Jacqueline Bueno,07-A,⏱️ Curto prazo: oferta da firma,C/E,Nidi/Jacqueline Bueno,Simulado Dezembro/2024,2024,False,False,CERTO,oferta de curto prazo: CMg acima do CVMe mínimo,,nenhuma,,
ECO-E3-L00344-1,E3-L00344,1,E3,10 — 🤪 TPS Economia 07 - Nidi/Jacqueline Bueno,35,🪙 Funções e agregados monetários,C/E,Nidi/Jacqueline Bueno,Simulado Dezembro/2024,2024,False,True,ERRADO,troca entre banco e BC não altera meios de pagamento,,nenhuma,,
ECO-E3-L00345-1,E3-L00345,1,E3,10 — 🤪 TPS Economia 07 - Nidi/Jacqueline Bueno,35,📊 Demanda por moeda,C/E,Nidi/Jacqueline Bueno,Simulado Dezembro/2024,2024,False,False,ERRADO,demanda por moeda cai com a taxa de juros,,nenhuma,,
ECO-E3-L00346-1,E3-L00346,1,E3,10 — 🤪 TPS Economia 07 - Nidi/Jacqueline Bueno,36,🏛️ Funções do Banco Central,C/E,Nidi/Jacqueline Bueno,Simulado Dezembro/2024,2024,False,False,CERTO,BC tem monopólio da emissão de papel-moeda,,nenhuma,,
ECO-E3-L00347-1,E3-L00347,1,E3,10 — 🤪 TPS Economia 07 - Nidi/Jacqueline Bueno,36,🛠️ Instrumentos de política monetária,C/E,Nidi/Jacqueline Bueno,Simulado Dezembro/2024,2024,False,True,ERRADO,conceito de redesconto: crédito do BC aos bancos,,nenhuma,,
ECO-E3-L00348-1,E3-L00348,1,E3,10 — 🤪 TPS Economia 07 - Nidi/Jacqueline Bueno,27,🏦 Política fiscal e monetária,C/E,Nidi/Jacqueline Bueno,Simulado Dezembro/2024,2024,False,False,ERRADO,"G maior e M menor: juros sobem, produto ambíguo",,nenhuma,,
ECO-E3-L00349-1,E3-L00349,1,E3,10 — 🤪 TPS Economia 07 - Nidi/Jacqueline Bueno,27,🏦 Política fiscal e monetária,C/E,Nidi/Jacqueline Bueno,Simulado Dezembro/2024,2024,False,False,CERTO,"T maior e M maior: juros caem, produto ambíguo",,nenhuma,,
ECO-E3-L00350-1,E3-L00350,1,E3,10 — 🤪 TPS Economia 07 - Nidi/Jacqueline Bueno,27,📈 Curva LM,C/E,Nidi/Jacqueline Bueno,Simulado Dezembro/2024,2024,False,False,CERTO,demanda por moeda sensível aos juros: LM mais horizontal,,nenhuma,,
ECO-E3-L00351-1,E3-L00351,1,E3,10 — 🤪 TPS Economia 07 - Nidi/Jacqueline Bueno,27,🏦 Política fiscal e monetária,C/E,Nidi/Jacqueline Bueno,Simulado Dezembro/2024,2024,False,False,ERRADO,investimento sensível aos juros amplia eficácia monetária,,nenhuma,,
ECO-E3-L00352-1,E3-L00352,1,E3,10 — 🤪 TPS Economia 07 - Nidi/Jacqueline Bueno,TRIAGEM,HECON,C/E,Nidi/Jacqueline Bueno,Simulado Dezembro/2024,2024,False,False,ERRADO,Primeira República: regime cambial não foi fixo todo o período,,nenhuma,história econômica do Brasil (HECON),
ECO-E3-L00353-1,E3-L00353,1,E3,10 — 🤪 TPS Economia 07 - Nidi/Jacqueline Bueno,TRIAGEM,HECON,C/E,Nidi/Jacqueline Bueno,Simulado Dezembro/2024,2024,False,True,CERTO,Primeira República: capital estrangeiro compensava receita comercial,,nenhuma,história econômica do Brasil (HECON),
ECO-E3-L00354-1,E3-L00354,1,E3,10 — 🤪 TPS Economia 07 - Nidi/Jacqueline Bueno,TRIAGEM,HECON,C/E,Nidi/Jacqueline Bueno,Simulado Dezembro/2024,2024,False,False,ERRADO,valorização do café e empréstimos externos,,nenhuma,história econômica do Brasil (HECON),
ECO-E3-L00355-1,E3-L00355,1,E3,10 — 🤪 TPS Economia 07 - Nidi/Jacqueline Bueno,TRIAGEM,HECON,C/E,Nidi/Jacqueline Bueno,Simulado Dezembro/2024,2024,False,False,ERRADO,"trabalho assalariado, demanda por moeda e padrão-ouro",,nenhuma,história econômica do Brasil (HECON),
ECO-E3-L00356-1,E3-L00356,1,E3,10 — 🤪 TPS Economia 07 - Nidi/Jacqueline Bueno,TRIAGEM,HECON,C/E,Nidi/Jacqueline Bueno,Simulado Dezembro/2024,2024,False,False,CERTO,II PND: ajuste pela oferta e superávits nos anos 1980,,nenhuma,história econômica do Brasil (HECON),
ECO-E3-L00357-1,E3-L00357,1,E3,10 — 🤪 TPS Economia 07 - Nidi/Jacqueline Bueno,TRIAGEM,HECON,C/E,Nidi/Jacqueline Bueno,Simulado Dezembro/2024,2024,False,False,CERTO,II PND: setores de estrangulamento estrutural,,nenhuma,história econômica do Brasil (HECON),
ECO-E3-L00358-1,E3-L00358,1,E3,10 — 🤪 TPS Economia 07 - Nidi/Jacqueline Bueno,TRIAGEM,HECON,C/E,Nidi/Jacqueline Bueno,Simulado Dezembro/2024,2024,False,False,CERTO,EPEA e Plano Decenal como antecedente do II PND,,nenhuma,história econômica do Brasil (HECON),
ECO-E3-L00359-1,E3-L00359,1,E3,10 — 🤪 TPS Economia 07 - Nidi/Jacqueline Bueno,TRIAGEM,HECON,C/E,Nidi/Jacqueline Bueno,Simulado Dezembro/2024,2024,False,True,CERTO,II PND: finalidade anticíclica do gasto público,,nenhuma,história econômica do Brasil (HECON),
ECO-E3-L00360-1,E3-L00360,1,E3,10 — 🤪 TPS Economia 07 - Nidi/Jacqueline Bueno,84,🌐 Conjuntura internacional,C/E,Nidi/Jacqueline Bueno,Simulado Dezembro/2024,2024,False,False,CERTO,acordo Mercosul-UE: retomada em 2019 e rodadas recentes,,nenhuma,,
ECO-E3-L00361-1,E3-L00361,1,E3,10 — 🤪 TPS Economia 07 - Nidi/Jacqueline Bueno,79,💰 Subsídios e defesa comercial,C/E,Nidi/Jacqueline Bueno,Simulado Dezembro/2024,2024,False,True,ERRADO,acordo Mercosul-UE preserva antidumping e compensatórias,,nenhuma,,
ECO-E3-L00362-1,E3-L00362,1,E3,10 — 🤪 TPS Economia 07 - Nidi/Jacqueline Bueno,84,🌐 Conjuntura internacional,C/E,Nidi/Jacqueline Bueno,Simulado Dezembro/2024,2024,False,False,ERRADO,acordo Mercosul-UE: medidas sanitárias facilitam acesso,,nenhuma,,
ECO-E3-L00363-1,E3-L00363,1,E3,10 — 🤪 TPS Economia 07 - Nidi/Jacqueline Bueno,84,🌐 Conjuntura internacional,C/E,Nidi/Jacqueline Bueno,Simulado Dezembro/2024,2024,False,False,CERTO,acordo Mercosul-UE: conclusão sem efeitos jurídicos imediatos,,nenhuma,,
ECO-E3-L00371-1,E3-L00371,1,E3,11 — 🤪 TPS Economia 09 - Nidi/Jacqueline Bueno,04,🧠 Preferências e axiomas,C/E,Nidi/Jacqueline Bueno,Simulado Novembro/2024,2024,False,True,ERRADO,"mais é melhor: só a monotonicidade, não a completude",,nenhuma,,
ECO-E3-L00372-1,E3-L00372,1,E3,11 — 🤪 TPS Economia 09 - Nidi/Jacqueline Bueno,04,🎯 Utilidade e curvas de indiferença,C/E,Nidi/Jacqueline Bueno,Simulado Novembro/2024,2024,False,False,ERRADO,utilidade marginal decrescente sem relação com renda excedente,,nenhuma,,
ECO-E3-L00373-1,E3-L00373,1,E3,11 — 🤪 TPS Economia 09 - Nidi/Jacqueline Bueno,04,🎯 Utilidade e curvas de indiferença,C/E,Nidi/Jacqueline Bueno,Simulado Novembro/2024,2024,False,False,CERTO,ponto de saciedade: utilidade marginal nula,,nenhuma,,
ECO-E3-L00374-1,E3-L00374,1,E3,11 — 🤪 TPS Economia 09 - Nidi/Jacqueline Bueno,04,📊 Demanda individual e de mercado,C/E,Nidi/Jacqueline Bueno,Simulado Novembro/2024,2024,False,False,ERRADO,utilidade marginal negativa não gera demanda crescente,,nenhuma,,
ECO-E3-L00375-1,E3-L00375,1,E3,11 — 🤪 TPS Economia 09 - Nidi/Jacqueline Bueno,01,🏷️ Classificação dos bens,C/E,Nidi/Jacqueline Bueno,Simulado Novembro/2024,2024,False,False,ERRADO,bens de Veblen são exceção à lei da demanda,,nenhuma,,
ECO-E3-L00376-1,E3-L00376,1,E3,11 — 🤪 TPS Economia 09 - Nidi/Jacqueline Bueno,01,📈 Demanda: determinantes e deslocamentos,C/E,Nidi/Jacqueline Bueno,Simulado Novembro/2024,2024,False,False,CERTO,aumento de renda desloca a demanda de bem normal,,nenhuma,,
ECO-E3-L00377-1,E3-L00377,1,E3,11 — 🤪 TPS Economia 09 - Nidi/Jacqueline Bueno,01,📈 Demanda: determinantes e deslocamentos,C/E,Nidi/Jacqueline Bueno,Simulado Novembro/2024,2024,False,False,CERTO,queda de preço do complementar desloca demanda à direita,,nenhuma,,
ECO-E3-L00378-1,E3-L00378,1,E3,11 — 🤪 TPS Economia 09 - Nidi/Jacqueline Bueno,01,📈 Demanda: determinantes e deslocamentos,C/E,Nidi/Jacqueline Bueno,Simulado Novembro/2024,2024,False,False,ERRADO,preço do substituto desloca a curva de demanda,,nenhuma,,
ECO-E3-L00379-1,E3-L00379,1,E3,11 — 🤪 TPS Economia 09 - Nidi/Jacqueline Bueno,29,🔮 Expectativas e NAIRU,C/E,Nidi/Jacqueline Bueno,Simulado Novembro/2024,2024,False,False,ERRADO,Phillips vertical: políticas não afetam o produto,,nenhuma,,
ECO-E3-L00380-1,E3-L00380,1,E3,11 — 🤪 TPS Economia 09 - Nidi/Jacqueline Bueno,56,⚙️ Estado estacionário,C/E,Nidi/Jacqueline Bueno,Simulado Novembro/2024,2024,False,False,ERRADO,Solow: poupança não eleva crescimento permanentemente,,nenhuma,,
ECO-E3-L00381-1,E3-L00381,1,E3,11 — 🤪 TPS Economia 09 - Nidi/Jacqueline Bueno,56,"👥 População, tecnologia e convergência",C/E,Nidi/Jacqueline Bueno,Simulado Novembro/2024,2024,False,False,CERTO,"Solow: convergência condicional, tecnologia exógena",,nenhuma,,
ECO-E3-L00382-1,E3-L00382,1,E3,11 — 🤪 TPS Economia 09 - Nidi/Jacqueline Bueno,85,🧭 Diagnósticos em disputa,C/E,Nidi/Jacqueline Bueno,Simulado Novembro/2024,2024,False,False,CERTO,desindustrialização brasileira e doença holandesa,E1-0489,nenhuma,,
ECO-E3-L00383-1,E3-L00383,1,E3,11 — 🤪 TPS Economia 09 - Nidi/Jacqueline Bueno,19,💰 Resultados fiscais (NFSP),C/E,Nidi/Jacqueline Bueno,Simulado Novembro/2024,2024,False,False,CERTO,resultado acima da linha: receitas e despesas primárias,,nenhuma,,
ECO-E3-L00384-1,E3-L00384,1,E3,11 — 🤪 TPS Economia 09 - Nidi/Jacqueline Bueno,47,🔮 Equivalência ricardiana,C/E,Nidi/Jacqueline Bueno,Simulado Novembro/2024,2024,False,False,CERTO,equivalência ricardiana: neutralidade da política fiscal,,nenhuma,,
ECO-E3-L00385-1,E3-L00385,1,E3,11 — 🤪 TPS Economia 09 - Nidi/Jacqueline Bueno,47,📊 Política fiscal e multiplicadores,C/E,Nidi/Jacqueline Bueno,Simulado Novembro/2024,2024,False,True,ERRADO,crowding out: redução do investimento privado,,nenhuma,,
ECO-E3-L00386-1,E3-L00386,1,E3,11 — 🤪 TPS Economia 09 - Nidi/Jacqueline Bueno,39,🐉 Dominância fiscal,C/E,Nidi/Jacqueline Bueno,Simulado Novembro/2024,2024,False,False,ERRADO,interdependência entre políticas fiscal e monetária,,nenhuma,,
ECO-E3-L00387-1,E3-L00387,1,E3,11 — 🤪 TPS Economia 09 - Nidi/Jacqueline Bueno,TRIAGEM,HECON,C/E,Nidi/Jacqueline Bueno,Simulado Novembro/2024,2024,False,False,CERTO,território e escravidão na inserção externa colonial,,nenhuma,história econômica do Brasil (HECON),
ECO-E3-L00388-1,E3-L00388,1,E3,11 — 🤪 TPS Economia 09 - Nidi/Jacqueline Bueno,TRIAGEM,HECON,C/E,Nidi/Jacqueline Bueno,Simulado Novembro/2024,2024,False,False,ERRADO,falta de integração regional no século XIX,,nenhuma,história econômica do Brasil (HECON),
ECO-E3-L00389-1,E3-L00389,1,E3,11 — 🤪 TPS Economia 09 - Nidi/Jacqueline Bueno,TRIAGEM,HECON,C/E,Nidi/Jacqueline Bueno,Simulado Novembro/2024,2024,False,False,CERTO,regimes monetários do Império: emissão estatal após 1866,,nenhuma,história econômica do Brasil (HECON),
ECO-E3-L00390-1,E3-L00390,1,E3,11 — 🤪 TPS Economia 09 - Nidi/Jacqueline Bueno,TRIAGEM,HECON,C/E,Nidi/Jacqueline Bueno,Simulado Novembro/2024,2024,False,False,ERRADO,algodão dependente de fatores externos no Império,,nenhuma,história econômica do Brasil (HECON),
ECO-E3-L00391-1,E3-L00391,1,E3,11 — 🤪 TPS Economia 09 - Nidi/Jacqueline Bueno,TRIAGEM,HECON,C/E,Nidi/Jacqueline Bueno,Simulado Novembro/2024,2024,False,False,ERRADO,Primeira República: câmbio afetava situação fiscal,,nenhuma,história econômica do Brasil (HECON),
ECO-E3-L00392-1,E3-L00392,1,E3,11 — 🤪 TPS Economia 09 - Nidi/Jacqueline Bueno,TRIAGEM,HECON,C/E,Nidi/Jacqueline Bueno,Simulado Novembro/2024,2024,False,False,CERTO,governo Dutra: condicionantes da política fiscal,,nenhuma,história econômica do Brasil (HECON),
ECO-E3-L00393-1,E3-L00393,1,E3,11 — 🤪 TPS Economia 09 - Nidi/Jacqueline Bueno,TRIAGEM,HECON,C/E,Nidi/Jacqueline Bueno,Simulado Novembro/2024,2024,False,False,CERTO,JK: política fiscal e monetária expansionistas no Plano de Metas,,nenhuma,história econômica do Brasil (HECON),
ECO-E3-L00394-1,E3-L00394,1,E3,11 — 🤪 TPS Economia 09 - Nidi/Jacqueline Bueno,TRIAGEM,HECON,C/E,Nidi/Jacqueline Bueno,Simulado Novembro/2024,2024,False,False,ERRADO,década perdida: fatores externos e crise fiscal,,nenhuma,história econômica do Brasil (HECON),
ECO-E3-L00395-1,E3-L00395,1,E3,11 — 🤪 TPS Economia 09 - Nidi/Jacqueline Bueno,79,🚫 Cotas e barreiras não tarifárias,C/E,Nidi/Jacqueline Bueno,Simulado Novembro/2024,2024,False,False,CERTO,acordos regionais e normas técnicas como barreiras não tarifárias,,nenhuma,,
ECO-E3-L00396-1,E3-L00396,1,E3,11 — 🤪 TPS Economia 09 - Nidi/Jacqueline Bueno,79,🚫 Cotas e barreiras não tarifárias,C/E,Nidi/Jacqueline Bueno,Simulado Novembro/2024,2024,False,False,ERRADO,normas técnicas dificultam acesso de países em desenvolvimento,,nenhuma,,
ECO-E3-L00397-1,E3-L00397,1,E3,11 — 🤪 TPS Economia 09 - Nidi/Jacqueline Bueno,79,💰 Subsídios e defesa comercial,C/E,Nidi/Jacqueline Bueno,Simulado Novembro/2024,2024,False,False,CERTO,subsídios à exportação geram disputas e medidas compensatórias,,nenhuma,,
ECO-E3-L00398-1,E3-L00398,1,E3,11 — 🤪 TPS Economia 09 - Nidi/Jacqueline Bueno,79,🧾 Tarifas,C/E,Nidi/Jacqueline Bueno,Simulado Novembro/2024,2024,False,False,ERRADO,tarifa prejudica consumidores e gera peso morto,,nenhuma,,
ECO-E3-L00406-1,E3-L00406,1,E3,12 — 🤪 TPS Economia 10 - Nidi/Jacqueline Bueno,05,🗺️ Isoquantas e TMST,C/E,Nidi/Jacqueline Bueno,Outubro/2024,2024,False,False,CERTO,TMS do consumidor análoga à TMST do produtor,,nenhuma,,
ECO-E3-L00407-1,E3-L00407,1,E3,12 — 🤪 TPS Economia 10 - Nidi/Jacqueline Bueno,05,🗺️ Isoquantas e TMST,C/E,Nidi/Jacqueline Bueno,Outubro/2024,2024,False,True,ERRADO,"produtor usa isoquantas, não curvas de indiferença",,nenhuma,,
ECO-E3-L00408-1,E3-L00408,1,E3,12 — 🤪 TPS Economia 10 - Nidi/Jacqueline Bueno,04,⚖️ Escolha ótima do consumidor,C/E,Nidi/Jacqueline Bueno,Outubro/2024,2024,False,True,CERTO,TMS e TMST igualam preços relativos no ótimo,,nenhuma,,
ECO-E3-L00409-1,E3-L00409,1,E3,12 — 🤪 TPS Economia 10 - Nidi/Jacqueline Bueno,05,🏭 Função de produção e curto prazo,C/E,Nidi/Jacqueline Bueno,Outubro/2024,2024,False,True,CERTO,transitividade do consumidor e contraparte no produtor,,nenhuma,,
ECO-E3-L00410-1,E3-L00410,1,E3,12 — 🤪 TPS Economia 10 - Nidi/Jacqueline Bueno,12,🏛️ Falhas de governo e regulação,C/E,Nidi/Jacqueline Bueno,Outubro/2024,2024,False,False,CERTO,Estado corrige falhas de mercado via regulação e incentivos,,nenhuma,,
ECO-E3-L00411-1,E3-L00411,1,E3,12 — 🤪 TPS Economia 10 - Nidi/Jacqueline Bueno,08,🏛️ Monopólio natural e regulação,C/E,Nidi/Jacqueline Bueno,Outubro/2024,2024,False,False,ERRADO,monopólio natural exige regulação estatal,,nenhuma,,
ECO-E3-L00412-1,E3-L00412,1,E3,12 — 🤪 TPS Economia 10 - Nidi/Jacqueline Bueno,10,📏 Concentração e outras teorias,C/E,Nidi/Jacqueline Bueno,Outubro/2024,2024,False,True,CERTO,oligopólios e externalidades positivas da inovação,,nenhuma,,
ECO-E3-L00413-1,E3-L00413,1,E3,12 — 🤪 TPS Economia 10 - Nidi/Jacqueline Bueno,10,📏 Concentração e outras teorias,C/E,Nidi/Jacqueline Bueno,Outubro/2024,2024,False,True,ERRADO,oligopólios não necessariamente impedem externalidades positivas,,nenhuma,,
ECO-E3-L00414-1,E3-L00414,1,E3,12 — 🤪 TPS Economia 10 - Nidi/Jacqueline Bueno,17,"📏 PIB, PNB, RNB e conceitos derivados",C/E,Nidi/Jacqueline Bueno,Outubro/2024,2024,False,True,ERRADO,renda nacional não inclui transferências governamentais,,nenhuma,,
ECO-E3-L00415-1,E3-L00415,1,E3,12 — 🤪 TPS Economia 10 - Nidi/Jacqueline Bueno,17,💲 Preços de mercado × custo de fatores,C/E,Nidi/Jacqueline Bueno,Outubro/2024,2024,False,True,ERRADO,PIB pm = preços básicos + impostos − subsídios,,nenhuma,,
ECO-E3-L00416-1,E3-L00416,1,E3,12 — 🤪 TPS Economia 10 - Nidi/Jacqueline Bueno,17,🔄 Identidades e óticas do produto,C/E,Nidi/Jacqueline Bueno,Outubro/2024,2024,False,False,CERTO,PIB exclui bens intermediários (dupla contagem),,nenhuma,,
ECO-E3-L00417-1,E3-L00417,1,E3,12 — 🤪 TPS Economia 10 - Nidi/Jacqueline Bueno,17,🔄 Identidades e óticas do produto,C/E,Nidi/Jacqueline Bueno,Outubro/2024,2024,False,False,CERTO,valor agregado corresponde à remuneração dos fatores,,nenhuma,,
ECO-E3-L00418-1,E3-L00418,1,E3,12 — 🤪 TPS Economia 10 - Nidi/Jacqueline Bueno,67,📘 Reservas e intervenção,C/E,Nidi/Jacqueline Bueno,Outubro/2024,2024,False,False,ERRADO,desvalorização cambial não expande base monetária automaticamente,,nenhuma,,
ECO-E3-L00419-1,E3-L00419,1,E3,12 — 🤪 TPS Economia 10 - Nidi/Jacqueline Bueno,36,🛠️ Instrumentos de política monetária,C/E,Nidi/Jacqueline Bueno,Outubro/2024,2024,False,True,CERTO,open market aproxima taxa de mercado da Selic meta,,nenhuma,,
ECO-E3-L00420-1,E3-L00420,1,E3,12 — 🤪 TPS Economia 10 - Nidi/Jacqueline Bueno,67,📘 Reservas e intervenção,C/E,Nidi/Jacqueline Bueno,Outubro/2024,2024,False,False,CERTO,compra de dólares pelo BC expande a base monetária,,nenhuma,,
ECO-E3-L00421-1,E3-L00421,1,E3,12 — 🤪 TPS Economia 10 - Nidi/Jacqueline Bueno,36,🛠️ Instrumentos de política monetária,C/E,Nidi/Jacqueline Bueno,Outubro/2024,2024,False,False,ERRADO,venda de títulos reduz a liquidez bancária,,nenhuma,,
ECO-E3-L00422-1,E3-L00422,1,E3,12 — 🤪 TPS Economia 10 - Nidi/Jacqueline Bueno,TRIAGEM,HECON,C/E,Nidi/Jacqueline Bueno,Outubro/2024,2024,False,False,CERTO,Plano Trienal e PAEG: déficit público e inflação,,nenhuma,história econômica do Brasil (HECON),
ECO-E3-L00423-1,E3-L00423,1,E3,12 — 🤪 TPS Economia 10 - Nidi/Jacqueline Bueno,TRIAGEM,HECON,C/E,Nidi/Jacqueline Bueno,Outubro/2024,2024,False,False,CERTO,Plano Trienal estruturalista × PAEG e política salarial,,nenhuma,história econômica do Brasil (HECON),
ECO-E3-L00424-1,E3-L00424,1,E3,12 — 🤪 TPS Economia 10 - Nidi/Jacqueline Bueno,TRIAGEM,HECON,C/E,Nidi/Jacqueline Bueno,Outubro/2024,2024,False,False,CERTO,PAEG: reformas tributária e de mercado de títulos,,nenhuma,história econômica do Brasil (HECON),
ECO-E3-L00425-1,E3-L00425,1,E3,12 — 🤪 TPS Economia 10 - Nidi/Jacqueline Bueno,TRIAGEM,HECON,C/E,Nidi/Jacqueline Bueno,Outubro/2024,2024,False,False,ERRADO,oscilações do crescimento 1960-1967: causas econômicas,,nenhuma,história econômica do Brasil (HECON),
ECO-E3-L00426-1,E3-L00426,1,E3,12 — 🤪 TPS Economia 10 - Nidi/Jacqueline Bueno,TRIAGEM,HECON,C/E,Nidi/Jacqueline Bueno,Outubro/2024,2024,False,False,ERRADO,Primeira República: renda concentrada no setor exportador,,nenhuma,história econômica do Brasil (HECON),
ECO-E3-L00427-1,E3-L00427,1,E3,12 — 🤪 TPS Economia 10 - Nidi/Jacqueline Bueno,TRIAGEM,HECON,C/E,Nidi/Jacqueline Bueno,Outubro/2024,2024,False,True,ERRADO,crise de 1929: desvalorização protegeu a indústria (ISI),,nenhuma,história econômica do Brasil (HECON),
ECO-E3-L00428-1,E3-L00428,1,E3,12 — 🤪 TPS Economia 10 - Nidi/Jacqueline Bueno,TRIAGEM,HECON,C/E,Nidi/Jacqueline Bueno,Outubro/2024,2024,False,True,ERRADO,valorização do café não garantiu estabilidade externa,,nenhuma,história econômica do Brasil (HECON),
ECO-E3-L00429-1,E3-L00429,1,E3,12 — 🤪 TPS Economia 10 - Nidi/Jacqueline Bueno,TRIAGEM,HECON,C/E,Nidi/Jacqueline Bueno,Outubro/2024,2024,False,False,CERTO,Furtado: deslocamento do centro dinâmico,,nenhuma,história econômica do Brasil (HECON),
ECO-E3-L00430-1,E3-L00430,1,E3,12 — 🤪 TPS Economia 10 - Nidi/Jacqueline Bueno,75,🔬 Novas teorias do comércio,C/E,Nidi/Jacqueline Bueno,Outubro/2024,2024,False,False,CERTO,Krugman 1979: variedade sem necessária queda de preços,,nenhuma,,
ECO-E3-L00431-1,E3-L00431,1,E3,12 — 🤪 TPS Economia 10 - Nidi/Jacqueline Bueno,73,🧪 Heckscher-Ohlin e teoremas,C/E,Nidi/Jacqueline Bueno,Outubro/2024,2024,False,False,CERTO,Stolper-Samuelson: abertura beneficia fator abundante,,nenhuma,,
ECO-E3-L00432-1,E3-L00432,1,E3,12 — 🤪 TPS Economia 10 - Nidi/Jacqueline Bueno,79,🧾 Tarifas,C/E,Nidi/Jacqueline Bueno,Outubro/2024,2024,False,True,ERRADO,tarifa ótima × modelo gravitacional e bem-estar,,nenhuma,,
ECO-E3-L00433-1,E3-L00433,1,E3,12 — 🤪 TPS Economia 10 - Nidi/Jacqueline Bueno,73,🧪 Heckscher-Ohlin e teoremas,C/E,Nidi/Jacqueline Bueno,Outubro/2024,2024,False,True,ERRADO,H-O original não implica equalização completa de preços dos fatores,,nenhuma,,
ECO-E3-L00441-1,E3-L00441,1,E3,13 — 🤪 TPS Economia 11 - Nidi/Jacqueline Bueno,35,🏦 Criação de moeda e multiplicador,C/E,Nidi/Jacqueline Bueno,Fevereiro/2026,2026,False,True,CERTO,compulsório maior com base ampliada não altera M1,,nenhuma,,
ECO-E3-L00442-1,E3-L00442,1,E3,13 — 🤪 TPS Economia 11 - Nidi/Jacqueline Bueno,36,🛠️ Instrumentos de política monetária,C/E,Nidi/Jacqueline Bueno,Fevereiro/2026,2026,False,False,CERTO,taxa de redesconto como teto do mercado de reservas,,nenhuma,,
ECO-E3-L00443-1,E3-L00443,1,E3,13 — 🤪 TPS Economia 11 - Nidi/Jacqueline Bueno,35,🏦 Criação de moeda e multiplicador,C/E,Nidi/Jacqueline Bueno,Fevereiro/2026,2026,False,False,ERRADO,maior retenção de moeda pelo público reduz o multiplicador,,nenhuma,,
ECO-E3-L00444-1,E3-L00444,1,E3,13 — 🤪 TPS Economia 11 - Nidi/Jacqueline Bueno,35,🪙 Funções e agregados monetários,C/E,Nidi/Jacqueline Bueno,Fevereiro/2026,2026,False,False,ERRADO,depósito à vista não destrói meios de pagamento,,nenhuma,,
ECO-E3-L00445-1,E3-L00445,1,E3,13 — 🤪 TPS Economia 11 - Nidi/Jacqueline Bueno,36,🛠️ Instrumentos de política monetária,C/E,Nidi/Jacqueline Bueno,Fevereiro/2026,2026,False,True,CERTO,compra de títulos amplia ativo e passivo do BC,,nenhuma,,
ECO-E3-L00446-1,E3-L00446,1,E3,13 — 🤪 TPS Economia 11 - Nidi/Jacqueline Bueno,56,⚙️ Estado estacionário,C/E,Nidi/Jacqueline Bueno,Fevereiro/2026,2026,False,True,ERRADO,Solow: maior depreciação eleva retorno do capital,,nenhuma,,
ECO-E3-L00447-1,E3-L00447,1,E3,13 — 🤪 TPS Economia 11 - Nidi/Jacqueline Bueno,56,🥇 Regra de ouro,C/E,Nidi/Jacqueline Bueno,Fevereiro/2026,2026,False,True,ERRADO,acima da regra de ouro: efeito do crescimento populacional,,nenhuma,,
ECO-E3-L00448-1,E3-L00448,1,E3,13 — 🤪 TPS Economia 11 - Nidi/Jacqueline Bueno,57,💡 Teorias do crescimento,C/E,Nidi/Jacqueline Bueno,Fevereiro/2026,2026,False,False,ERRADO,crescimento endógeno não se baseia em poupança externa,,nenhuma,,
ECO-E3-L00449-1,E3-L00449,1,E3,13 — 🤪 TPS Economia 11 - Nidi/Jacqueline Bueno,57,💡 Teorias do crescimento,C/E,Nidi/Jacqueline Bueno,Fevereiro/2026,2026,False,False,CERTO,crescimento endógeno: capital humano e conhecimento,,nenhuma,,
ECO-E3-L00450-1,E3-L00450,1,E3,13 — 🤪 TPS Economia 11 - Nidi/Jacqueline Bueno,04-A,📉 Curva renda-consumo e Engel,C/E,Nidi/Jacqueline Bueno,Fevereiro/2026,2026,False,False,CERTO,agregação de Engel: nem todos os bens podem ser inferiores,,nenhuma,,
ECO-E3-L00451-1,E3-L00451,1,E3,13 — 🤪 TPS Economia 11 - Nidi/Jacqueline Bueno,02,"💰 Elasticidade, receita e gasto",C/E,Nidi/Jacqueline Bueno,Fevereiro/2026,2026,False,False,ERRADO,bem essencial inelástico: reduzir oferta eleva receita,E1-0085,nenhuma,,
ECO-E3-L00452-1,E3-L00452,1,E3,13 — 🤪 TPS Economia 11 - Nidi/Jacqueline Bueno,02,🏭 Elasticidade da oferta,C/E,Nidi/Jacqueline Bueno,Fevereiro/2026,2026,False,False,CERTO,oferta inelástica: demanda determina o preço,,nenhuma,,
ECO-E3-L00453-1,E3-L00453,1,E3,13 — 🤪 TPS Economia 11 - Nidi/Jacqueline Bueno,TRIAGEM,HECON,C/E,Nidi/Jacqueline Bueno,Fevereiro/2026,2026,False,False,ERRADO,Comissão Mista Brasil-EUA não foi do Estado Novo,,nenhuma,história econômica do Brasil (HECON),
ECO-E3-L00454-1,E3-L00454,1,E3,13 — 🤪 TPS Economia 11 - Nidi/Jacqueline Bueno,TRIAGEM,HECON,C/E,Nidi/Jacqueline Bueno,Fevereiro/2026,2026,False,False,CERTO,Plano de Metas: estatais e metas para o setor privado,,nenhuma,história econômica do Brasil (HECON),
ECO-E3-L00455-1,E3-L00455,1,E3,13 — 🤪 TPS Economia 11 - Nidi/Jacqueline Bueno,TRIAGEM,HECON,C/E,Nidi/Jacqueline Bueno,Fevereiro/2026,2026,False,False,CERTO,"Café Filho, Gudin e financiamento norte-americano",,nenhuma,história econômica do Brasil (HECON),
ECO-E3-L00456-1,E3-L00456,1,E3,13 — 🤪 TPS Economia 11 - Nidi/Jacqueline Bueno,TRIAGEM,HECON,C/E,Nidi/Jacqueline Bueno,Fevereiro/2026,2026,False,False,CERTO,estatais endividadas em moeda externa nos anos 1980,,nenhuma,história econômica do Brasil (HECON),
ECO-E3-L00457-1,E3-L00457,1,E3,13 — 🤪 TPS Economia 11 - Nidi/Jacqueline Bueno,19,💰 Resultados fiscais (NFSP),C/E,Nidi/Jacqueline Bueno,Fevereiro/2026,2026,False,False,ERRADO,"metas de 1999 eram de superávit primário, não nominal",,nenhuma,,
ECO-E3-L00458-1,E3-L00458,1,E3,13 — 🤪 TPS Economia 11 - Nidi/Jacqueline Bueno,TRIAGEM,HECON,C/E,Nidi/Jacqueline Bueno,Fevereiro/2026,2026,False,False,ERRADO,licenças de importação de 1948 com prioridades setoriais,,nenhuma,história econômica do Brasil (HECON),
ECO-E3-L00459-1,E3-L00459,1,E3,13 — 🤪 TPS Economia 11 - Nidi/Jacqueline Bueno,TRIAGEM,HECON,C/E,Nidi/Jacqueline Bueno,Fevereiro/2026,2026,False,True,ERRADO,"Instrução 70 da SUMOC: leilões de câmbio, fim do licenciamento",,nenhuma,história econômica do Brasil (HECON),
ECO-E3-L00460-1,E3-L00460,1,E3,13 — 🤪 TPS Economia 11 - Nidi/Jacqueline Bueno,TRIAGEM,HECON,C/E,Nidi/Jacqueline Bueno,Fevereiro/2026,2026,False,False,ERRADO,Instrução 113 da SUMOC: importação sem cobertura cambial,,nenhuma,história econômica do Brasil (HECON),
ECO-E3-L00461-1,E3-L00461,1,E3,13 — 🤪 TPS Economia 11 - Nidi/Jacqueline Bueno,TRIAGEM,HECON,C/E,Nidi/Jacqueline Bueno,Fevereiro/2026,2026,False,False,CERTO,reforma cambial e tarifária de 1957: similar nacional,,nenhuma,história econômica do Brasil (HECON),
ECO-E3-L00462-1,E3-L00462,1,E3,13 — 🤪 TPS Economia 11 - Nidi/Jacqueline Bueno,TRIAGEM,HECON,C/E,Nidi/Jacqueline Bueno,Fevereiro/2026,2026,False,False,CERTO,Lei de Remessa de Lucros de 1962: limite de 10%,,nenhuma,história econômica do Brasil (HECON),
ECO-E3-L00463-1,E3-L00463,1,E3,13 — 🤪 TPS Economia 11 - Nidi/Jacqueline Bueno,TRIAGEM,HECON,DISC,Nidi/Jacqueline Bueno,Fevereiro/2026,2026,False,False,RESPOSTA,linha do tempo da Lei de Remessa de Lucros,,nenhuma,história econômica do Brasil (HECON),pergunta discursiva pessoal
ECO-E3-L00464-1,E3-L00464,1,E3,13 — 🤪 TPS Economia 11 - Nidi/Jacqueline Bueno,79,🚫 Cotas e barreiras não tarifárias,C/E,Nidi/Jacqueline Bueno,Fevereiro/2026,2026,False,False,ERRADO,quotas não são preferíveis a tarifas; incidência tarifária,,nenhuma,,
ECO-E3-L00465-1,E3-L00465,1,E3,13 — 🤪 TPS Economia 11 - Nidi/Jacqueline Bueno,73,⛵ Vantagens absolutas e comparativas,C/E,Nidi/Jacqueline Bueno,Fevereiro/2026,2026,False,False,CERTO,clássicos: produtividade do trabalho; neoclássicos: dotação,,nenhuma,,
ECO-E3-L00466-1,E3-L00466,1,E3,13 — 🤪 TPS Economia 11 - Nidi/Jacqueline Bueno,70,🌊 Câmbio flutuante,C/E,Nidi/Jacqueline Bueno,Fevereiro/2026,2026,False,True,ERRADO,tarifa com câmbio flexível e mobilidade: sem efeito na balança,E1-0933,nenhuma,,
ECO-E3-L00467-1,E3-L00467,1,E3,13 — 🤪 TPS Economia 11 - Nidi/Jacqueline Bueno,79,🏛️ Política comercial e OMC,C/E,Nidi/Jacqueline Bueno,Fevereiro/2026,2026,False,False,ERRADO,acordos regionais compatíveis com OMC (artigo XXIV),E1-0904,nenhuma,,
